,0,1,2,3,4,5,6,7,8,9,10,11,12,13,14,15,16
0,1,2,3,4,5,6,7,8,9,10,11,12,13,14,15,16,17
1,1,2,3,4,5,6,7,8,9,10,11,12,13,14,15,16,17
2,1,2,3,4,5,6,7,8,9,10,11,12,13,14,15,16,17
3,1,2,3,4,5,6,7,8,9,10,11,12,13,14,15,16,17
4,1,2,3,4,5,6,7,8,9,10,11,12,13,14,15,16,17
5,1,2,3,4,5,6,7,8,9,10,11,12,13,14,15,16,17
6,1,2,3,4,5,6,7,8,9,10,11,12,13,14,15,16,17
7,1,2,3,4,5,6,7,8,9,10,11,12,13,14,15,16,17
8,1,2,3,4,5,6,7,8,9,10,11,12,13,14,15,16,17
9,1,2,3,4,5,6,7,8,9,10,11,12,13,14,15,16,17
10,1,2,3,4,5,6,7,8,9,10,11,12,13,14,15,16,17
11,1,2,3,4,5,6,7,8,9,10,11,12,13,14,15,16,17
12,1,2,3,4,5,6,7,8,9,10,11,12,13,14,15,16,17
13,3,2,3,4,5,8,7,8,9,8,11,12,8,14,8,16,17
14,1,2,3,4,5,6,7,8,9,10,11,12,13,14,15,16,17
15,1,2,3,4,5,6,7,8,9,10,11,12,13,14,15,16,17
16,1,2,3,4,5,6,7,8,9,10,11,12,13,14,15,16,17
17,1,2,3,4,5,6,7,8,9,10,11,12,13,14,15,16,17
18,1,2,3,4,5,6,7,8,9,10,11,12,13,14,15,16,17
19,1,2,3,4,5,6,7,8,9,10,11,3,13,14,15,16,17
20,1,1,3,11,11,12,13,15,15,16,11,12,13,17,15,16,17
21,1,2,3,4,5,6,7,8,9,10,11,12,13,14,15,16,17
22,1,2,3,4,5,6,7,8,9,10,11,12,13,14,15,16,17
23,1,2,3,4,5,6,7,8,9,10,11,12,13,14,15,16,17
24,1,2,3,4,5,6,7,8,9,10,11,12,13,14,15,16,17
25,1,2,3,4,5,6,7,8,9,10,11,12,13,14,15,16,17
26,1,2,3,4,5,6,7,8,9,10,11,12,13,14,15,16,17
27,1,2,3,4,5,6,7,8,9,10,11,12,13,14,15,16,17
28,1,2,3,4,5,6,7,8,9,10,11,12,13,14,15,16,17
29,1,2,3,4,5,6,7,8,9,10,11,12,13,14,15,16,17
30,1,2,3,4,5,6,7,8,9,10,11,12,13,14,15,16,17
31,1,2,3,4,5,6,7,8,9,10,11,12,13,14,15,16,17
32,1,2,3,4,5,6,7,8,9,10,11,12,13,14,15,16,17
33,1,2,3,4,5,6,7,8,9,10,11,12,13,14,15,16,17
34,1,2,13,4,5,6,7,8,9,10,11,12,13,14,15,16,17
35,1,1,9,11,13,14,7,16,9,10,11,12,13,14,15,16,17
36,1,1,11,12,13,14,14,15,16,17,11,12,13,14,15,16,17
37,1,1,11,12,13,14,15,16,16,17,11,12,13,14,15,16,17
38,1,8,10,12,15,17,7,8,9,10,11,12,13,14,15,16,17
39,1,2,3,4,5,6,7,8,9,10,11,12,13,14,15,16,17
40,1,2,3,4,5,6,7,8,9,10,11,12,13,14,15,16,17
41,1,2,3,4,5,6,7,8,9,10,11,12,13,14,15,16,17
42,1,2,3,4,5,6,7,8,9,10,11,12,13,14,15,16,17
43,1,2,3,4,5,6,7,8,9,10,11,12,13,14,15,16,17
44,1,2,3,4,5,6,7,8,9,10,11,12,13,14,15,16,17
45,1,9,16,4,5,6,7,8,9,10,11,12,13,14,15,16,17
46,1,2,3,4,5,6,7,8,9,10,11,12,13,14,15,16,17
47,1,2,3,4,5,6,7,8,9,10,11,12,13,14,15,16,17
48,1,2,3,4,5,6,7,8,9,10,11,12,13,14,15,16,17
49,1,2,3,4,5,6,7,8,9,10,11,12,13,14,15,16,17
50,1,2,3,4,5,6,7,8,9,10,11,12,13,14,15,16,17
51,1,2,3,4,5,6,7,8,9,10,11,12,13,14,15,16,17
52,1,2,3,4,5,6,7,8,9,10,11,12,13,14,15,16,17
53,1,2,3,4,5,6,7,8,9,10,11,12,13,14,15,16,17
54,1,4,12,4,5,6,7,8,9,10,11,12,13,14,15,16,17
55,1,2,3,4,5,6,7,8,9,10,11,12,13,14,15,16,17
56,1,2,3,4,5,6,7,8,9,10,11,12,13,14,15,16,17
57,1,2,3,4,5,6,7,8,9,10,11,12,13,14,15,16,17
58,1,2,3,4,5,6,7,8,9,10,11,12,13,14,15,16,17
59,1,2,3,4,5,6,7,8,9,10,11,12,13,14,15,16,17
60,1,2,3,4,5,6,7,8,9,10,11,12,13,14,15,16,17
61,1,2,3,4,5,6,7,8,9,10,11,12,13,14,15,16,17
62,1,2,3,4,5,6,7,8,9,10,11,12,13,14,15,16,17
63,1,2,3,4,5,6,7,8,9,10,11,12,13,14,15,16,17
64,1,2,3,4,5,6,7,8,9,10,11,12,13,14,15,16,17
65,1,2,3,4,5,6,7,8,9,10,11,12,13,14,15,16,17
66,1,2,3,4,5,6,7,8,9,10,11,12,13,14,15,16,17
67,1,2,3,4,5,6,7,8,9,10,11,12,13,14,15,16,17
68,1,2,3,4,5,6,7,8,9,10,11,12,13,14,15,16,17
69,1,2,3,4,5,6,7,8,9,10,11,12,13,14,15,16,17
70,1,2,3,4,5,6,7,8,9,10,11,12,13,14,15,16,17
71,1,2,3,4,5,6,7,8,9,10,11,12,13,14,15,16,17
72,1,2,3,4,5,6,7,8,9,10,11,12,13,14,15,16,17
73,1,2,3,4,5,6,7,8,9,10,11,12,13,14,15,16,17
74,1,2,3,4,5,6,7,8,9,10,11,12,13,14,15,16,17
75,1,2,3,4,5,6,7,8,9,10,11,12,13,14,15,16,17
76,1,2,3,4,5,6,7,8,9,10,11,12,13,14,15,16,17
77,1,2,3,4,5,6,7,8,9,10,11,12,13,14,15,16,17
78,1,2,3,4,5,6,7,8,9,10,11,12,13,14,15,16,17
79,1,2,3,4,5,6,7,8,9,10,11,12,13,14,15,16,17
80,1,2,3,4,5,6,7,8,9,10,11,12,13,14,15,16,17
81,1,2,3,4,5,6,7,8,9,10,11,12,13,14,15,16,17
82,1,2,3,4,5,6,7,8,9,10,11,12,13,14,15,16,17
83,1,2,3,4,5,6,7,8,9,10,11,12,13,14,15,16,17
84,1,2,3,4,5,6,7,8,9,10,11,12,13,14,15,16,17
85,1,2,3,4,5,6,7,8,9,10,11,12,13,14,15,16,17
86,1,2,3,4,5,6,7,8,9,10,11,12,13,14,15,16,17
87,1,2,3,4,5,6,7,8,9,10,11,12,13,14,15,16,17
88,1,2,3,4,5,6,7,8,9,10,11,12,13,14,15,16,17
89,1,2,3,4,5,6,7,8,9,10,11,12,13,14,15,16,17
90,1,2,3,4,5,6,7,8,9,10,11,12,13,14,15,16,17
91,1,2,3,4,5,6,7,8,9,10,11,12,13,14,15,16,17
92,1,2,3,4,5,6,7,8,9,10,11,12,13,14,15,16,17
93,1,2,3,4,5,6,7,8,9,10,11,12,13,14,15,16,17
94,1,2,3,4,5,6,7,8,9,10,11,12,13,14,15,16,17
95,1,2,3,4,5,6,7,8,9,10,11,12,13,14,15,16,17
96,1,2,3,4,5,6,7,8,9,10,11,12,13,14,15,16,17
97,1,2,3,4,5,6,7,8,9,10,11,12,13,14,15,16,17
98,1,2,3,4,5,6,7,8,9,10,11,12,13,14,15,16,17
99,1,2,3,4,5,6,7,8,9,10,11,12,13,14,15,16,17
100,1,2,3,4,5,6,7,8,9,10,11,12,13,14,15,16,17
101,1,2,3,4,5,6,7,8,9,10,11,12,13,14,15,16,17
102,1,2,3,4,5,6,7,8,9,10,11,12,13,14,15,16,17
103,1,2,3,4,5,6,7,8,9,10,11,12,13,14,15,16,17
104,1,2,3,4,5,6,7,8,9,10,11,12,13,14,15,16,17
105,1,2,3,4,5,6,7,8,9,10,11,12,13,14,15,16,17
106,1,2,3,4,5,6,7,8,9,10,11,12,13,14,15,16,17
107,1,2,3,4,5,6,7,8,9,10,11,12,13,14,15,16,17
108,1,2,3,4,5,6,7,8,9,10,11,12,13,14,15,16,17
109,1,2,3,4,5,6,7,8,9,10,11,12,13,14,15,16,17
110,1,2,3,4,5,6,7,8,9,10,11,12,13,14,15,16,17
111,1,2,3,4,5,6,7,8,9,10,11,12,13,14,15,16,17
112,1,2,3,4,5,6,7,8,9,10,11,12,13,14,15,16,17
113,1,2,3,4,5,6,7,8,9,10,11,12,13,14,15,16,17
114,1,2,3,4,5,6,7,8,9,10,11,12,13,14,15,16,17
115,1,2,3,4,5,6,7,8,9,10,11,12,13,14,15,16,17
116,1,8,11,13,5,15,17,8,9,10,11,12,13,14,15,16,17
117,1,10,10,11,12,12,13,15,17,10,11,12,13,14,15,16,17
118,1,2,8,11,14,17,7,8,9,10,11,12,13,14,15,16,17
119,1,2,3,4,5,6,7,8,9,10,11,12,13,14,15,16,17
120,1,2,3,4,5,6,7,8,9,10,11,12,13,14,15,16,17
121,1,2,3,4,5,6,7,8,9,10,11,12,13,14,15,16,17
122,1,2,3,4,5,6,7,8,9,10,11,12,13,14,15,16,17
123,1,2,3,4,5,6,7,8,9,10,11,12,13,14,15,16,17
124,1,2,3,4,5,6,7,8,9,10,11,12,13,14,15,16,17
125,1,2,3,4,5,6,7,8,9,10,11,12,13,14,15,16,17
126,1,2,3,4,5,6,7,8,9,10,11,12,13,14,15,16,17
127,1,2,3,4,5,6,7,8,9,10,11,12,13,14,15,16,17
128,1,2,3,4,5,6,7,8,9,10,11,12,13,14,15,16,17
129,1,2,3,4,5,6,7,8,9,10,11,12,13,14,15,16,17
130,1,2,3,4,5,6,7,8,9,10,11,12,13,14,15,16,17
131,1,2,3,4,5,6,7,8,9,10,11,12,13,14,15,16,17
132,1,2,3,4,5,6,7,8,9,10,11,12,13,14,15,16,17
133,1,2,3,4,5,6,7,8,9,10,11,12,13,14,15,16,17
134,1,2,3,4,5,6,7,8,9,10,11,12,13,14,15,16,17
135,1,2,3,4,5,6,7,8,9,10,11,12,13,14,15,16,17
136,1,2,3,4,5,6,7,8,9,10,11,12,13,14,15,16,17
137,1,2,3,4,5,6,7,8,9,10,11,12,13,14,15,16,17
138,1,2,3,4,5,6,7,8,9,10,11,12,13,14,15,16,17
139,1,2,3,4,5,6,7,8,9,10,11,12,13,14,15,16,17
140,1,2,3,4,5,6,7,8,9,10,11,12,13,14,15,16,17
141,1,2,3,4,5,6,7,8,9,10,11,12,13,14,15,16,17
142,1,2,3,4,5,6,7,8,9,10,11,12,13,14,15,16,17
143,1,2,3,4,5,6,7,8,9,10,11,12,13,14,15,16,17
144,1,2,3,4,5,6,7,8,9,10,11,12,13,14,15,16,17
145,1,2,3,4,5,6,7,8,9,10,11,12,13,14,15,16,17
146,1,2,3,4,5,6,7,8,9,10,11,12,13,14,15,16,17
147,1,2,3,4,5,6,7,8,9,10,11,12,13,14,15,16,17
148,1,2,3,4,5,6,7,8,9,10,11,12,13,14,15,16,17
149,1,2,3,4,5,6,7,8,9,10,11,12,13,14,15,16,17
150,1,2,3,4,5,6,7,8,9,10,11,12,13,14,15,16,17
151,1,2,3,4,5,6,7,8,9,10,11,12,13,14,15,16,17
152,1,2,3,4,5,6,7,8,9,10,11,12,13,14,15,16,17
153,1,2,3,4,5,6,7,8,9,10,11,12,13,14,15,16,17
154,1,2,3,4,5,6,7,8,9,10,11,12,13,14,15,16,17
155,1,2,3,4,5,6,7,8,9,10,11,12,13,14,15,16,17
156,3,2,3,4,3,6,7,8,3,10,11,8,13,8,15,8,17
157,1,2,3,4,5,6,7,8,9,10,11,12,13,14,15,16,17
158,1,2,11,4,5,16,7,8,16,10,11,16,13,14,16,16,17
159,1,2,3,4,5,6,7,8,9,10,11,12,13,14,15,16,17
160,11,2,3,11,5,6,7,11,9,10,11,12,13,12,15,16,17
161,1,13,3,13,5,6,13,8,9,16,11,12,13,14,16,16,17
162,1,2,5,5,5,6,5,8,13,10,11,12,13,13,15,13,17
163,1,2,8,13,5,17,7,8,9,10,11,12,13,14,15,16,17
164,1,2,3,4,5,6,7,8,9,10,11,12,13,14,15,16,17
165,1,2,3,4,5,6,7,8,9,10,11,12,13,14,15,16,17
166,1,2,3,4,5,6,7,8,9,10,11,12,13,14,15,16,17
167,1,2,3,4,5,6,7,8,9,10,11,12,13,14,15,16,17
168,1,2,3,4,5,6,7,8,9,10,11,12,13,14,15,16,17
169,1,2,3,4,5,6,7,8,9,10,11,12,13,14,15,16,17
170,1,2,3,4,5,6,7,8,9,10,11,12,13,14,15,16,17
171,1,2,3,4,5,6,7,8,9,10,11,12,13,14,15,16,17
172,1,2,3,4,5,6,7,8,9,10,11,12,13,14,15,16,17
173,1,2,3,4,5,6,7,8,9,10,11,12,13,14,15,16,17
174,1,2,3,4,5,6,7,8,9,10,11,12,13,14,15,16,17
175,1,2,3,4,5,6,7,8,9,10,11,12,13,14,15,16,17
176,1,2,3,4,5,6,7,8,9,10,11,12,13,14,15,16,17
177,1,2,3,4,5,6,7,8,9,10,11,12,13,14,15,16,17
178,1,1,9,4,5,14,7,8,9,10,11,12,13,14,15,16,17
179,1,1,10,12,13,15,7,17,9,10,11,12,13,14,15,16,17
180,1,1,11,12,13,13,14,15,16,17,11,12,13,14,15,16,17
181,1,2,12,4,5,6,7,8,9,10,11,12,13,14,15,16,17
182,1,2,3,4,5,6,7,8,9,10,11,12,13,14,15,16,17
183,1,2,3,4,5,6,7,8,9,10,11,12,13,14,15,16,17
184,1,2,3,4,5,6,7,8,9,10,11,12,13,14,15,16,17
185,1,2,3,4,5,6,7,8,9,10,11,12,13,14,15,16,17
186,1,2,3,4,5,6,7,8,9,10,11,12,13,14,15,16,17
187,1,8,13,4,5,17,7,8,9,10,11,12,13,14,15,16,17
188,1,2,3,4,5,6,7,8,9,10,11,12,13,14,15,16,17
189,1,2,3,4,5,6,7,8,9,10,11,12,13,14,15,16,17
190,1,2,3,4,5,6,7,8,9,10,11,12,13,14,15,16,17
191,1,2,3,4,5,6,7,8,9,10,11,12,13,14,15,16,17
192,1,2,3,4,5,6,7,8,9,10,11,12,13,14,15,16,17
193,1,2,3,4,5,6,7,8,9,10,11,12,13,14,15,16,17
194,1,2,3,4,5,6,7,8,9,10,11,12,13,14,15,16,17
195,1,11,3,4,5,6,7,8,9,10,11,12,13,14,15,16,17
196,1,4,15,4,5,6,7,8,9,10,11,12,13,14,15,16,17
197,1,16,3,4,5,6,7,8,9,10,11,12,13,14,15,16,17
198,1,2,3,4,5,6,7,8,9,10,11,12,13,14,15,16,17
199,1,2,3,4,5,6,7,8,9,10,11,12,13,14,15,16,17
200,1,2,3,4,5,6,7,8,9,10,11,12,13,14,15,16,17
201,1,2,3,4,5,6,7,8,9,10,11,12,13,14,15,16,17
202,1,2,3,4,5,6,7,8,9,10,11,12,13,14,15,16,17
203,1,2,3,4,5,6,7,8,9,10,11,12,13,14,15,16,17
204,1,2,3,4,5,6,7,8,9,10,11,12,13,14,15,16,17
205,1,2,3,4,5,6,7,8,9,10,11,12,13,14,15,16,17
206,1,2,3,4,5,6,7,8,9,10,11,12,13,14,15,16,17
207,1,2,3,4,5,6,7,8,9,10,11,12,13,14,15,16,17
208,1,2,3,4,5,6,7,8,9,10,11,12,13,14,15,16,17
209,1,2,3,4,5,6,7,8,9,10,11,12,13,14,15,16,17
210,1,2,3,4,5,6,7,8,9,10,11,12,13,14,15,16,17
211,1,2,3,4,5,6,7,8,9,10,11,12,13,14,15,16,17
212,1,2,3,4,5,6,7,8,9,10,11,12,13,14,15,16,17
213,1,2,3,4,5,6,7,8,9,10,11,12,13,14,15,16,17
214,1,2,3,4,5,6,7,8,9,10,11,12,13,14,15,16,17
215,1,2,3,4,5,6,7,8,9,10,11,12,13,14,15,16,17
216,1,2,3,4,5,6,7,8,9,10,11,12,13,14,15,16,17
217,1,2,3,4,5,6,7,8,9,10,11,12,13,14,15,16,17
218,1,2,3,4,5,6,7,8,9,10,11,12,13,14,15,16,17
219,1,2,3,4,5,6,7,8,9,10,11,12,13,14,15,16,17
220,1,2,3,4,5,6,7,8,9,10,11,12,13,14,15,16,17
221,1,2,3,4,5,6,7,8,9,10,11,12,13,14,15,16,17
222,1,2,3,4,5,6,7,8,9,10,11,12,13,14,15,16,17
223,1,2,3,4,5,6,7,8,9,10,11,12,13,14,15,16,17
224,1,2,3,4,5,6,7,8,9,10,11,12,13,14,15,16,17
225,1,2,3,4,5,6,7,8,9,10,11,12,13,14,15,16,17
226,1,2,3,4,5,6,7,8,9,10,11,12,13,14,15,16,17
227,1,2,3,4,5,6,7,8,9,10,11,12,13,14,15,16,17
228,1,2,3,4,5,6,7,8,9,10,11,12,13,14,15,16,17
229,1,2,3,4,5,6,7,8,9,10,11,12,13,14,15,16,17
230,1,2,3,4,5,6,7,8,9,10,11,12,13,14,15,16,17
231,1,2,3,4,5,6,7,8,9,10,11,12,13,14,15,16,17
232,1,2,3,4,5,6,7,8,9,10,11,12,13,14,15,16,17
233,1,9,3,4,5,6,7,8,9,10,11,12,13,14,15,16,17
234,1,2,3,4,5,6,7,8,9,10,11,12,13,14,15,16,17
235,1,2,3,4,5,6,7,8,9,10,11,12,13,14,15,16,17
236,1,2,3,4,5,6,7,8,9,10,11,12,13,14,15,16,17
237,1,2,3,4,5,6,7,8,9,10,11,12,13,14,15,16,17
238,1,2,3,4,5,6,7,8,9,10,11,12,13,14,15,16,17
239,1,2,3,4,5,6,7,8,9,10,11,12,13,14,15,16,17
240,1,2,3,4,5,6,7,8,9,10,11,12,13,14,15,16,17
241,1,2,3,4,5,6,7,8,9,10,11,12,13,14,15,16,17
242,1,2,3,4,5,6,7,8,9,10,11,12,13,14,15,16,17
243,1,2,3,4,5,6,7,8,9,10,11,12,13,14,15,16,17
244,1,2,3,4,5,6,7,8,9,10,11,12,13,14,15,16,17
245,1,2,3,4,5,6,7,8,9,10,11,12,13,14,15,16,17
246,1,2,3,4,5,6,7,8,9,10,11,12,13,14,15,16,17
247,1,2,3,4,5,6,7,8,9,10,11,12,13,14,15,16,17
248,1,2,3,4,5,6,7,8,9,10,11,12,13,14,15,16,17
249,1,2,3,4,5,6,7,8,9,10,11,12,13,14,15,16,17
250,1,2,3,4,5,6,7,8,9,10,11,12,13,14,15,16,17
251,1,2,3,4,5,6,7,8,9,10,11,12,13,14,15,16,17
252,1,2,3,4,5,6,7,8,9,10,11,12,13,14,15,16,17
253,1,2,3,4,5,6,7,8,9,10,11,12,13,14,15,16,17
254,1,2,3,4,5,6,7,8,9,10,11,12,13,14,15,16,17
255,1,2,3,4,5,6,7,8,9,10,11,12,13,14,15,16,17
256,1,2,3,4,5,6,7,8,9,10,11,12,13,14,15,16,17
257,1,2,3,4,5,6,7,8,9,10,11,12,13,14,15,16,17
258,1,2,3,4,5,6,7,8,9,10,11,12,13,14,15,16,17
259,1,15,3,4,5,6,7,8,9,10,11,12,13,14,15,16,17
260,5,2,5,4,5,6,7,8,9,6,11,6,8,14,8,16,9
261,2,2,3,4,5,6,7,8,2,10,11,12,13,14,15,16,17
262,1,2,3,4,5,6,7,8,9,10,11,12,13,14,15,16,17
263,1,2,3,4,5,6,7,8,9,10,11,12,13,14,15,16,17
264,1,2,3,4,5,6,7,8,9,10,11,12,13,14,15,16,17
265,1,2,3,4,5,6,7,8,9,10,11,12,13,14,15,16,17
266,1,2,3,4,5,6,7,8,9,10,11,12,13,14,15,16,17
267,1,2,3,4,5,6,7,8,9,10,11,12,13,14,15,16,17
268,1,2,3,4,5,6,7,8,9,10,11,12,13,14,15,16,17
269,1,2,3,4,5,6,7,8,9,10,11,12,13,14,15,16,17
270,1,2,3,4,5,6,7,8,9,10,11,12,13,14,15,16,17
271,1,2,3,4,5,6,7,8,9,10,11,12,13,14,15,16,17
272,1,2,3,4,5,6,7,8,9,10,11,12,13,14,15,16,17
273,1,2,3,4,5,6,7,8,9,10,11,12,13,14,15,16,17
274,1,2,3,4,5,6,7,8,9,10,11,12,13,14,15,16,17
275,1,2,3,4,5,6,7,8,9,10,11,12,13,14,15,16,17
276,1,2,3,4,5,6,7,8,9,10,11,12,13,14,15,16,17
277,1,2,3,4,5,6,7,8,9,10,11,12,13,14,15,16,17
278,1,2,3,4,5,6,7,8,9,10,11,12,13,14,15,16,17
279,1,2,3,4,5,6,7,8,9,10,11,12,13,14,15,16,17
280,1,2,3,4,5,6,7,8,9,10,11,12,13,14,15,16,17
281,1,2,3,4,5,6,7,8,9,10,11,12,13,14,15,16,17
282,1,2,3,4,5,6,7,8,9,10,11,12,13,14,15,16,17
283,1,2,3,4,5,6,7,8,9,10,11,12,13,14,15,16,17
284,1,2,3,4,5,6,7,8,9,10,11,12,13,14,15,16,17
285,1,2,3,4,5,6,7,8,9,10,11,12,13,14,15,16,17
286,1,2,3,4,5,6,7,8,9,10,11,12,13,14,15,16,17
287,1,2,3,4,5,6,7,8,9,10,11,12,13,14,15,16,17
288,1,2,3,4,5,6,7,8,9,10,11,12,13,14,15,16,17
289,1,2,3,4,5,6,7,8,9,10,11,12,13,14,15,16,17
290,1,2,3,4,5,6,7,8,9,10,11,12,13,14,15,16,17
291,1,2,3,4,5,6,7,8,9,10,11,12,13,14,15,16,17
292,1,2,3,4,5,6,7,8,9,10,11,12,13,14,15,16,17
293,1,2,3,4,5,6,7,8,9,10,11,12,13,14,15,16,17
294,1,2,3,4,5,6,7,8,9,10,11,12,13,14,15,16,17
295,1,2,3,4,5,6,7,8,9,10,11,12,13,14,15,16,17
296,1,2,3,4,5,6,7,8,9,10,11,12,13,14,15,16,17
297,1,2,3,4,5,6,7,8,9,10,11,12,13,14,15,16,17
298,1,2,3,4,5,6,7,8,9,10,11,12,13,14,15,16,17
299,4,2,4,4,5,6,7,6,9,11,11,12,13,14,11,16,17
300,1,2,3,4,5,6,7,8,9,10,11,12,13,14,15,16,17
301,2,2,3,4,5,6,7,8,9,10,4,7,13,14,15,10,13
302,11,2,11,4,11,6,7,12,9,12,11,12,12,14,16,16,17
303,1,5,3,5,5,6,10,10,10,10,11,12,13,13,15,16,17
304,1,2,3,4,5,6,7,8,9,10,11,12,13,14,15,16,17
305,1,2,3,4,5,6,7,8,9,10,11,12,13,14,15,16,17
306,1,2,3,4,5,6,7,8,9,10,11,12,13,14,15,16,17
307,1,2,3,4,5,6,7,8,9,10,11,12,13,14,15,16,17
308,1,2,3,4,5,6,7,8,9,10,11,12,13,14,15,16,17
309,1,2,3,4,5,6,7,8,9,10,11,12,13,14,15,16,17
310,1,2,3,4,5,6,7,8,9,10,11,12,13,14,15,16,17
311,1,2,3,4,5,6,7,8,9,10,11,12,13,14,15,16,17
312,1,2,3,4,5,6,7,8,9,10,11,12,13,14,15,16,17
313,1,2,3,4,5,6,7,8,9,10,11,12,13,14,15,16,17
314,1,2,3,4,5,6,7,8,9,10,11,12,13,14,15,16,17
315,1,2,3,4,5,6,7,8,9,10,11,12,13,14,15,16,17
316,1,2,3,4,5,6,7,8,9,10,11,12,13,14,15,16,17
317,1,2,3,4,5,6,7,8,9,10,11,12,13,14,15,16,17
318,1,2,3,4,5,6,7,8,9,10,11,12,13,14,15,16,17
319,1,2,3,4,5,6,7,8,9,10,11,12,13,14,15,16,17
320,1,2,3,4,5,6,7,8,9,10,11,12,13,14,15,16,17
321,1,2,16,4,5,6,7,8,9,10,11,12,13,14,15,16,17
322,1,1,7,4,11,15,7,8,9,10,11,12,13,14,15,16,17
323,1,8,12,4,5,15,7,8,9,10,11,12,13,14,15,16,17
324,1,2,3,4,5,6,7,8,9,10,11,12,13,14,15,16,17
325,1,2,3,4,5,6,7,8,9,10,11,12,13,14,15,16,17
326,1,2,3,4,5,6,7,8,9,10,11,12,13,14,15,16,17
327,1,2,3,4,5,6,7,8,9,10,11,12,13,14,15,16,17
328,1,2,3,4,5,6,7,8,9,10,11,12,13,14,15,16,17
329,1,2,9,12,5,15,7,8,9,10,11,12,13,14,15,16,17
330,1,8,17,4,5,6,7,8,9,10,11,12,13,14,15,16,17
331,1,2,3,4,5,6,7,8,9,10,11,12,13,14,15,16,17
332,1,2,3,4,5,6,7,8,9,10,11,12,13,14,15,16,17
333,1,2,3,4,5,6,7,8,9,10,11,12,13,14,15,16,17
334,1,2,3,4,5,6,7,8,9,10,11,12,13,14,15,16,17
335,1,2,3,4,5,6,7,8,9,10,11,12,13,14,15,16,17
336,1,2,3,4,5,6,7,8,9,10,11,12,13,14,15,16,17
337,1,2,3,4,5,6,7,8,9,10,11,12,13,14,15,16,17
338,1,7,15,4,5,6,7,8,9,10,11,12,13,14,15,16,17
339,1,2,3,4,5,6,7,8,9,10,11,12,13,14,15,16,17
340,1,2,3,4,5,6,7,8,9,10,11,12,13,14,15,16,17
341,1,2,3,4,5,6,7,8,9,10,11,12,13,14,15,16,17
342,1,2,3,4,5,6,7,8,9,10,11,12,13,14,15,16,17
343,1,2,3,4,5,6,7,8,9,10,11,12,13,14,15,16,17
344,1,2,3,4,5,6,7,8,9,10,11,12,13,14,15,16,17
345,1,2,3,4,5,6,7,8,9,10,11,12,13,14,15,16,17
346,1,2,3,4,5,6,7,8,9,10,11,12,13,14,15,16,17
347,1,2,3,4,5,6,7,8,9,10,11,12,13,14,15,16,17
348,1,2,3,4,5,6,7,8,9,10,11,12,13,14,15,16,17
349,1,2,3,4,5,6,7,8,9,10,11,12,13,14,15,16,17
350,1,2,3,4,5,6,7,8,9,10,11,12,13,14,15,16,17
351,1,2,3,4,5,6,7,8,9,10,11,12,13,14,15,16,17
352,1,2,3,4,5,6,7,8,9,10,11,12,13,14,15,16,17
353,1,2,3,4,5,6,7,8,9,10,11,12,13,14,15,16,17
354,1,2,3,4,5,6,7,8,9,10,11,12,13,14,15,16,17
355,1,2,3,4,5,6,7,8,9,10,11,12,13,14,15,16,17
356,1,2,3,4,5,6,7,8,9,10,11,12,13,14,15,16,17
357,1,2,3,4,5,6,7,8,9,10,11,12,13,14,15,16,17
358,1,2,3,4,5,6,7,8,9,10,11,12,13,14,15,16,17
359,1,2,3,4,5,6,7,8,9,10,11,12,13,14,15,16,17
360,1,2,3,4,5,6,7,8,9,10,11,12,13,14,15,16,17
361,1,2,3,4,5,6,7,8,9,10,11,12,13,14,15,16,17
362,1,2,3,4,5,6,7,8,9,10,11,12,13,14,15,16,17
363,1,2,3,4,5,6,7,8,9,10,11,12,13,14,15,16,17
364,1,2,3,4,5,6,7,8,9,10,11,12,13,14,15,16,17
365,1,2,3,4,5,6,7,8,9,10,11,12,13,14,15,16,17
366,1,2,3,4,5,6,7,8,9,10,11,12,13,14,15,16,17
367,1,2,3,4,5,6,7,8,9,10,11,12,13,14,15,16,17
368,1,2,3,4,5,6,7,8,9,10,11,12,13,14,15,16,17
369,1,2,3,4,5,6,7,8,9,10,11,12,13,14,15,16,17
370,1,2,3,4,5,6,7,8,9,10,11,12,13,14,15,16,17
371,1,2,3,4,5,6,7,8,9,10,11,12,13,14,15,16,17
372,1,2,3,4,5,6,7,8,9,10,11,12,13,14,15,16,17
373,1,2,3,4,5,6,7,8,9,10,11,12,13,14,15,16,17
374,1,2,3,4,5,6,7,8,9,10,11,12,13,14,15,16,17
375,1,2,3,4,5,6,7,8,9,10,11,12,13,14,15,16,17
376,1,2,3,4,5,6,7,8,9,10,11,12,13,14,15,16,17
377,1,2,3,4,5,6,7,8,9,10,11,12,13,14,15,16,17
378,1,2,3,4,5,6,7,8,9,10,11,12,13,14,15,16,17
379,1,2,3,4,5,6,7,8,9,10,11,12,13,14,15,16,17
380,1,2,3,4,5,6,7,8,9,10,11,12,13,14,15,16,17
381,1,2,3,4,5,6,7,8,9,10,11,12,13,14,15,16,17
382,1,2,3,4,5,6,7,8,9,10,11,12,13,14,15,16,17
383,1,2,3,4,5,6,7,8,9,10,11,12,13,14,15,16,17
384,1,2,3,4,5,6,7,8,9,10,11,12,13,14,15,16,17
385,1,2,3,4,5,6,7,8,9,10,11,12,13,14,15,16,17
386,1,2,3,4,5,6,7,8,9,10,11,12,13,14,15,16,17
387,1,2,3,4,5,6,7,8,9,10,11,12,13,14,15,16,17
388,1,2,3,4,5,6,7,8,9,10,11,12,13,14,15,16,17
389,1,2,3,4,5,6,7,8,9,10,11,12,13,14,15,16,17
390,1,2,3,4,5,6,7,8,9,10,11,12,13,14,15,16,17
391,1,2,3,4,5,6,7,8,9,10,11,12,13,14,15,16,17
392,1,2,3,4,5,6,7,8,9,10,11,12,13,14,15,16,17
393,1,2,3,4,5,6,7,8,9,10,11,12,13,14,15,16,17
394,1,2,3,4,5,6,7,8,9,10,11,12,13,14,15,16,17
395,1,2,3,4,5,6,7,8,9,10,11,12,13,14,15,16,17
396,1,2,3,4,5,6,7,8,9,10,11,12,13,14,15,16,17
397,1,2,3,4,5,6,7,8,9,10,11,12,13,14,15,16,17
398,1,2,3,4,5,6,7,8,9,10,11,12,13,14,15,16,17
399,1,2,3,4,5,6,7,8,9,10,11,12,13,14,15,16,17
400,1,2,3,4,5,6,7,8,9,10,11,12,13,14,15,16,17
401,1,2,3,4,5,6,7,8,9,10,11,12,13,14,15,16,17
402,1,2,3,4,5,6,7,8,9,6,11,12,13,14,15,16,17
403,2,2,3,4,2,6,7,8,2,10,3,12,3,14,15,3,17
404,1,2,3,4,2,6,7,8,9,10,11,12,2,14,15,16,17
405,1,2,3,4,5,6,7,8,9,10,11,12,13,14,15,16,17
406,1,2,3,4,5,6,7,8,9,10,11,12,13,14,15,16,17
407,1,2,3,4,5,6,7,8,9,10,11,12,13,14,15,16,17
408,1,2,3,4,5,6,7,8,9,10,11,12,13,14,15,16,17
409,1,2,3,4,5,6,7,8,9,10,11,12,13,14,15,16,17
410,1,2,3,4,5,6,7,8,9,10,11,12,13,14,15,16,17
411,1,2,3,4,5,6,7,8,9,10,11,12,13,14,15,16,17
412,1,2,3,4,5,6,7,8,9,10,11,12,13,14,15,16,17
413,1,2,3,4,5,6,7,8,9,10,11,12,13,14,15,16,17
414,1,2,3,4,5,6,7,8,9,10,11,12,13,14,15,16,17
415,1,2,3,4,5,6,7,8,9,10,11,12,13,14,15,16,17
416,1,2,3,4,5,6,7,8,9,10,11,12,13,14,15,16,17
417,1,2,3,4,5,6,7,8,9,10,11,12,13,14,15,16,17
418,1,2,3,4,5,6,7,8,9,10,11,12,13,14,15,16,17
419,1,2,3,4,5,6,7,8,9,10,11,12,13,14,15,16,17
420,1,2,3,4,5,6,7,8,9,10,11,12,13,14,15,16,17
421,1,2,3,4,5,6,7,8,9,10,11,12,13,14,15,16,17
422,1,2,3,4,5,6,7,8,9,10,11,12,13,14,15,16,17
423,1,2,3,4,5,6,7,8,9,10,11,12,13,14,15,16,17
424,1,2,3,4,5,6,7,8,9,10,11,12,13,14,15,16,17
425,1,2,3,4,5,6,7,8,9,10,11,12,13,14,15,16,17
426,1,2,3,4,5,6,7,8,9,10,11,12,13,14,15,16,17
427,1,2,3,4,5,6,7,8,9,10,11,12,13,14,15,16,17
428,1,2,3,4,5,6,7,8,9,10,11,12,13,14,15,16,17
429,1,2,3,4,5,6,7,8,9,10,11,12,13,14,15,16,17
430,1,2,3,4,5,6,7,8,9,10,11,12,13,14,15,16,17
431,1,2,3,4,5,6,7,8,9,10,11,12,13,14,15,16,17
432,1,2,3,4,5,6,7,8,9,10,11,12,13,14,15,16,17
433,1,2,3,4,5,6,7,8,9,10,11,12,13,14,15,16,17
434,1,2,3,4,5,6,7,8,9,10,11,12,13,14,15,16,17
435,1,2,3,4,5,6,7,8,9,10,11,12,13,14,15,16,17
436,1,2,3,4,5,6,7,8,9,10,11,12,13,14,15,16,17
437,1,4,3,4,5,6,7,8,9,10,4,12,6,14,6,16,8
438,1,2,3,4,5,6,7,8,9,10,11,12,13,14,15,16,17
439,1,2,3,4,5,6,7,8,9,10,11,12,13,14,15,16,17
440,1,2,3,4,5,6,7,8,9,10,11,12,13,14,15,16,17
441,1,2,3,4,5,6,7,8,9,10,11,12,13,14,15,16,17
442,1,2,3,4,5,6,7,8,9,10,11,12,13,14,15,16,17
443,1,2,3,4,5,6,7,8,9,10,11,12,13,14,15,16,17
444,1,2,3,4,5,6,7,8,9,10,11,12,13,14,15,16,17
445,1,2,3,4,5,6,7,8,9,10,11,12,13,14,15,16,17
446,1,2,3,4,5,6,7,8,9,10,11,12,13,14,15,16,17
447,1,2,3,4,5,6,7,8,9,10,11,12,13,14,15,16,17
448,1,2,3,4,5,6,7,8,9,10,11,12,13,14,15,16,17
449,1,2,3,4,5,6,7,8,9,10,11,12,13,14,15,16,17
450,1,2,3,4,5,6,7,8,9,10,11,12,13,14,15,16,17
451,1,2,3,4,5,6,7,8,9,10,11,12,13,14,15,16,17
452,1,2,3,4,5,6,7,8,9,10,11,12,13,14,15,16,17
453,1,2,3,4,5,6,7,8,9,10,11,12,13,14,15,16,17
454,1,2,3,4,5,6,7,8,9,10,11,12,13,14,15,16,17
455,1,2,3,4,5,6,7,8,9,10,11,12,13,14,15,16,17
456,1,5,9,12,5,15,7,8,9,10,11,12,13,14,15,16,17
457,1,2,3,4,5,6,7,8,9,10,11,12,13,14,15,16,17
458,1,2,3,4,5,6,7,8,9,10,11,12,13,14,15,16,17
459,1,2,3,4,5,6,7,8,9,10,11,12,13,14,15,16,17
460,1,2,3,4,5,6,7,8,9,10,11,12,13,14,15,16,17
461,1,2,3,4,5,6,7,8,9,10,11,12,13,14,15,16,17
462,1,2,3,4,5,6,7,8,9,10,11,12,13,14,15,16,17
463,1,2,3,4,5,6,7,8,9,10,11,12,13,14,15,16,17
464,1,2,3,4,5,6,7,8,9,10,11,12,13,14,15,16,17
465,1,2,3,4,5,6,7,8,9,10,11,12,13,14,15,16,17
466,1,7,3,4,5,6,7,8,9,10,11,12,13,14,15,16,17
467,1,2,3,4,5,6,7,8,9,10,11,12,13,14,15,16,17
468,1,2,3,4,5,6,7,8,9,10,11,12,13,14,15,16,17
469,1,2,3,4,5,6,7,8,9,10,11,12,13,14,15,16,17
470,1,2,3,4,5,6,7,8,9,10,11,12,13,14,15,16,17
471,1,2,3,4,5,6,7,8,9,10,11,12,13,14,15,16,17
472,1,2,3,4,5,6,7,8,9,10,11,12,13,14,15,16,17
473,1,2,3,4,5,6,7,8,9,10,11,12,13,14,15,16,17
474,1,2,3,4,5,6,7,8,9,10,11,12,13,14,15,16,17
475,1,2,3,4,5,6,7,8,9,10,11,12,13,14,15,16,17
476,1,2,3,4,5,6,7,8,9,10,11,12,13,14,15,16,17
477,1,2,3,4,5,6,7,8,9,10,11,12,13,14,15,16,17
478,1,2,3,4,5,6,7,8,9,10,11,12,13,14,15,16,17
479,1,2,3,4,5,6,7,8,9,10,11,12,13,14,15,16,17
480,1,2,3,4,5,6,7,8,9,10,11,12,13,14,15,16,17
481,1,2,3,4,5,6,7,8,9,10,11,12,13,14,15,16,17
482,1,2,3,4,5,6,7,8,9,10,11,12,13,14,15,16,17
483,1,2,3,4,5,6,7,8,9,10,11,12,13,14,15,16,17
484,1,2,3,4,5,6,7,8,9,10,11,12,13,14,15,16,17
485,1,2,3,4,5,6,7,8,9,10,11,12,13,14,15,16,17
486,1,2,3,4,5,6,7,8,9,10,11,12,13,14,15,16,17
487,1,2,3,4,5,6,7,8,9,10,11,12,13,14,15,16,17
488,1,2,3,4,5,6,7,8,9,10,11,12,13,14,15,16,17
489,1,2,3,4,5,6,7,8,9,10,11,12,13,14,15,16,17
490,1,2,3,4,5,6,7,8,9,10,11,12,13,14,15,16,17
491,1,2,3,4,5,6,7,8,9,10,11,12,13,14,15,16,17
492,1,2,3,4,5,6,7,8,9,10,11,12,13,14,15,16,17
493,1,2,3,4,5,6,7,8,9,10,11,12,13,14,15,16,17
494,1,2,3,4,5,6,7,8,9,10,11,12,13,14,15,16,17
495,1,2,3,4,5,6,7,8,9,10,11,12,13,14,15,16,17
496,1,2,3,4,5,6,7,8,9,10,11,12,13,14,15,16,17
497,1,2,3,4,5,6,7,8,9,10,11,12,13,14,15,16,17
498,1,2,3,4,5,6,7,8,9,10,11,12,13,14,15,16,17
499,1,2,3,4,5,6,7,8,9,10,11,12,13,14,15,16,17
500,1,2,3,4,5,6,7,8,9,10,11,12,13,14,15,16,17
501,1,2,3,4,5,6,7,8,9,10,11,12,13,14,15,16,17
502,1,2,3,4,5,6,7,8,9,10,11,12,13,14,15,16,17
503,1,2,3,4,5,6,7,8,9,10,11,12,13,14,15,16,17
504,1,2,3,4,5,6,7,8,9,10,11,12,13,14,15,16,17
505,1,2,3,4,5,6,7,8,9,10,11,12,13,14,15,16,17
506,1,2,3,4,5,6,7,8,9,10,11,12,13,14,15,16,17
507,1,2,3,4,5,6,7,8,9,10,11,12,13,14,15,16,17
508,1,2,3,4,5,6,7,8,9,10,11,12,13,14,15,16,17
509,1,2,3,4,5,6,7,8,9,10,11,12,13,14,15,16,17
510,1,2,3,4,5,6,7,8,9,10,11,12,13,14,15,16,17
511,1,2,3,4,5,6,7,8,9,10,11,12,13,14,15,16,17
512,1,2,3,4,5,6,7,8,9,10,11,12,13,14,15,16,17
513,1,2,3,4,5,6,7,8,9,10,11,12,13,14,15,16,17
514,1,2,3,4,5,6,7,8,9,10,11,12,13,14,15,16,17
515,1,2,3,4,5,6,7,8,9,10,11,12,13,14,15,16,17
516,1,2,3,4,5,6,7,8,9,10,11,12,13,14,15,16,17
517,1,2,3,4,5,6,7,8,9,10,11,12,13,14,15,16,17
518,1,2,3,4,5,6,7,8,9,10,11,12,13,14,15,16,17
519,1,2,3,4,5,6,7,8,9,10,11,12,13,14,15,16,17
520,1,2,3,4,5,6,7,8,9,10,11,12,13,14,15,16,17
521,1,2,3,4,5,6,7,8,9,10,11,12,13,14,15,16,17
522,1,2,3,4,5,6,7,8,9,10,11,12,13,14,15,16,17
523,1,2,3,4,5,6,7,8,9,10,11,12,13,14,15,16,17
524,1,2,3,4,5,6,7,8,9,10,11,12,13,14,15,16,17
525,1,2,3,4,5,6,7,8,9,10,11,12,13,14,15,16,17
526,1,2,3,4,5,6,7,8,9,10,11,12,13,14,15,16,17
527,1,2,3,4,5,6,7,8,9,10,11,12,13,14,15,16,17
528,1,2,3,4,5,6,7,8,9,10,11,12,13,14,15,16,17
529,1,2,3,4,5,6,7,8,9,10,11,12,13,14,15,16,17
530,1,2,3,4,5,6,7,8,9,10,11,12,13,14,15,16,17
531,1,2,3,4,5,6,7,8,9,10,11,12,13,14,15,16,17
532,1,2,3,4,5,6,7,8,9,10,11,12,13,14,15,16,17
533,1,2,3,4,5,6,7,8,9,10,11,12,13,14,15,16,17
534,1,2,3,4,5,6,7,8,9,10,11,12,13,14,15,16,17
535,1,2,3,4,5,6,7,8,9,10,11,12,13,14,15,16,17
536,1,2,3,4,5,6,7,8,9,10,11,12,13,14,15,16,17
537,1,2,3,4,5,6,7,8,9,10,11,12,13,14,15,16,17
538,1,2,3,4,5,6,7,8,9,10,11,12,13,14,15,16,17
539,1,2,3,4,5,6,7,8,9,10,11,12,13,14,15,16,17
540,1,2,3,4,5,6,7,8,9,10,11,12,13,14,15,16,17
541,1,2,3,4,5,6,7,8,9,10,11,12,13,14,15,16,17
542,1,2,3,4,5,6,7,8,9,10,11,12,13,14,15,16,17
543,1,2,3,4,5,6,7,8,9,10,11,12,13,14,15,16,17
544,1,2,3,4,5,6,7,8,9,10,11,12,13,14,15,16,17
545,1,2,3,4,5,6,7,8,9,10,11,12,13,14,15,16,17
546,2,2,3,4,2,6,2,8,3,10,3,12,6,14,6,16,17
547,1,2,3,4,5,2,7,8,2,10,11,2,13,2,15,16,3
548,1,7,17,4,5,6,7,8,9,10,11,12,13,14,15,16,17
549,1,2,3,4,5,6,7,8,9,10,11,12,13,14,15,16,17
550,1,2,3,4,5,6,7,8,9,10,11,12,13,14,15,16,17
551,1,2,3,4,5,6,7,8,9,10,11,12,13,14,15,16,17
552,1,2,3,4,5,6,7,8,9,10,11,12,13,14,15,16,17
553,1,2,3,4,5,6,7,8,9,10,11,12,13,14,15,16,17
554,1,2,3,4,5,6,7,8,9,10,11,12,13,14,15,16,17
555,1,2,3,4,5,6,7,8,9,10,11,12,13,14,15,16,17
556,1,2,3,4,5,6,7,8,9,10,11,12,13,14,15,16,17
557,1,2,3,4,5,6,7,8,9,10,11,12,13,14,15,16,17
558,1,2,3,4,5,6,7,8,9,10,11,12,13,14,15,16,17
559,1,2,3,4,5,6,7,8,9,10,11,12,13,14,15,16,17
560,1,2,3,4,5,6,7,8,9,10,11,12,13,14,15,16,17
561,1,2,3,4,5,6,7,8,9,10,11,12,13,14,15,16,17
562,1,2,3,4,5,6,7,8,9,10,11,12,13,14,15,16,17
563,1,2,3,4,5,6,7,8,9,10,11,12,13,14,15,16,17
564,1,2,3,4,5,6,7,8,9,10,11,12,13,14,15,16,17
565,1,2,3,4,5,6,7,8,9,10,11,12,13,14,15,16,17
566,1,2,3,4,5,6,7,8,9,10,11,12,13,14,15,16,17
567,1,2,3,4,5,6,7,8,9,10,11,12,13,14,15,16,17
568,1,2,3,4,5,6,7,8,9,10,11,12,13,14,15,16,17
569,1,2,3,4,5,6,7,8,9,10,11,12,13,14,15,16,17
570,1,2,3,4,5,6,7,8,9,10,11,12,13,14,15,16,17
571,1,2,3,4,5,6,7,8,9,10,11,12,13,14,15,16,17
572,1,2,3,4,5,6,7,8,9,10,11,12,13,14,15,16,17
573,1,2,3,4,5,6,7,8,9,10,11,12,13,14,15,16,17
574,1,2,3,4,5,6,7,8,9,10,11,12,13,14,15,16,17
575,1,2,3,4,5,6,7,8,9,10,11,12,13,14,15,16,17
576,1,2,3,4,5,6,7,8,9,10,11,12,13,14,15,16,17
577,1,2,3,4,5,6,7,8,9,10,11,12,13,14,15,16,17
578,1,2,3,4,5,6,7,8,9,10,11,12,13,14,15,16,17
579,1,2,3,4,5,6,7,8,9,10,11,12,13,14,15,16,17
580,1,2,3,4,5,6,7,8,9,10,11,12,13,14,15,16,17
581,1,2,3,4,5,6,7,8,9,10,11,12,13,14,15,16,17
582,1,2,3,4,5,6,7,8,9,10,11,12,13,14,15,16,17
583,1,2,3,4,5,6,7,8,9,10,11,12,13,14,15,16,17
584,1,2,3,4,5,6,7,8,9,10,11,12,13,14,15,16,17
585,1,2,3,4,5,6,7,8,9,10,11,12,13,14,15,16,17
586,1,2,3,4,5,6,7,8,9,10,11,12,13,14,15,16,17
587,1,2,3,4,5,6,7,8,9,10,11,12,13,14,15,16,17
588,1,2,3,4,5,6,7,8,9,10,11,12,13,14,15,16,17
589,1,2,3,4,5,6,7,8,9,10,11,12,13,14,15,16,17
590,1,2,3,4,5,6,7,8,9,10,11,12,13,14,15,16,17
591,1,2,3,4,5,6,7,8,9,10,11,12,13,14,15,16,17
592,1,2,3,4,5,6,7,8,9,10,11,12,13,14,15,16,17
593,1,2,3,4,5,6,7,8,9,10,11,12,13,14,15,16,17
594,1,2,3,4,5,6,7,8,9,10,11,12,13,14,15,16,17
595,1,2,3,4,5,6,7,8,9,10,11,12,13,14,15,16,17
596,1,2,3,4,5,6,7,8,9,10,11,12,13,14,15,16,17
597,1,2,3,4,5,6,7,8,9,10,11,12,13,14,15,16,17
598,1,6,13,4,5,6,7,8,9,10,11,12,13,14,15,16,17
599,1,1,10,11,12,14,15,16,17,10,11,12,13,14,15,16,17
600,1,2,3,4,5,6,7,8,9,10,11,12,13,14,15,16,17
601,1,2,3,4,5,6,7,8,9,10,11,12,13,14,15,16,17
602,1,2,3,4,5,6,7,8,9,10,11,12,13,14,15,16,17
603,1,2,3,4,5,6,7,8,9,10,11,12,13,14,15,16,17
604,1,2,3,4,5,6,7,8,9,10,11,12,13,14,15,16,17
605,1,2,3,4,5,6,7,8,9,10,11,12,13,14,15,16,17
606,1,2,3,4,5,6,7,8,9,10,11,12,13,14,15,16,17
607,1,2,3,4,5,6,7,8,9,10,11,12,13,14,15,16,17
608,1,2,1,4,5,6,7,8,9,10,11,12,13,14,15,16,17
609,1,2,3,4,5,6,7,8,9,10,11,12,13,14,15,16,17
610,1,2,3,4,5,6,7,8,9,10,11,12,13,14,15,16,17
611,1,2,3,4,5,6,7,8,9,10,11,12,13,14,15,16,17
612,1,2,3,4,5,6,7,8,9,10,11,12,13,14,15,16,17
613,1,2,3,4,5,6,7,8,9,10,11,12,13,14,15,16,17
614,1,2,3,4,5,6,7,8,9,10,11,12,13,14,15,16,17
615,1,2,3,4,5,6,7,8,9,10,11,12,13,14,15,16,17
616,1,2,3,4,5,6,7,8,9,10,11,12,13,14,15,16,17
617,1,2,3,4,5,6,7,8,9,10,11,12,13,14,15,16,17
618,1,2,3,4,5,6,7,8,9,10,11,12,13,14,15,16,17
619,1,2,3,4,5,6,7,8,9,10,11,12,13,14,15,16,17
620,1,2,3,4,5,6,7,8,9,10,11,12,13,14,15,16,17
621,1,2,3,4,5,6,7,8,9,10,11,12,13,14,15,16,17
622,1,2,3,4,5,6,7,8,9,10,11,12,13,14,15,16,17
623,1,2,3,4,5,6,7,8,9,10,11,12,13,14,15,16,17
624,1,2,3,4,5,6,7,8,9,10,11,12,13,14,15,16,17
625,1,2,3,4,5,6,7,8,9,10,11,12,13,14,15,16,17
626,1,2,3,4,5,6,7,8,9,10,11,12,13,14,15,16,17
627,1,2,3,4,5,6,7,8,9,10,11,12,13,14,15,16,17
628,1,2,3,4,5,6,7,8,9,10,11,12,13,14,15,16,17
629,1,2,3,4,5,6,7,8,9,10,11,12,13,14,15,16,17
630,1,2,3,4,5,6,7,8,9,10,11,12,13,14,15,16,17
631,1,2,3,4,5,6,7,8,9,10,11,12,13,14,15,16,17
632,1,2,3,4,5,6,7,8,9,10,11,12,13,14,15,16,17
633,1,2,3,4,5,6,7,8,9,10,11,12,13,14,15,16,17
634,1,2,3,4,5,6,7,8,9,10,11,12,13,14,15,16,17
635,1,2,3,4,5,6,7,8,9,10,11,12,13,14,15,16,17
636,1,2,3,4,5,6,7,8,9,10,11,12,13,14,15,16,17
637,1,2,3,4,5,6,7,8,9,10,11,12,13,14,15,16,17
638,1,2,3,4,5,6,7,8,9,10,11,12,13,14,15,16,17
639,1,2,3,4,5,6,7,8,9,10,11,12,13,14,15,16,17
640,1,2,3,4,5,6,7,8,9,10,11,12,13,14,15,16,17
641,1,2,3,4,5,6,7,8,9,10,11,12,13,14,15,16,17
642,1,2,3,4,5,6,7,8,9,10,11,12,13,14,15,16,17
643,1,2,3,4,5,6,7,8,9,10,11,12,13,14,15,16,17
644,1,2,3,4,5,6,7,8,9,10,11,12,13,14,15,16,17
645,1,2,3,4,5,6,7,8,9,10,11,12,13,14,15,16,17
646,1,2,3,4,5,6,7,8,9,10,11,12,13,14,15,16,17
647,1,2,3,4,5,6,7,8,9,10,11,12,13,14,15,16,17
648,1,2,3,4,5,6,7,8,9,10,11,12,13,14,15,16,17
649,1,2,3,4,5,6,7,8,9,10,11,12,13,14,15,16,17
650,1,2,3,4,5,6,7,8,9,10,11,12,13,14,15,16,17
651,1,2,3,4,5,6,7,8,9,10,11,12,13,14,15,16,17
652,1,2,3,4,5,6,7,8,9,10,11,12,13,14,15,16,17
653,1,2,3,4,5,6,7,8,9,10,11,12,13,14,15,16,17
654,1,2,3,4,5,6,7,8,9,10,11,12,13,14,15,16,17
655,1,2,3,4,5,6,7,8,9,10,11,12,13,14,15,16,17
656,1,2,3,4,5,6,7,8,9,10,11,12,13,14,15,16,17
657,1,2,3,4,5,6,7,8,9,10,11,12,13,14,15,16,17
658,1,2,3,4,5,6,7,8,9,10,11,12,13,14,15,16,17
659,1,2,3,4,5,6,7,8,9,10,11,12,13,14,15,16,17
660,1,2,3,4,5,6,7,8,9,10,11,12,13,14,15,16,17
661,1,2,3,4,5,6,7,8,9,10,11,12,13,14,15,16,17
662,1,2,3,4,5,6,7,8,9,10,11,12,13,14,15,16,17
663,1,2,3,4,5,6,7,8,9,10,11,12,13,14,15,16,17
664,1,2,3,4,5,6,7,8,9,10,11,12,13,14,15,16,17
665,1,2,3,4,5,6,7,8,9,10,11,12,13,14,15,16,17
666,1,2,3,4,5,6,7,8,9,10,11,12,13,14,15,16,17
667,1,2,3,4,5,6,7,8,9,10,11,12,13,14,15,16,17
668,1,2,3,4,5,6,7,8,9,10,11,12,13,14,15,16,17
669,1,2,3,4,5,6,7,8,9,10,11,12,13,14,15,16,17
670,1,2,3,4,5,6,7,8,9,10,11,12,13,14,15,16,17
671,1,2,3,4,5,6,7,8,9,10,11,12,13,14,15,16,17
672,1,2,3,4,5,6,7,8,9,10,11,12,13,14,15,16,17
673,1,2,3,4,5,6,7,8,9,10,11,12,13,14,15,16,17
674,1,2,3,4,5,6,7,8,9,10,11,12,13,14,15,16,17
675,1,2,3,4,5,6,7,8,9,10,11,12,13,14,15,16,17
676,1,2,3,4,5,6,7,8,9,10,11,12,13,14,15,16,17
677,1,2,3,4,5,6,7,8,9,10,11,12,13,14,15,16,17
678,1,2,3,4,5,6,7,8,9,10,11,12,13,14,15,16,17
679,1,2,3,4,5,6,7,8,9,10,11,12,13,14,15,16,17
680,1,2,3,4,5,6,7,8,9,10,11,12,13,14,15,16,17
681,1,2,3,4,5,6,7,8,9,10,11,12,13,14,15,16,17
682,1,2,3,4,5,6,7,8,9,10,11,12,13,14,15,16,17
683,1,2,3,4,5,6,7,8,9,10,11,12,13,14,15,16,17
684,1,2,3,4,5,6,7,8,9,10,11,12,13,14,15,16,17
685,1,2,3,4,5,6,7,8,9,10,11,12,13,14,15,16,17
686,1,2,3,4,5,6,7,8,9,10,11,12,13,14,15,16,17
687,1,2,3,4,5,6,7,8,9,10,11,12,13,14,15,16,17
688,1,2,3,4,5,6,7,8,9,10,11,12,13,14,15,16,17
689,2,2,3,4,2,6,2,8,9,3,11,3,13,14,3,16,17
690,1,2,3,4,2,6,7,2,9,10,3,12,3,14,15,3,17
691,1,12,3,4,5,6,7,8,9,10,11,12,13,14,15,16,17
692,1,2,3,4,5,6,7,8,9,10,11,12,13,14,15,16,17
693,1,15,3,4,5,6,7,8,9,10,11,12,13,14,15,16,17
694,1,2,3,4,5,6,7,8,9,10,11,12,13,14,15,16,17
695,1,2,3,4,5,6,7,8,9,10,11,12,13,14,15,16,17
696,1,2,3,4,5,6,7,8,9,10,11,12,13,14,15,16,17
697,1,2,3,4,5,6,7,8,9,10,11,12,13,14,15,16,17
698,1,2,3,4,5,6,7,8,9,10,11,12,13,14,15,16,17
699,1,2,3,4,5,6,7,8,9,10,11,12,13,14,15,16,17
700,1,2,3,4,5,6,7,8,9,10,11,12,13,14,15,16,17
701,1,2,3,4,5,6,7,8,9,10,11,12,13,14,15,16,17
702,1,2,3,4,5,6,7,8,9,10,11,12,13,14,15,16,17
703,1,2,3,4,5,6,7,8,9,10,11,12,13,14,15,16,17
704,1,2,3,4,5,6,7,8,9,10,11,12,13,14,15,16,17
705,1,2,3,4,5,6,7,8,9,10,11,12,13,14,15,16,17
706,1,2,3,4,5,6,7,8,9,10,11,12,13,14,15,16,17
707,1,2,3,4,5,6,7,8,9,10,11,12,13,14,15,16,17
708,1,2,3,4,5,6,7,8,9,10,11,12,13,14,15,16,17
709,1,2,3,4,5,6,7,8,9,10,11,12,13,14,15,16,17
710,1,2,3,4,5,6,7,8,9,10,11,12,13,14,15,16,17
711,1,2,3,4,5,6,7,8,9,10,11,12,13,14,15,16,17
712,1,2,3,4,5,6,7,8,9,10,11,12,13,14,15,16,17
713,1,2,3,4,5,6,7,8,9,10,11,12,13,14,15,16,17
714,1,2,3,4,5,6,7,8,9,10,11,12,13,14,15,16,17
715,1,2,3,4,5,6,7,8,9,10,11,12,13,14,15,16,17
716,1,2,3,4,5,6,7,8,9,10,11,12,13,14,15,16,17
717,1,2,3,4,5,6,7,8,9,10,11,12,13,14,15,16,17
718,1,2,3,4,5,6,7,8,9,10,11,12,13,14,15,16,17
719,1,2,3,4,5,6,7,8,9,10,11,12,13,14,15,16,17
720,1,2,3,4,5,6,7,8,9,10,11,12,13,14,15,16,17
721,1,2,3,4,5,6,7,8,9,10,11,12,13,14,15,16,17
722,1,2,3,4,5,6,7,8,9,10,11,12,13,14,15,16,17
723,1,2,3,4,5,6,7,8,9,10,11,12,13,14,15,16,17
724,1,2,3,4,5,6,7,8,9,10,11,12,13,14,15,16,17
725,1,2,3,4,5,6,7,8,9,10,11,12,13,14,15,16,17
726,1,2,3,4,5,6,7,8,9,10,11,12,13,14,15,16,17
727,1,2,3,4,5,6,7,8,9,10,11,12,13,14,15,16,17
728,2,2,3,2,5,3,7,8,9,3,7,12,7,14,8,8,17
729,1,2,3,4,5,6,7,8,9,10,11,12,13,14,15,16,17
730,1,2,3,4,5,6,7,8,9,10,11,12,13,14,15,16,17
731,1,2,3,4,5,6,7,8,9,10,11,12,13,14,15,16,17
732,1,2,3,4,5,6,7,8,9,10,11,12,13,14,15,16,17
733,1,2,3,4,5,6,7,8,9,10,11,12,13,14,15,16,17
734,1,2,3,4,5,6,7,8,9,10,11,12,13,14,15,16,17
735,1,2,3,4,5,6,7,8,9,10,11,12,13,14,15,16,17
736,1,2,3,4,5,6,7,8,9,10,11,12,13,14,15,16,17
737,1,2,3,4,5,6,7,8,9,10,11,12,13,14,15,16,17
738,1,2,3,4,5,6,7,8,9,10,11,12,13,14,15,16,17
739,1,2,3,4,5,6,7,8,9,10,11,12,13,14,15,16,17
740,1,2,3,4,5,6,7,8,9,10,11,12,13,14,15,16,17
741,1,2,2,5,5,5,5,8,9,10,11,12,13,14,15,16,17
742,1,1,9,10,12,14,7,16,9,10,11,12,13,14,15,16,17
743,1,2,3,4,5,6,7,8,9,10,11,12,13,14,15,16,17
744,1,2,3,4,5,6,7,8,9,10,11,12,13,14,15,16,17
745,1,2,3,4,5,6,7,8,9,10,11,12,13,14,15,16,17
746,1,2,3,4,5,6,7,8,9,10,11,12,13,14,15,16,17
747,1,2,3,4,5,6,7,8,9,10,11,12,13,14,15,16,17
748,1,2,3,4,5,6,7,8,9,10,11,12,13,14,15,16,17
749,1,2,3,4,5,6,7,8,9,10,11,12,13,14,15,16,17
750,1,2,14,4,5,6,7,8,9,10,11,12,13,14,15,16,17
751,1,2,8,4,5,6,7,8,9,10,11,12,13,14,15,16,17
752,1,1,9,12,5,15,7,8,9,10,11,12,13,14,15,16,17
753,1,2,3,4,5,6,7,8,9,10,11,12,13,14,15,16,17
754,1,2,3,4,5,6,7,8,9,10,11,12,13,14,15,16,17
755,1,2,3,4,5,6,7,8,9,10,11,12,13,14,15,16,17
756,1,2,3,4,5,6,7,8,9,10,11,12,13,14,15,16,17
757,1,2,3,4,5,6,7,8,9,10,11,12,13,14,15,16,17
758,1,2,3,4,5,6,7,8,9,10,11,12,13,14,15,16,17
759,1,2,3,4,5,6,7,8,9,10,11,12,13,14,15,16,17
760,1,2,3,4,5,6,7,8,9,10,11,12,13,14,15,16,17
761,1,2,3,4,5,6,7,8,9,10,11,12,13,14,15,16,17
762,1,2,3,4,5,6,7,8,9,10,11,12,13,14,15,16,17
763,1,1,8,12,5,15,7,8,9,10,11,12,13,14,15,16,17
764,1,2,3,4,5,6,7,8,9,10,11,12,13,14,15,16,17
765,1,2,3,4,5,6,7,8,9,10,11,12,13,14,15,16,17
766,1,2,3,4,5,6,7,8,9,10,11,12,13,14,15,16,17
767,1,2,3,4,5,6,7,8,9,10,11,12,13,14,15,16,17
768,1,2,3,4,5,6,7,8,9,10,11,12,13,14,15,16,17
769,1,2,3,4,5,6,7,8,9,10,11,12,13,14,15,16,17
770,1,2,3,4,5,6,7,8,9,10,11,12,13,14,15,16,17
771,1,2,3,4,5,6,7,8,9,10,11,12,13,14,15,16,17
772,1,2,3,4,5,6,7,8,9,10,11,12,13,14,15,16,17
773,1,2,3,4,5,6,7,8,9,10,11,12,13,14,15,16,17
774,1,2,3,4,5,6,7,8,9,10,11,12,13,14,15,16,17
775,1,2,3,4,5,6,7,8,9,10,11,12,13,14,15,16,17
776,1,2,3,4,5,6,7,8,9,10,11,12,13,14,15,16,17
777,1,2,3,4,5,6,7,8,9,10,11,12,13,14,15,16,17
778,1,2,3,4,5,6,7,8,9,10,11,12,13,14,15,16,17
779,1,2,3,4,5,6,7,8,9,10,11,12,13,14,15,16,17
780,1,2,3,4,5,6,7,8,9,10,11,12,13,14,15,16,17
781,1,2,3,4,5,6,7,8,9,10,11,12,13,14,15,16,17
782,1,2,3,4,5,6,7,8,9,10,11,12,13,14,15,16,17
783,1,2,3,4,5,6,7,8,9,10,11,12,13,14,15,16,17
784,1,2,3,4,5,6,7,8,9,10,11,12,13,14,15,16,17
785,1,2,3,4,5,6,7,8,9,10,11,12,13,14,15,16,17
786,1,2,3,4,5,6,7,8,9,10,11,12,13,14,15,16,17
787,1,2,3,4,5,6,7,8,9,10,11,12,13,14,15,16,17
788,1,2,3,4,5,6,7,8,9,10,11,12,13,14,15,16,17
789,1,2,3,4,5,6,7,8,9,10,11,12,13,14,15,16,17
790,1,2,3,4,5,6,7,8,9,10,11,12,13,14,15,16,17
791,1,2,3,4,5,6,7,8,9,10,11,12,13,14,15,16,17
792,1,2,3,4,5,6,7,8,9,10,11,12,13,14,15,16,17
793,1,2,3,4,5,6,7,8,9,10,11,12,13,14,15,16,17
794,1,2,3,4,5,6,7,8,9,10,11,12,13,14,15,16,17
795,1,2,3,4,5,6,7,8,9,10,11,12,13,14,15,16,17
796,1,2,3,4,5,6,7,8,9,10,11,12,13,14,15,16,17
797,1,2,3,4,5,6,7,8,9,10,11,12,13,14,15,16,17
798,1,2,3,4,5,6,7,8,9,10,11,12,13,14,15,16,17
799,1,2,3,4,5,6,7,8,9,10,11,12,13,14,15,16,17
800,1,2,3,4,5,6,7,8,9,10,11,12,13,14,15,16,17
801,1,2,3,4,5,6,7,8,9,10,11,12,13,14,15,16,17
802,1,2,3,4,5,6,7,8,9,10,11,12,13,14,15,16,17
803,1,2,3,4,5,6,7,8,9,10,11,12,13,14,15,16,17
804,1,2,3,4,5,6,7,8,9,10,11,12,13,14,15,16,17
805,1,2,3,4,5,6,7,8,9,10,11,12,13,14,15,16,17
806,1,2,3,4,5,6,7,8,9,10,11,12,13,14,15,16,17
807,1,2,3,4,5,6,7,8,9,10,11,12,13,14,15,16,17
808,1,2,3,4,5,6,7,8,9,10,11,12,13,14,15,16,17
809,1,2,3,4,5,6,7,8,9,10,11,12,13,14,15,16,17
810,1,2,3,4,5,6,7,8,9,10,11,12,13,14,15,16,17
811,1,2,3,4,5,6,7,8,9,10,11,12,13,14,15,16,17
812,1,2,3,4,5,6,7,8,9,10,11,12,13,14,15,16,17
813,1,2,3,4,5,6,7,8,9,10,11,12,13,14,15,16,17
814,1,2,3,4,5,6,7,8,9,10,11,12,13,14,15,16,17
815,1,2,3,4,5,6,7,8,9,10,11,12,13,14,15,16,17
816,1,2,3,4,5,6,7,8,9,10,11,12,13,14,15,16,17
817,1,2,3,4,5,6,7,8,9,10,11,12,13,14,15,16,17
818,1,2,3,4,5,6,7,8,9,10,11,12,13,14,15,16,17
819,1,2,3,4,5,6,7,8,9,10,11,12,13,14,15,16,17
820,1,2,3,4,5,6,7,8,9,10,11,12,13,14,15,16,17
821,1,2,3,4,5,6,7,8,9,10,11,12,13,14,15,16,17
822,1,2,3,4,5,6,7,8,9,10,11,12,13,14,15,16,17
823,1,2,3,4,5,6,7,8,9,10,11,12,13,14,15,16,17
824,1,2,3,4,5,6,7,8,9,10,11,12,13,14,15,16,17
825,1,2,3,4,5,6,7,8,9,10,11,12,13,14,15,16,17
826,1,2,3,4,5,6,7,8,9,10,11,12,13,14,15,16,17
827,1,2,3,4,5,6,7,8,9,10,11,12,13,14,15,16,17
828,1,2,3,4,5,6,7,8,9,10,11,12,13,14,15,16,17
829,1,2,3,4,5,6,7,8,9,10,11,12,13,14,15,16,17
830,1,2,3,4,5,6,7,8,9,10,11,12,13,14,15,16,17
831,1,2,3,4,5,6,7,8,9,10,11,12,13,14,15,16,17
832,1,2,3,4,5,6,7,8,9,10,11,12,13,14,15,16,17
833,1,2,3,4,5,6,7,8,9,10,11,12,13,14,15,16,17
834,1,2,3,4,5,6,7,8,9,10,11,12,13,14,15,16,17
835,1,2,3,4,5,6,7,8,9,10,11,12,13,14,15,16,17
836,1,2,3,4,5,6,7,8,9,10,11,12,13,14,15,16,17
837,1,2,3,4,5,6,7,8,9,10,11,12,13,14,15,16,17
838,1,2,3,4,5,6,7,8,9,10,11,12,13,14,15,16,17
839,1,2,3,4,5,6,7,8,9,10,11,12,13,14,15,16,17
840,1,2,3,4,5,6,7,8,9,10,11,12,13,14,15,16,17
841,1,2,3,4,5,6,7,8,9,10,11,12,13,14,15,16,17
842,1,2,3,4,5,6,7,8,9,10,11,12,13,14,15,16,17
843,1,2,3,4,5,6,7,8,9,10,11,12,13,14,15,16,17
844,1,2,3,4,5,6,7,8,9,10,11,12,13,14,15,16,17
845,1,2,3,4,5,6,7,8,9,10,11,12,13,14,15,16,17
846,1,2,3,4,5,6,7,8,9,10,11,12,13,14,15,16,17
847,1,2,3,4,5,6,7,8,9,10,11,12,13,14,15,16,17
848,1,2,3,4,5,6,7,8,9,10,11,12,13,14,15,16,17
849,1,2,3,4,5,6,7,8,9,10,11,12,13,14,15,16,17
850,1,2,3,4,5,6,7,8,9,10,11,12,13,14,15,16,17
851,1,2,3,4,5,6,7,8,9,10,11,12,13,14,15,16,17
852,1,2,3,4,5,6,7,8,9,10,11,12,13,14,15,16,17
853,1,2,3,4,5,6,7,8,9,10,11,12,13,14,15,16,17
854,1,2,3,4,5,6,7,8,9,10,11,12,13,14,15,16,17
855,1,2,3,4,5,6,7,8,9,10,11,12,13,14,15,16,17
856,1,2,3,4,5,6,7,8,9,10,11,12,13,14,15,16,17
857,1,2,3,4,5,6,7,8,9,6,11,12,13,14,6,16,17
858,1,2,3,4,5,6,7,8,9,10,11,12,13,14,15,16,17
859,1,2,3,4,5,6,7,8,9,10,11,12,13,14,15,16,17
860,1,2,3,4,5,6,7,8,9,10,11,12,13,14,15,16,17
861,1,2,3,4,5,6,7,8,9,10,11,12,13,14,15,16,17
862,1,2,3,4,5,6,7,8,9,10,11,12,13,14,15,16,17
863,1,2,3,4,5,6,7,8,9,10,11,12,13,14,15,16,17
864,1,2,3,4,5,6,7,8,9,10,11,12,13,14,15,16,17
865,1,2,3,4,5,6,7,8,9,10,11,12,13,14,15,16,17
866,1,2,3,4,5,6,7,8,9,10,11,12,13,14,15,16,17
867,1,2,3,4,5,6,7,8,9,10,11,12,13,14,15,16,17
868,1,2,3,4,5,6,7,8,9,10,11,12,13,14,15,16,17
869,1,2,3,4,5,6,7,8,9,10,11,12,13,14,15,16,17
870,1,2,3,4,5,6,7,8,9,10,11,12,13,14,15,16,17
871,1,2,3,4,5,6,7,8,9,10,11,12,13,14,15,16,17
872,1,2,3,4,5,6,7,8,9,10,11,12,13,14,15,16,17
873,1,2,3,4,5,6,7,8,9,10,11,12,13,14,15,16,17
874,1,2,3,4,5,6,7,8,9,10,11,12,13,14,15,16,17
875,1,2,3,4,5,6,7,8,9,10,11,12,13,14,15,16,17
876,1,2,3,4,5,6,7,8,9,10,11,12,13,14,15,16,17
877,1,2,3,4,5,6,7,8,9,10,11,12,13,14,15,16,17
878,1,2,3,4,5,6,7,8,9,10,11,12,13,14,15,16,17
879,1,2,3,4,5,6,7,8,9,10,11,12,13,14,15,16,17
880,1,2,3,4,5,6,7,8,9,10,11,12,13,14,15,16,17
881,1,2,3,4,5,6,7,8,9,10,11,12,13,14,15,16,17
882,1,2,3,4,5,6,7,8,9,10,11,12,13,14,15,16,17
883,1,2,3,4,5,6,7,8,9,10,11,12,13,14,15,16,17
884,1,5,7,7,5,7,7,9,9,10,11,12,13,14,15,16,17
885,1,1,7,10,5,12,7,15,9,10,11,12,13,14,15,16,17
886,1,2,3,4,5,6,7,8,9,10,11,12,13,14,15,16,17
887,1,2,3,4,5,6,7,8,9,10,11,12,13,14,15,16,17
888,1,2,3,4,5,6,7,8,9,10,11,12,13,14,15,16,17
889,1,2,3,4,5,6,7,8,9,10,11,12,13,14,15,16,17
890,1,2,3,4,5,6,7,8,9,10,11,12,13,14,15,16,17
891,1,2,3,4,5,6,7,8,9,10,11,12,13,14,15,16,17
892,1,2,3,4,5,6,7,8,9,10,11,12,13,14,15,16,17
893,1,2,10,4,5,6,7,8,9,10,11,12,13,14,15,16,17
894,1,2,13,4,5,6,7,8,9,10,11,12,13,14,15,16,17
895,1,2,3,4,5,6,7,8,9,10,11,12,13,14,15,16,17
896,1,2,3,4,5,6,7,8,9,10,11,12,13,14,15,16,17
897,1,2,3,4,5,6,7,8,9,10,11,12,13,14,15,16,17
898,1,2,3,4,5,6,7,8,9,10,11,12,13,14,15,16,17
899,1,2,3,4,5,6,7,8,9,10,11,12,13,14,15,16,17
900,1,2,3,4,5,6,7,8,9,10,11,12,13,14,15,16,17
901,1,2,3,4,5,6,7,8,9,10,11,12,13,14,15,16,17
902,1,2,3,4,5,6,7,8,9,10,11,12,13,14,15,16,17
903,1,2,3,4,5,6,7,8,9,10,11,12,13,14,15,16,17
904,1,2,3,4,5,6,7,8,9,10,11,12,13,14,15,16,17
905,1,1,11,12,13,14,15,16,17,17,11,12,13,14,15,16,17
906,1,5,9,12,5,16,7,8,9,10,11,12,13,14,15,16,17
907,1,2,3,4,5,6,7,8,9,10,11,12,13,14,15,16,17
908,1,2,3,4,5,6,7,8,9,10,11,12,13,14,15,16,17
909,1,2,3,4,5,6,7,8,9,10,11,12,13,14,15,16,17
910,1,2,3,4,5,6,7,8,9,10,11,12,13,14,15,16,17
911,1,2,3,4,5,6,7,8,9,10,11,12,13,14,15,16,17
912,1,2,3,4,5,6,7,8,9,10,11,12,13,14,15,16,17
913,1,2,3,4,5,6,7,8,9,10,11,12,13,14,15,16,17
914,1,2,3,4,5,6,7,8,9,10,11,12,13,14,15,16,17
915,1,2,3,4,5,6,7,8,9,10,11,12,13,14,15,16,17
916,1,2,3,4,5,6,7,8,9,10,11,12,13,14,15,16,17
917,1,2,3,4,5,6,7,8,9,10,11,12,13,14,15,16,17
918,1,2,3,4,5,6,7,8,9,10,11,12,13,14,15,16,17
919,1,2,3,4,5,6,7,8,9,10,11,12,13,14,15,16,17
920,1,2,3,4,5,6,7,8,9,10,11,12,13,14,15,16,17
921,1,2,3,4,5,6,7,8,9,10,11,12,13,14,15,16,17
922,1,2,3,4,5,6,7,8,9,10,11,12,13,14,15,16,17
923,1,2,3,4,5,6,7,8,9,10,11,12,13,14,15,16,17
924,1,2,3,4,5,6,7,8,9,10,11,12,13,14,15,16,17
925,1,2,3,4,5,6,7,8,9,10,11,12,13,14,15,16,17
926,1,2,3,4,5,6,7,8,9,10,11,12,13,14,15,16,17
927,1,2,3,4,5,6,7,8,9,10,11,12,13,14,15,16,17
928,1,2,3,4,5,6,7,8,9,10,11,12,13,14,15,16,17
929,1,2,3,4,5,6,7,8,9,10,11,12,13,14,15,16,17
930,1,2,3,4,5,6,7,8,9,10,11,12,13,14,15,16,17
931,1,2,3,4,5,6,7,8,9,10,11,12,13,14,15,16,17
932,1,2,3,4,5,6,7,8,9,10,11,12,13,14,15,16,17
933,1,2,3,4,5,6,7,8,9,10,11,12,13,14,15,16,17
934,1,2,3,4,5,6,7,8,9,10,11,12,13,14,15,16,17
935,1,2,3,4,5,6,7,8,9,10,11,12,13,14,15,16,17
936,1,2,3,4,5,6,7,8,9,10,11,12,13,14,15,16,17
937,1,2,3,4,5,6,7,8,9,10,11,12,13,14,15,16,17
938,1,2,3,4,5,6,7,8,9,10,11,12,13,14,15,16,17
939,1,2,3,4,5,6,7,8,9,10,11,12,13,14,15,16,17
940,1,2,3,4,5,6,7,8,9,10,11,12,13,14,15,16,17
941,1,2,3,4,5,6,7,8,9,10,11,12,13,14,15,16,17
942,1,2,3,4,5,6,7,8,9,10,11,12,13,14,15,16,17
943,1,2,3,4,5,6,7,8,9,10,11,12,13,14,15,16,17
944,1,2,3,4,5,6,7,8,9,10,11,12,13,14,15,16,17
945,1,2,3,4,5,6,7,8,9,10,11,12,13,14,15,16,17
946,1,2,3,4,5,6,7,8,9,10,11,12,13,14,15,16,17
947,1,2,3,4,5,6,7,8,9,10,11,12,13,14,15,16,17
948,1,2,3,4,5,6,7,8,9,10,11,12,13,14,15,16,17
949,1,2,3,4,5,6,7,8,9,10,11,12,13,14,15,16,17
950,1,2,3,4,5,6,7,8,9,10,11,12,13,14,15,16,17
951,1,2,3,4,5,6,7,8,9,10,11,12,13,14,15,16,17
952,1,2,3,4,5,6,7,8,9,10,11,12,13,14,15,16,17
953,1,2,3,4,5,6,7,8,9,10,11,12,13,14,15,16,17
954,1,2,3,4,5,6,7,8,9,10,11,12,13,14,15,16,17
955,1,2,3,4,5,6,7,8,9,10,11,12,13,14,15,16,17
956,1,2,3,4,5,6,7,8,9,10,11,12,13,14,15,16,17
957,1,2,3,4,5,6,7,8,9,10,11,12,13,14,15,16,17
958,1,2,3,4,5,6,7,8,9,10,11,12,13,14,15,16,17
959,1,2,3,4,5,6,7,8,9,10,11,12,13,14,15,16,17
960,1,2,3,4,5,6,7,8,9,10,11,12,13,14,15,16,17
961,1,2,3,4,5,6,7,8,9,10,11,12,13,14,15,16,17
962,1,2,3,4,5,6,7,8,9,10,11,12,13,14,15,16,17
963,1,2,3,4,5,6,7,8,9,10,11,12,13,14,15,16,17
964,1,2,3,4,5,6,7,8,9,10,11,12,13,14,15,16,17
965,1,2,3,4,5,6,7,8,9,10,11,12,13,14,15,16,17
966,1,2,3,4,5,6,7,8,9,10,11,12,13,14,15,16,17
967,1,2,3,4,5,6,7,8,9,10,11,12,13,14,15,16,17
968,1,2,3,4,5,6,7,8,9,10,11,12,13,14,15,16,17
969,1,2,3,4,5,6,7,8,9,10,11,12,13,14,15,16,17
970,1,2,3,4,5,6,7,8,9,10,11,12,13,14,15,16,17
971,1,2,3,4,5,6,7,8,9,10,11,12,13,14,15,16,17
972,1,2,3,4,5,6,7,8,9,10,11,12,13,14,15,16,17
973,1,2,3,4,5,6,7,8,9,10,11,12,13,14,15,16,17
974,1,2,3,4,5,6,7,8,9,10,11,12,13,14,15,16,17
975,1,2,3,4,5,6,7,8,9,10,11,12,13,14,15,16,17
976,1,2,3,4,5,6,7,8,9,10,11,12,13,14,15,16,17
977,1,2,3,4,5,6,7,8,9,10,11,12,13,14,15,16,17
978,1,2,3,4,5,6,7,8,9,10,11,12,13,14,15,16,17
979,1,2,3,4,5,6,7,8,9,10,11,12,13,14,15,16,17
980,1,2,3,4,5,6,7,8,9,10,11,12,13,14,15,16,17
981,1,2,3,4,5,6,7,8,9,10,11,12,13,14,15,16,17
982,1,2,3,4,5,6,7,8,9,10,11,12,13,14,15,16,17
983,1,2,3,4,5,6,7,8,9,10,11,12,13,14,15,16,17
984,1,2,3,4,5,6,7,8,9,10,11,12,13,14,15,16,17
985,1,2,3,4,5,6,7,8,9,10,11,12,13,14,15,16,17
986,1,2,3,4,5,6,7,8,9,10,11,12,13,14,15,16,17
987,1,2,3,4,5,6,7,8,9,10,11,12,13,14,15,16,17
988,1,2,3,4,5,6,7,8,9,10,11,12,13,14,15,16,17
989,1,2,3,4,5,6,7,8,9,10,11,12,13,14,15,16,17
990,1,2,3,4,5,6,7,8,9,10,11,12,13,14,15,16,17
991,1,2,3,4,5,6,7,8,9,10,11,12,13,14,15,16,17
992,1,2,3,4,5,6,7,8,9,10,11,12,13,14,15,16,17
993,1,2,3,4,5,6,7,8,9,10,11,12,13,14,15,16,17
994,1,2,3,4,5,6,7,8,9,10,11,12,13,14,15,16,17
995,1,2,3,4,5,6,7,8,9,10,11,12,13,14,15,16,17
996,1,2,3,4,5,6,7,8,9,10,11,12,13,14,15,16,17
997,1,2,3,4,5,6,7,8,9,10,11,12,13,14,15,16,17
998,1,2,3,4,5,6,7,8,9,10,11,12,13,14,15,16,17
999,1,2,3,4,5,6,7,8,9,10,11,12,13,14,15,16,17
1000,3,2,3,4,5,6,3,8,9,3,11,12,6,14,6,16,17
1001,1,2,3,4,5,6,7,8,9,10,11,12,13,14,15,16,17
1002,1,2,3,4,5,6,7,8,9,10,11,12,13,14,15,16,17
1003,1,2,3,4,5,6,7,8,9,10,11,12,13,14,15,16,17
1004,1,2,3,4,5,6,7,8,9,10,11,12,13,14,15,16,17
1005,1,2,3,4,5,6,7,8,9,10,11,12,13,14,15,16,17
1006,1,2,3,4,5,6,7,8,9,10,11,12,13,14,15,16,17
1007,1,2,3,4,5,6,7,8,9,10,11,12,13,14,15,16,17
1008,1,2,3,4,5,6,7,8,9,10,11,12,13,14,15,16,17
1009,1,2,3,4,5,6,7,8,9,10,11,12,13,14,15,16,17
1010,1,2,3,4,5,6,7,8,9,10,11,12,13,14,15,16,17
1011,1,2,3,4,5,6,7,8,9,10,11,12,13,14,15,16,17
1012,1,2,3,4,5,6,7,8,9,10,11,12,13,14,15,16,17
1013,1,2,3,4,5,6,7,8,9,10,11,12,13,14,15,16,17
1014,1,2,3,4,5,6,7,8,9,10,11,12,13,14,15,16,17
1015,1,2,3,4,5,6,7,8,9,10,11,12,13,14,15,16,17
1016,1,2,3,4,5,6,7,8,9,10,11,12,13,14,15,16,17
1017,1,2,3,4,5,6,7,8,9,10,11,12,13,14,15,16,17
1018,1,2,3,4,5,6,7,8,9,10,11,12,13,14,15,16,17
1019,1,2,3,4,5,6,7,8,9,10,11,12,13,14,15,16,17
1020,1,2,3,4,5,6,7,8,9,10,11,12,13,14,15,16,17
1021,1,2,3,4,5,6,7,8,9,10,11,12,13,14,15,16,17
1022,1,2,3,4,5,6,7,8,9,10,11,12,13,14,15,16,17
1023,1,2,3,4,5,6,7,8,9,10,11,12,13,14,15,16,17
1024,1,2,3,4,5,6,7,8,9,10,11,12,13,14,15,16,17
1025,1,2,3,4,5,6,7,8,9,10,11,12,13,14,15,16,17
1026,1,2,3,4,5,6,7,8,9,10,11,12,13,14,15,16,17
1027,1,2,3,4,5,6,7,8,9,10,11,12,13,14,15,16,17
1028,1,2,3,4,5,6,7,8,9,10,11,12,13,14,15,16,17
1029,1,2,3,4,5,6,7,8,9,10,11,12,13,14,15,16,17
1030,1,2,3,4,5,6,7,8,9,10,11,12,13,14,15,16,17
1031,1,2,3,4,5,6,7,8,9,10,11,12,13,14,15,16,17
1032,1,2,3,4,5,6,7,8,9,10,11,12,13,14,15,16,17
1033,1,2,3,4,5,6,7,8,9,10,11,12,13,14,15,16,17
1034,1,2,3,4,5,6,7,8,9,10,11,12,13,14,15,16,17
1035,1,2,3,4,5,6,7,8,9,10,11,12,13,14,15,16,17
1036,1,2,3,4,5,6,7,8,9,10,11,12,13,14,15,16,17
1037,1,2,3,4,5,6,7,8,9,10,11,12,13,14,15,16,17
1038,1,2,3,4,5,6,7,8,9,10,11,12,13,14,15,16,17
1039,1,2,3,4,5,6,7,8,9,10,11,12,13,14,15,16,17
1040,1,2,3,4,5,6,7,8,9,10,11,12,13,14,15,16,17
1041,1,2,3,4,5,6,7,8,9,10,11,12,13,14,15,16,17
1042,1,2,3,4,5,6,7,8,9,10,11,12,13,14,15,16,17
1043,1,2,3,4,5,6,7,8,9,10,11,12,13,14,15,16,17
1044,1,2,3,4,5,6,7,8,9,10,11,12,13,14,15,16,17
1045,1,2,3,4,5,6,7,8,9,10,11,12,13,14,15,16,17
1046,1,2,3,4,5,6,7,8,9,10,11,12,13,14,15,16,17
1047,1,1,10,11,13,14,15,16,17,10,11,12,13,14,15,16,17
1048,1,1,12,13,14,15,15,16,9,17,11,12,13,14,15,16,17
1049,1,2,3,4,5,6,7,8,9,10,11,12,13,14,15,16,17
1050,1,2,3,4,5,6,7,8,9,10,11,12,13,14,15,16,17
1051,1,2,3,4,5,6,7,8,9,10,11,12,13,14,15,16,17
1052,1,2,3,4,5,6,7,8,9,10,11,12,13,14,15,16,17
1053,1,2,3,4,5,6,7,8,9,10,11,12,13,14,15,16,17
1054,1,2,3,4,5,6,7,8,9,10,11,12,13,14,15,16,17
1055,1,2,3,4,5,6,7,8,9,10,11,12,13,14,15,16,17
1056,1,2,3,4,5,6,7,8,9,10,11,12,13,14,15,16,17
1057,1,2,3,4,5,6,7,8,9,10,11,12,13,14,15,16,17
1058,1,2,3,4,5,6,7,8,9,10,11,12,13,14,15,16,17
1059,1,2,3,4,5,6,7,8,9,10,11,12,13,14,15,16,17
1060,1,2,3,4,5,6,7,8,9,10,11,12,13,14,15,16,17
1061,1,2,3,4,5,6,7,8,9,10,11,12,13,14,15,16,17
1062,1,2,3,4,5,6,7,8,9,10,11,12,13,14,15,16,17
1063,1,2,3,4,5,6,7,8,9,10,11,12,13,14,15,16,17
1064,1,2,3,4,5,6,7,8,9,10,11,12,13,14,15,16,17
1065,1,2,3,4,5,6,7,8,9,10,11,12,13,14,15,16,17
1066,1,2,3,4,5,6,7,8,9,10,11,12,13,14,15,16,17
1067,1,2,3,4,5,6,7,8,9,10,11,12,13,14,15,16,17
1068,1,2,3,4,5,6,7,8,9,10,11,12,13,14,15,16,17
1069,1,2,3,4,5,6,7,8,9,10,11,12,13,14,15,16,17
1070,1,2,3,4,5,6,7,8,9,10,11,12,13,14,15,16,17
1071,1,2,3,4,5,6,7,8,9,10,11,12,13,14,15,16,17
1072,1,2,3,4,5,6,7,8,9,10,11,12,13,14,15,16,17
1073,1,2,3,4,5,6,7,8,9,10,11,12,13,14,15,16,17
1074,1,2,3,4,5,6,7,8,9,10,11,12,13,14,15,16,17
1075,1,2,3,4,5,6,7,8,9,10,11,12,13,14,15,16,17
1076,1,2,3,4,5,6,7,8,9,10,11,12,13,14,15,16,17
1077,1,2,3,4,5,6,7,8,9,10,11,12,13,14,15,16,17
1078,1,2,3,4,5,6,7,8,9,10,11,12,13,14,15,16,17
1079,1,2,3,4,5,6,7,8,9,10,11,12,13,14,15,16,17
1080,1,2,3,4,5,6,7,8,9,10,11,12,13,14,15,16,17
1081,1,2,3,4,5,6,7,8,9,10,11,12,13,14,15,16,17
1082,1,2,3,4,5,6,7,8,9,10,11,12,13,14,15,16,17
1083,1,2,3,4,5,6,7,8,9,10,11,12,13,14,15,16,17
1084,1,2,3,4,5,6,7,8,9,10,11,12,13,14,15,16,17
1085,1,2,3,4,5,6,7,8,9,10,11,12,13,14,15,16,17
1086,1,2,3,4,5,6,7,8,9,10,11,12,13,14,15,16,17
1087,1,2,3,4,5,6,7,8,9,10,11,12,13,14,15,16,17
1088,1,2,3,4,5,6,7,8,9,10,11,12,13,14,15,16,17
1089,1,2,3,4,5,6,7,8,9,10,11,12,13,14,15,16,17
1090,1,2,3,4,5,6,7,8,9,10,11,12,13,14,15,16,17
1091,1,2,3,4,5,6,7,8,9,10,11,12,13,14,15,16,17
1092,1,2,3,4,5,6,7,8,9,10,11,12,13,14,15,16,17
1093,1,2,3,4,5,6,7,8,9,10,11,12,13,14,15,16,17
1094,1,2,3,4,5,6,7,8,9,10,11,12,13,14,15,16,17
1095,1,2,3,4,5,6,7,8,9,10,11,12,13,14,15,16,17
1096,1,2,3,4,5,6,7,8,9,10,11,12,13,14,15,16,17
1097,1,2,3,4,5,6,7,8,9,10,11,12,13,14,15,16,17
1098,1,2,3,4,5,6,7,8,9,10,11,12,13,14,15,16,17
1099,1,2,3,4,5,6,7,8,9,10,11,12,13,14,15,16,17
1100,1,2,3,4,5,6,7,8,9,10,11,12,13,14,15,16,17
1101,1,2,3,4,5,6,7,8,9,10,11,12,13,14,15,16,17
1102,1,2,3,4,5,6,7,8,9,10,11,12,13,14,15,16,17
1103,1,2,3,4,5,6,7,8,9,10,11,12,13,14,15,16,17
1104,1,2,3,4,5,6,7,8,9,10,11,12,13,14,15,16,17
1105,1,2,3,4,5,6,7,8,9,10,11,12,13,14,15,16,17
1106,1,2,3,4,5,6,7,8,9,10,11,12,13,14,15,16,17
1107,1,2,3,4,5,6,7,8,9,10,11,12,13,14,15,16,17
1108,1,2,3,4,5,6,7,8,9,10,11,12,13,14,15,16,17
1109,1,2,3,4,5,6,7,8,9,10,11,12,13,14,15,16,17
1110,1,2,3,4,5,6,7,8,9,10,11,12,13,14,15,16,17
1111,1,2,3,4,5,6,7,8,9,10,11,12,13,14,15,16,17
1112,1,2,3,4,5,6,7,8,9,10,11,12,13,14,15,16,17
1113,1,2,3,4,5,6,7,8,9,10,11,12,13,14,15,16,17
1114,1,2,3,4,5,6,7,8,9,10,11,12,13,14,15,16,17
1115,1,2,3,4,5,6,7,8,9,10,11,12,13,14,15,16,17
1116,1,2,3,4,5,6,7,8,9,10,11,12,13,14,15,16,17
1117,1,2,3,4,5,6,7,8,9,10,11,12,13,14,15,16,17
1118,1,2,3,4,5,6,7,8,9,10,11,12,13,14,15,16,17
1119,1,2,3,4,5,6,7,8,9,10,11,12,13,14,15,16,17
1120,1,2,3,4,5,6,7,8,9,10,11,12,13,14,15,16,17
1121,1,2,3,4,5,6,7,8,9,10,11,12,13,14,15,16,17
1122,1,2,3,4,5,6,7,8,9,10,11,12,13,14,15,16,17
1123,1,2,3,4,5,6,7,8,9,10,11,12,13,14,15,16,17
1124,1,2,3,4,5,6,7,8,9,10,11,12,13,14,15,16,17
1125,1,2,3,4,5,6,7,8,9,10,11,12,13,14,15,16,17
1126,1,2,3,4,5,6,7,8,9,10,11,12,13,14,15,16,17
1127,1,2,3,4,5,6,7,8,9,10,11,12,13,14,15,16,17
1128,1,2,3,4,5,6,7,8,9,10,11,12,13,14,15,16,17
1129,1,2,3,4,5,6,7,8,9,10,11,12,13,14,15,16,17
1130,1,2,3,4,5,6,7,8,9,10,11,12,13,14,15,16,17
1131,1,2,3,4,5,6,7,8,9,10,11,12,13,14,15,16,17
1132,1,2,3,4,5,6,7,8,9,10,11,12,13,14,15,16,17
1133,1,2,3,4,5,6,7,8,9,10,11,12,13,14,15,16,17
1134,1,2,3,4,5,6,7,8,9,10,11,12,13,14,15,16,17
1135,1,2,3,4,5,6,7,8,9,10,11,12,13,14,15,16,17
1136,1,2,3,4,5,6,7,8,9,10,11,12,13,14,15,16,17
1137,1,2,3,4,5,6,7,8,9,10,11,12,13,14,15,16,17
1138,1,2,3,4,5,6,7,8,9,10,11,12,13,14,15,16,17
1139,1,2,3,4,5,6,7,8,9,10,11,12,13,14,15,16,17
1140,1,2,3,4,5,6,7,8,9,10,11,12,13,14,15,16,17
1141,1,2,3,4,5,6,7,8,9,10,11,12,13,14,15,16,17
1142,1,2,3,4,5,6,7,8,3,10,3,12,13,3,15,16,6
1143,1,3,3,4,3,6,7,3,9,10,3,12,6,14,15,6,17
1144,1,2,3,4,5,6,7,8,9,10,11,12,13,14,15,16,17
1145,1,2,3,4,5,6,7,8,9,10,11,12,13,14,15,16,17
1146,1,2,3,4,5,6,7,8,9,10,11,12,13,14,15,16,17
1147,1,2,3,4,5,6,7,8,9,10,11,12,13,14,15,16,17
1148,1,2,3,4,5,6,7,8,9,10,11,12,13,14,15,16,17
1149,1,2,3,4,5,6,7,8,9,10,11,12,13,14,15,16,17
1150,1,2,3,4,5,6,7,8,9,10,11,12,13,14,15,16,17
1151,1,2,3,4,5,6,7,8,9,10,11,12,13,14,15,16,17
1152,1,2,3,4,5,6,7,8,9,10,11,12,13,14,15,16,17
1153,1,2,3,4,5,6,7,8,9,10,11,12,13,14,15,16,17
1154,1,2,3,4,5,6,7,8,9,10,11,12,13,14,15,16,17
1155,1,2,3,4,5,6,7,8,9,10,11,12,13,14,15,16,17
1156,1,2,3,4,5,6,7,8,9,10,11,12,13,14,15,16,17
1157,1,2,3,4,5,6,7,8,9,10,11,12,13,14,15,16,17
1158,1,2,3,4,5,6,7,8,9,10,11,12,13,14,15,16,17
1159,1,2,3,4,5,6,7,8,9,10,11,12,13,14,15,16,17
1160,1,2,3,4,5,6,7,8,9,10,11,12,13,14,15,16,17
1161,1,2,3,4,5,6,7,8,9,10,11,12,13,14,15,16,17
1162,1,2,3,4,5,6,7,8,9,10,11,12,13,14,15,16,17
1163,1,2,3,4,5,6,7,8,9,10,11,12,13,14,15,16,17
1164,1,2,3,4,5,6,7,8,9,10,11,12,13,14,15,16,17
1165,1,2,3,4,5,6,7,8,9,10,11,12,13,14,15,16,17
1166,1,2,3,4,5,6,7,8,9,10,11,12,13,14,15,16,17
1167,1,2,3,4,5,6,7,8,9,10,11,12,13,14,15,16,17
1168,1,2,3,4,5,6,7,8,9,10,11,12,13,14,15,16,17
1169,1,2,3,4,5,6,7,8,9,10,11,12,13,14,15,16,17
1170,1,2,3,4,5,6,7,8,9,10,11,12,13,14,15,16,17
1171,1,2,3,4,5,6,7,8,9,10,11,12,13,14,15,16,17
1172,1,2,3,4,5,6,7,8,9,10,11,12,13,14,15,16,17
1173,1,2,3,4,5,6,7,8,9,10,11,12,13,14,15,16,17
1174,1,2,3,4,5,6,7,8,9,10,11,12,13,14,15,16,17
1175,1,2,3,4,5,6,7,8,9,10,11,12,13,14,15,16,17
1176,1,2,3,4,5,6,7,8,9,10,11,12,13,14,15,16,17
1177,1,2,3,4,5,6,7,8,9,10,11,12,13,14,15,16,17
1178,1,2,3,4,5,6,7,8,9,10,11,12,13,14,15,16,17
1179,1,2,3,4,5,6,7,8,9,10,11,12,13,14,15,16,17
1180,1,2,3,4,5,6,7,8,9,10,11,12,13,14,15,16,17
1181,1,2,3,4,5,6,7,8,9,10,11,12,13,14,15,16,17
1182,1,2,3,4,5,6,7,8,9,10,11,12,13,14,15,16,17
1183,1,2,3,4,5,6,7,8,9,10,11,12,13,14,15,16,17
1184,1,2,3,4,5,6,7,8,9,10,11,12,13,14,15,16,17
1185,1,2,3,4,5,6,7,8,9,10,11,12,13,14,15,16,17
1186,1,2,3,4,5,6,7,8,9,10,11,12,13,14,15,16,17
1187,1,2,3,4,5,6,7,8,9,10,11,12,13,14,15,16,17
1188,1,2,3,4,5,6,7,8,9,10,11,12,13,14,15,16,17
1189,1,1,8,11,5,14,7,8,9,10,11,12,13,14,15,16,17
1190,1,1,10,11,12,14,15,8,17,10,11,12,13,14,15,16,17
1191,1,2,3,4,5,6,7,8,9,10,11,12,13,14,15,16,17
1192,1,2,3,4,5,6,7,8,9,10,11,12,13,14,15,16,17
1193,1,2,3,4,5,6,7,8,9,10,11,12,13,14,15,16,17
1194,1,2,3,4,5,6,7,8,9,10,11,12,13,14,15,16,17
1195,1,2,3,4,5,6,7,8,9,10,11,12,13,14,15,16,17
1196,1,2,3,4,5,6,7,8,9,10,11,12,13,14,15,16,17
1197,1,2,3,4,5,6,7,8,9,10,11,12,13,14,15,16,17
1198,1,2,3,4,5,6,7,8,9,10,11,12,13,14,15,16,17
1199,1,2,3,4,5,6,7,8,9,10,11,12,13,14,15,16,17
1200,1,2,3,4,5,6,7,8,9,10,11,12,13,14,15,16,17
1201,1,2,3,4,5,6,7,8,9,10,11,12,13,14,15,16,17
1202,1,2,3,4,5,6,7,8,9,10,11,12,13,14,15,16,17
1203,1,2,3,4,5,6,7,8,9,10,11,12,13,14,15,16,17
1204,1,2,3,4,5,6,7,8,9,10,11,12,13,14,15,16,17
1205,1,2,3,4,5,6,7,8,9,10,11,12,13,14,15,16,17
1206,1,2,3,4,5,6,7,8,9,10,11,12,13,14,15,16,17
1207,1,2,3,4,5,6,7,8,9,10,11,12,13,14,15,16,17
1208,1,2,3,4,5,6,7,8,9,10,11,12,13,14,15,16,17
1209,1,2,3,4,5,6,7,8,9,10,11,12,13,14,15,16,17
1210,1,2,3,4,5,6,7,8,9,10,11,12,13,14,15,16,17
1211,1,2,3,4,5,6,7,8,9,10,11,12,13,14,15,16,17
1212,1,2,3,4,5,6,7,8,9,10,11,12,13,14,15,16,17
1213,1,2,3,4,5,6,7,8,9,10,11,12,13,14,15,16,17
1214,1,2,3,4,5,6,7,8,9,10,11,12,13,14,15,16,17
1215,1,2,3,4,5,6,7,8,9,10,11,12,13,14,15,16,17
1216,1,2,3,4,5,6,7,8,9,10,11,12,13,14,15,16,17
1217,1,2,3,4,5,6,7,8,9,10,11,12,13,14,15,16,17
1218,1,2,3,4,5,6,7,8,9,10,11,12,13,14,15,16,17
1219,1,2,3,4,5,6,7,8,9,10,11,12,13,14,15,16,17
1220,1,2,3,4,5,6,7,8,9,10,11,12,13,14,15,16,17
1221,1,2,3,4,5,6,7,8,9,10,11,12,13,14,15,16,17
1222,1,2,3,4,5,6,7,8,9,10,11,12,13,14,15,16,17
1223,1,2,3,4,5,6,7,8,9,10,11,12,13,14,15,16,17
1224,1,2,3,4,5,6,7,8,9,10,11,12,13,14,15,16,17
1225,1,2,3,4,5,6,7,8,9,10,11,12,13,14,15,16,17
1226,1,2,3,4,5,6,7,8,9,10,11,12,13,14,15,16,17
1227,1,2,3,4,5,6,7,8,9,10,11,12,13,14,15,16,17
1228,1,2,3,4,5,6,7,8,9,10,11,12,13,14,15,16,17
1229,1,2,3,4,5,6,7,8,9,10,11,12,13,14,15,16,17
1230,1,2,3,4,5,6,7,8,9,10,11,12,13,14,15,16,17
1231,1,2,3,4,5,6,7,8,9,10,11,12,13,14,15,16,17
1232,1,2,3,4,5,6,7,8,9,10,11,12,13,14,15,16,17
1233,1,2,3,4,5,6,7,8,9,10,11,12,13,14,15,16,17
1234,1,2,3,4,5,6,7,8,9,10,11,12,13,14,15,16,17
1235,1,2,3,4,5,6,7,8,9,10,11,12,13,14,15,16,17
1236,1,2,3,4,5,6,7,8,9,10,11,12,13,14,15,16,17
1237,1,2,3,4,5,6,7,8,9,10,11,12,13,14,15,16,17
1238,1,2,3,4,5,6,7,8,9,10,11,12,13,14,15,16,17
1239,1,2,3,4,5,6,7,8,9,10,11,12,13,14,15,16,17
1240,1,2,3,4,5,6,7,8,9,10,11,12,13,14,15,16,17
1241,1,2,3,4,5,6,7,8,9,10,11,12,13,14,15,16,17
1242,1,2,3,4,5,6,7,8,9,10,11,12,13,14,15,16,17
1243,1,2,3,4,5,6,7,8,9,10,11,12,13,14,15,16,17
1244,1,2,3,4,5,6,7,8,9,10,11,12,13,14,15,16,17
1245,1,2,3,4,5,6,7,8,9,10,11,12,13,14,15,16,17
1246,1,2,3,4,5,6,7,8,9,10,11,12,13,14,15,16,17
1247,1,2,3,4,5,6,7,8,9,10,11,12,13,14,15,16,17
1248,1,2,3,4,5,6,7,8,9,10,11,12,13,14,15,16,17
1249,1,2,3,4,5,6,7,8,9,10,11,12,13,14,15,16,17
1250,1,2,3,4,5,6,7,8,9,10,11,12,13,14,15,16,17
1251,1,2,3,4,5,6,7,8,9,10,11,12,13,14,15,16,17
1252,1,2,3,4,5,6,7,8,9,10,11,12,13,14,15,16,17
1253,1,2,3,4,5,6,7,8,9,10,11,12,13,14,15,16,17
1254,1,2,3,4,5,6,7,8,9,10,11,12,13,14,15,16,17
1255,1,2,3,4,5,6,7,8,9,10,11,12,13,14,15,16,17
1256,1,2,3,4,5,6,7,8,9,10,11,12,13,14,15,16,17
1257,1,2,3,4,5,6,7,8,9,10,11,12,13,14,15,16,17
1258,1,2,3,4,5,6,7,8,9,10,11,12,13,14,15,16,17
1259,1,2,3,4,5,6,7,8,9,10,11,12,13,14,15,16,17
1260,1,2,3,4,5,6,7,8,9,10,11,12,13,14,15,16,17
1261,1,2,3,4,5,6,7,8,9,10,11,12,13,14,15,16,17
1262,1,2,3,4,5,6,7,8,9,10,11,12,13,14,15,16,17
1263,1,2,3,4,5,6,7,8,9,10,11,12,13,14,15,16,17
1264,1,2,3,4,5,6,7,8,9,10,11,12,13,14,15,16,17
1265,1,2,3,4,5,6,7,8,9,10,11,12,13,14,15,16,17
1266,1,2,3,4,5,6,7,8,9,10,11,12,13,14,15,16,17
1267,1,2,3,4,5,6,7,8,9,10,11,12,13,14,15,16,17
1268,1,2,3,4,5,6,7,8,9,10,11,12,13,14,15,16,17
1269,1,2,3,4,5,6,7,8,9,10,11,12,13,14,15,16,17
1270,1,2,3,4,5,6,7,8,9,10,11,12,13,14,15,16,17
1271,1,2,3,4,5,6,7,8,9,10,11,12,13,14,15,16,17
1272,1,2,3,4,5,6,7,8,9,10,11,12,13,14,15,16,17
1273,1,2,3,4,5,6,7,8,9,10,11,12,13,14,15,16,17
1274,1,2,3,4,5,6,7,8,9,10,11,12,13,14,15,16,17
1275,1,2,3,4,5,6,7,8,9,10,11,12,13,14,15,16,17
1276,1,2,3,4,5,6,7,8,9,10,11,12,13,14,15,16,17
1277,1,2,3,4,5,6,7,8,9,10,11,12,13,14,15,16,17
1278,1,2,3,4,5,6,7,8,9,10,11,12,13,14,15,16,17
1279,1,2,3,4,5,6,7,8,9,10,11,12,13,14,15,16,17
1280,1,2,3,4,5,6,7,8,9,10,11,12,13,14,15,16,17
1281,1,2,3,4,5,6,7,8,9,10,11,12,13,14,15,16,17
1282,1,2,3,4,5,6,7,8,9,10,11,12,13,14,15,16,17
1283,1,2,3,4,5,6,7,8,9,10,11,12,13,14,15,16,17
1284,1,2,3,4,5,6,7,8,9,10,11,12,13,14,15,16,17
1285,1,2,3,4,3,6,7,3,9,10,3,12,13,6,15,16,6
1286,3,2,3,3,5,6,3,8,9,3,11,12,6,14,6,16,17
1287,1,2,3,4,5,6,7,8,9,10,11,12,13,14,15,16,17
1288,1,2,3,4,5,6,7,8,9,10,11,12,13,14,15,16,17
1289,1,2,3,4,5,6,7,8,9,10,11,12,13,14,15,16,17
1290,1,2,3,4,5,6,7,8,9,10,11,12,13,14,15,16,17
1291,1,2,3,4,5,6,7,8,9,10,11,12,13,14,15,16,17
1292,1,2,3,4,5,6,7,8,9,10,11,12,13,14,15,16,17
1293,1,2,3,4,5,6,7,8,9,10,11,12,13,14,15,16,17
1294,1,2,3,4,5,6,7,8,9,10,11,12,13,14,15,16,17
1295,1,2,3,4,5,6,7,8,9,10,11,12,13,14,15,16,17
1296,1,2,3,4,5,6,7,8,9,10,11,12,13,14,15,16,17
1297,1,2,3,4,5,6,7,8,9,10,11,12,13,14,15,16,17
1298,1,2,3,4,5,6,7,8,9,10,11,12,13,14,15,16,17
1299,1,2,3,4,5,6,7,8,9,10,11,12,13,14,15,16,17
1300,1,2,3,4,5,6,7,8,9,10,11,12,13,14,15,16,17
1301,1,2,3,4,5,6,7,8,9,10,11,12,13,14,15,16,17
1302,2,2,3,5,5,7,7,8,9,10,9,12,13,12,15,13,13
1303,1,2,3,4,5,6,7,8,9,10,11,12,13,14,15,16,17
1304,1,2,3,4,5,6,7,8,9,10,11,12,13,14,15,16,17
1305,1,2,3,4,5,6,7,8,9,10,11,12,13,14,15,16,17
1306,1,2,3,4,5,6,7,8,9,10,11,12,13,14,15,16,17
1307,1,2,3,4,5,6,7,8,9,10,11,12,13,14,15,16,17
1308,1,2,3,4,5,6,7,8,9,10,11,12,13,14,15,16,17
1309,1,2,3,4,5,6,7,8,9,10,11,12,13,14,15,16,17
1310,1,2,3,4,5,6,7,8,9,10,11,12,13,14,15,16,17
1311,1,2,3,4,5,6,7,8,9,10,11,12,13,14,15,16,17
1312,1,2,3,4,5,6,7,8,9,10,11,12,13,14,15,16,17
1313,1,2,3,4,5,6,7,8,9,10,11,12,13,14,15,16,17
1314,1,2,3,4,5,6,7,8,9,10,11,12,13,14,15,16,17
1315,1,2,3,4,5,6,7,8,9,10,11,12,13,14,15,16,17
1316,1,2,3,4,5,6,7,8,9,10,11,12,13,14,15,16,17
1317,1,2,3,4,5,6,7,8,9,10,11,12,13,14,15,16,17
1318,1,2,3,4,5,6,7,8,9,10,11,12,13,14,15,16,17
1319,1,2,3,4,5,6,7,8,9,10,11,12,13,14,15,16,17
1320,1,2,3,4,5,6,7,8,9,10,11,12,13,14,15,16,17
1321,1,2,3,4,5,6,7,8,9,10,11,12,13,14,15,16,17
1322,1,2,3,4,5,6,7,8,9,10,11,12,13,14,15,16,17
1323,1,2,3,4,5,6,7,8,9,10,11,12,13,14,15,16,17
1324,1,2,3,4,5,6,7,8,9,10,11,12,13,14,15,16,17
1325,1,2,3,4,5,6,7,8,9,10,11,12,13,14,15,16,17
1326,1,2,3,4,5,6,7,8,9,10,11,12,13,14,15,16,17
1327,1,2,3,4,5,6,7,8,9,10,11,12,13,14,15,16,17
1328,1,2,3,4,5,6,7,8,9,10,11,12,13,14,15,16,17
1329,1,2,3,4,5,6,7,8,9,10,11,12,13,14,15,16,17
1330,1,2,3,4,5,6,7,8,9,10,11,12,13,14,15,16,17
1331,1,2,3,4,2,6,7,8,2,10,11,2,13,14,15,2,17
1332,1,10,3,4,5,6,7,8,9,10,11,12,13,14,15,16,17
1333,1,2,3,4,5,6,7,8,9,10,11,12,13,14,15,16,17
1334,1,2,3,4,5,6,7,8,9,10,11,12,13,14,15,16,17
1335,1,2,3,4,5,6,7,8,9,10,11,12,13,14,15,16,17
1336,1,2,3,4,5,6,7,8,9,10,11,12,13,14,15,16,17
1337,1,2,3,4,5,6,7,8,9,10,11,12,13,14,15,16,17
1338,1,2,3,4,5,6,7,8,9,10,11,12,13,14,15,16,17
1339,1,2,3,4,5,6,7,8,9,10,11,12,13,14,15,16,17
1340,1,2,3,4,5,6,7,8,9,10,11,12,13,14,15,16,17
1341,1,2,3,4,5,6,7,8,9,10,11,12,13,14,15,16,17
1342,1,2,3,4,5,6,7,8,9,10,11,12,13,14,15,16,17
1343,1,2,3,4,5,6,7,8,9,10,11,12,13,14,15,16,17
1344,1,2,3,4,5,6,7,8,9,10,11,12,13,14,15,16,17
1345,1,2,3,4,5,6,7,8,9,10,11,12,13,14,15,16,17
1346,1,2,3,4,5,6,7,8,9,10,11,12,13,14,15,16,17
1347,1,2,3,4,5,6,7,8,9,10,11,12,13,14,15,16,17
1348,1,2,3,4,5,6,7,8,9,10,11,12,13,14,15,16,17
1349,1,2,3,4,5,6,7,8,9,10,11,12,13,14,15,16,17
1350,1,2,3,4,5,6,7,8,9,10,11,12,13,14,15,16,17
1351,1,2,3,4,5,6,7,8,9,10,11,12,13,14,15,16,17
1352,1,2,3,4,5,6,7,8,9,10,11,12,13,14,15,16,17
1353,1,2,3,4,5,6,7,8,9,10,11,12,13,14,15,16,17
1354,1,2,3,4,5,6,7,8,9,10,11,12,13,14,15,16,17
1355,1,2,3,4,5,6,7,8,9,10,11,12,13,14,15,16,17
1356,1,2,3,4,5,6,7,8,9,10,11,12,13,14,15,16,17
1357,1,2,3,4,5,6,7,8,9,10,11,12,13,14,15,16,17
1358,1,2,3,4,5,6,7,8,9,10,11,12,13,14,15,16,17
1359,1,2,3,4,5,6,7,8,9,10,11,12,13,14,15,16,17
1360,1,2,3,4,5,6,7,8,9,10,11,12,13,14,15,16,17
1361,1,2,3,4,5,6,7,8,9,10,11,12,13,14,15,16,17
1362,1,2,3,4,5,6,7,8,9,10,11,12,13,14,15,16,17
1363,1,2,3,4,5,6,7,8,9,10,11,12,13,14,15,16,17
1364,1,2,3,4,5,6,7,8,9,10,11,12,13,14,15,16,17
1365,1,2,3,4,5,6,7,8,9,10,11,12,13,14,15,16,17
1366,1,2,3,4,5,6,7,8,9,10,11,12,13,14,15,16,17
1367,1,2,3,4,5,6,7,8,9,10,11,12,13,14,15,16,17
1368,1,2,3,4,5,6,7,8,9,10,11,12,13,14,15,16,17
1369,1,2,3,4,5,6,7,8,9,10,11,12,13,14,15,16,17
1370,1,2,3,4,5,6,7,8,9,10,11,12,13,14,15,16,17
1371,1,2,3,4,5,6,7,8,9,10,11,12,13,14,15,16,17
1372,1,2,3,4,5,6,7,8,9,10,11,12,13,14,15,16,17
1373,1,2,3,4,5,6,7,8,9,10,11,12,13,14,15,16,17
1374,1,2,3,4,5,6,7,8,9,10,11,12,13,14,15,16,17
1375,1,2,3,4,5,6,7,8,9,10,11,12,13,14,15,16,17
1376,1,2,3,4,5,6,7,8,9,10,11,12,13,14,15,16,17
1377,1,2,3,4,5,6,7,8,9,10,11,12,13,14,15,16,17
1378,1,2,3,4,5,6,7,8,9,10,11,12,13,14,15,16,17
1379,1,2,3,4,5,6,7,8,9,10,11,12,13,14,15,16,17
1380,1,2,3,4,5,6,7,8,9,10,11,12,13,14,15,16,17
1381,1,2,3,4,5,6,7,8,9,10,11,12,13,14,15,16,17
1382,1,2,3,4,5,6,7,8,9,10,11,12,13,14,15,16,17
1383,1,2,3,4,5,6,7,8,9,10,11,12,13,14,15,16,17
1384,1,2,3,4,5,6,7,8,9,10,11,12,13,14,15,16,17
1385,1,2,3,4,5,6,7,8,9,10,11,12,13,14,15,16,17
1386,1,2,3,4,5,6,7,8,9,10,11,12,13,14,15,16,17
1387,1,2,3,4,5,6,7,8,9,10,11,12,13,14,15,16,17
1388,1,2,3,4,5,6,7,8,9,10,11,12,13,14,15,16,17
1389,1,2,3,4,5,6,7,8,9,10,11,12,13,14,15,16,17
1390,1,2,3,4,5,6,7,8,9,10,11,12,13,14,15,16,17
1391,1,2,3,4,5,6,7,8,9,10,11,12,13,14,15,16,17
1392,1,2,3,4,5,6,7,8,9,10,11,12,13,14,15,16,17
1393,1,2,3,4,5,6,7,8,9,10,11,12,13,14,15,16,17
1394,1,2,3,4,5,6,7,8,9,10,11,12,13,14,15,16,17
1395,1,2,3,4,5,6,7,8,9,10,11,12,13,14,15,16,17
1396,1,2,3,4,5,6,7,8,9,10,11,12,13,14,15,16,17
1397,1,2,3,4,5,6,7,8,9,10,11,12,13,14,15,16,17
1398,1,2,3,4,5,6,7,8,9,10,11,12,13,14,15,16,17
1399,1,2,3,4,5,6,7,8,9,10,11,12,13,14,15,16,17
1400,1,2,3,4,5,6,7,8,9,10,11,12,13,14,15,16,17
1401,1,2,3,4,5,6,7,8,9,10,11,12,13,14,15,16,17
1402,1,2,3,4,5,6,7,8,9,10,11,12,13,14,15,16,17
1403,1,2,3,4,5,6,7,8,9,10,11,12,13,14,15,16,17
1404,1,2,3,4,5,6,7,8,9,10,11,12,13,14,15,16,17
1405,1,2,3,4,5,6,7,8,9,10,11,12,13,14,15,16,17
1406,1,2,3,4,5,6,7,8,9,10,11,12,13,14,15,16,17
1407,1,2,3,4,5,6,7,8,9,10,11,12,13,14,15,16,17
1408,1,2,3,4,5,6,7,8,9,10,11,12,13,14,15,16,17
1409,1,2,3,4,5,6,7,8,9,10,11,12,13,14,15,16,17
1410,1,2,3,4,5,6,7,8,9,10,11,12,13,14,15,16,17
1411,1,2,3,4,5,6,7,8,9,10,11,12,13,14,15,16,17
1412,1,2,3,4,5,6,7,8,9,10,11,12,13,14,15,16,17
1413,1,2,3,4,5,6,7,8,9,10,11,12,13,14,15,16,17
1414,1,2,3,4,5,6,7,8,9,10,11,12,13,14,15,16,17
1415,1,2,3,4,5,6,7,8,9,10,11,12,13,14,15,16,17
1416,1,2,3,4,5,6,7,8,9,10,11,12,13,14,15,16,17
1417,1,2,3,4,5,6,7,8,9,10,11,12,13,14,15,16,17
1418,1,2,3,4,5,6,7,8,9,10,11,12,13,14,15,16,17
1419,1,2,3,4,5,6,7,8,9,10,11,12,13,14,15,16,17
1420,1,2,3,4,5,6,7,8,9,10,11,12,13,14,15,16,17
1421,1,2,3,4,5,6,7,8,9,10,11,12,13,14,15,16,17
1422,1,2,3,4,5,6,7,8,9,10,11,12,13,14,15,16,17
1423,1,2,3,4,5,6,7,8,9,10,11,12,13,14,15,16,17
1424,1,2,3,4,5,6,7,8,9,10,11,12,13,14,15,16,17
1425,1,2,3,4,5,6,7,8,9,10,11,12,13,14,15,16,17
1426,1,2,3,4,5,6,7,8,9,10,11,12,13,14,15,16,17
1427,1,2,3,4,5,6,7,8,9,10,11,12,13,14,15,16,17
1428,1,2,3,4,5,6,7,8,9,10,11,12,13,14,15,16,17
1429,1,2,3,4,5,6,7,8,9,10,11,12,13,14,15,16,17
1430,1,2,3,4,5,6,7,8,9,10,11,12,13,14,15,16,17
1431,1,2,3,4,5,6,7,8,9,10,11,12,13,14,15,16,17
1432,1,2,3,4,5,6,7,8,9,10,11,12,13,14,15,16,17
1433,1,2,3,4,5,6,7,8,9,10,11,12,13,14,15,16,17
1434,1,2,3,4,5,6,7,8,9,10,11,12,13,14,15,16,17
1435,1,2,3,4,5,6,7,8,9,10,11,12,13,14,15,16,17
1436,1,2,3,4,5,6,7,8,9,10,11,12,13,14,15,16,17
1437,1,2,3,4,5,6,7,8,9,10,11,12,13,14,15,16,17
1438,1,2,3,4,5,6,7,8,9,10,11,12,13,14,15,16,17
1439,1,2,3,4,5,6,7,8,9,10,11,12,13,14,15,16,17
1440,1,2,3,4,5,6,7,8,9,10,11,12,13,14,15,16,17
1441,1,2,3,4,5,6,7,8,9,10,11,12,13,14,15,16,17
1442,1,2,3,4,5,6,7,8,9,10,11,12,13,14,15,16,17
1443,1,2,3,4,5,6,7,8,9,10,11,12,13,14,15,16,17
1444,1,2,3,4,5,6,7,8,9,10,11,12,13,14,15,16,17
1445,1,16,3,4,5,6,7,8,9,10,11,12,13,14,15,16,17
1446,1,2,3,4,5,6,7,8,9,10,11,12,13,14,15,6,17
1447,1,2,3,4,5,6,7,8,9,10,11,12,13,14,15,16,17
1448,1,2,3,4,5,6,7,8,9,10,11,12,13,14,15,16,17
1449,1,2,3,4,6,6,7,8,9,10,11,12,13,14,17,16,17
1450,1,2,3,4,5,6,7,8,9,10,11,12,13,14,15,16,17
1451,1,2,3,4,5,6,7,8,9,10,11,12,13,14,15,16,17
1452,1,2,3,4,5,6,7,8,9,10,11,12,13,14,15,16,17
1453,1,2,3,4,5,6,7,8,9,10,11,12,13,14,15,16,17
1454,1,2,3,4,5,6,7,8,9,10,11,12,13,14,15,16,17
1455,1,2,3,4,5,6,7,8,9,10,11,12,13,14,15,16,17
1456,1,2,3,4,5,6,7,8,9,10,11,12,13,14,15,16,17
1457,1,2,3,4,5,6,7,8,9,10,11,12,13,14,15,16,17
1458,1,2,3,4,5,6,7,8,9,10,11,12,13,14,15,16,17
1459,1,2,3,4,5,6,7,8,9,10,11,12,13,14,15,16,17
1460,1,2,3,4,5,6,7,8,9,10,11,12,13,14,15,16,17
1461,1,2,3,4,5,6,7,8,9,10,11,12,13,14,15,16,17
1462,1,2,3,4,5,6,7,8,9,10,11,12,13,14,15,16,17
1463,1,2,3,4,5,6,7,8,9,10,11,12,13,14,15,16,17
1464,1,2,3,4,5,6,7,8,9,10,11,12,13,14,15,16,17
1465,1,2,3,4,5,6,7,8,9,10,11,12,13,14,15,16,17
1466,1,2,3,4,5,6,7,8,9,10,11,12,13,14,15,16,17
1467,1,2,3,4,5,6,7,8,9,10,11,12,13,14,15,16,17
1468,1,2,3,4,5,6,7,8,9,10,11,12,13,14,15,16,17
1469,1,2,3,4,5,6,7,8,9,10,11,12,13,14,15,16,17
1470,1,2,3,4,5,6,7,8,9,10,11,12,13,14,15,16,17
1471,1,2,3,4,5,6,7,8,9,10,11,12,13,14,15,16,17
1472,1,2,3,4,5,6,7,8,9,10,11,12,13,14,15,16,17
1473,2,2,3,4,5,6,2,8,9,10,2,12,13,14,2,16,17
1474,1,2,3,4,5,6,7,8,9,10,11,12,13,14,15,16,17
1475,1,2,3,4,5,6,7,8,9,10,11,12,13,14,15,16,17
1476,1,2,3,4,5,6,7,8,9,10,11,12,13,14,15,16,17
1477,1,2,3,4,5,6,7,8,9,10,11,12,13,14,15,16,17
1478,1,2,3,4,5,6,7,8,9,10,11,12,13,14,15,16,17
1479,1,2,3,4,5,6,7,8,9,10,11,12,13,14,15,16,17
1480,1,2,3,4,5,6,7,8,9,10,11,12,13,14,15,16,17
1481,1,2,3,4,5,6,7,8,9,10,11,12,13,14,15,16,17
1482,1,2,3,4,5,6,7,8,9,10,11,12,13,14,15,16,17
1483,1,2,3,4,5,6,7,8,9,10,11,12,13,14,15,16,17
1484,1,2,3,4,5,6,7,8,9,10,11,12,13,14,15,16,17
1485,1,2,3,4,5,6,7,8,9,10,11,12,13,14,15,16,17
1486,1,2,3,4,5,6,7,8,9,10,11,12,13,14,15,16,17
1487,1,2,3,4,5,6,7,8,9,10,11,12,13,14,15,16,17
1488,1,2,3,4,5,6,7,8,9,10,11,12,13,14,15,16,17
1489,1,2,3,4,5,6,7,8,9,10,11,12,13,14,15,16,17
1490,1,2,3,4,5,6,7,8,9,10,11,12,13,14,15,16,17
1491,1,2,3,4,5,6,7,8,9,10,11,12,13,14,15,16,17
1492,1,2,3,4,5,6,7,8,9,10,11,12,13,14,15,16,17
1493,1,2,3,4,5,6,7,8,9,10,11,12,13,14,15,16,17
1494,1,2,3,4,5,6,7,8,9,10,11,12,13,14,15,16,17
1495,1,2,3,4,5,6,7,8,9,10,11,12,13,14,15,16,17
1496,1,2,3,4,5,6,7,8,9,10,11,12,13,14,15,16,17
1497,1,2,3,4,5,6,7,8,9,10,11,12,13,14,15,16,17
1498,1,2,3,4,5,6,7,8,9,10,11,12,13,14,15,16,17
1499,1,2,3,4,5,6,7,8,9,10,11,12,13,14,15,16,17
1500,1,2,3,4,5,6,7,8,9,10,11,12,13,14,15,16,17
1501,1,2,3,4,5,6,7,8,9,10,11,12,13,14,15,16,17
1502,1,2,3,4,5,6,7,8,9,10,11,12,13,14,15,16,17
1503,1,2,3,4,5,6,7,8,9,10,11,12,13,14,15,16,17
1504,1,2,3,4,5,6,7,8,9,10,11,12,13,14,15,16,17
1505,1,2,3,4,5,6,7,8,9,10,11,12,13,14,15,16,17
1506,1,2,3,4,5,6,7,8,9,10,11,12,13,14,15,16,17
1507,1,2,3,4,5,6,7,8,9,10,11,12,13,14,15,16,17
1508,1,2,3,4,5,6,7,8,9,10,11,12,13,14,15,16,17
1509,1,2,3,4,5,6,7,8,9,10,11,12,13,14,15,16,17
1510,1,2,3,4,5,6,7,8,9,10,11,12,13,14,15,16,17
1511,1,2,3,4,5,6,7,8,9,10,11,12,13,14,15,16,17
1512,1,2,3,4,5,6,7,8,9,10,11,12,13,14,15,16,17
1513,1,2,3,4,5,6,7,8,9,10,11,12,13,14,15,16,17
1514,1,2,3,4,5,6,7,8,9,10,11,12,13,14,15,16,17
1515,1,2,3,4,5,6,7,8,9,10,11,12,13,14,15,16,17
1516,1,2,3,4,5,6,7,8,9,10,11,12,13,14,15,16,17
1517,1,2,3,4,5,6,7,8,9,10,11,12,13,14,15,16,17
1518,1,2,3,4,5,6,7,8,9,10,11,12,13,14,15,16,17
1519,1,2,3,4,5,6,7,8,9,10,11,12,13,14,15,16,17
1520,1,2,3,4,5,6,7,8,9,10,11,12,13,14,15,16,17
1521,1,2,3,4,5,6,7,8,9,10,11,12,13,14,15,16,17
1522,1,2,3,4,5,6,7,8,9,10,11,12,13,14,15,16,17
1523,1,2,3,4,5,6,7,8,9,10,11,12,13,14,15,16,17
1524,1,2,3,4,5,6,7,8,9,10,11,12,13,14,15,16,17
1525,1,2,3,4,5,6,7,8,9,10,11,12,13,14,15,16,17
1526,1,2,3,4,5,6,7,8,9,10,11,12,13,14,15,16,17
1527,1,2,3,4,5,6,7,8,9,10,11,12,13,14,15,16,17
1528,1,2,3,4,5,6,7,8,9,10,11,12,13,14,15,16,17
1529,1,2,3,4,5,6,7,8,9,10,11,12,13,14,15,16,17
1530,1,2,3,4,5,6,7,8,9,10,11,12,13,14,15,16,17
1531,1,2,3,4,5,6,7,8,9,10,11,12,13,14,15,16,17
1532,1,2,3,4,5,6,7,8,9,10,11,12,13,14,15,16,17
1533,1,2,3,4,5,6,7,8,9,10,11,12,13,14,15,16,17
1534,1,2,3,4,5,6,7,8,9,10,11,12,13,14,15,16,17
1535,1,2,3,4,5,6,7,8,9,10,11,12,13,14,15,16,17
1536,1,2,3,4,5,6,7,8,9,10,11,12,13,14,15,16,17
1537,1,2,3,4,5,6,7,8,9,10,11,12,13,14,15,16,17
1538,1,2,3,4,5,6,7,8,9,10,11,12,13,14,15,16,17
1539,1,2,3,4,5,6,7,8,9,10,11,12,13,14,15,16,17
1540,1,2,3,4,5,6,7,8,9,10,11,12,13,14,15,16,17
1541,1,2,3,4,5,6,7,8,9,10,11,12,13,14,15,16,17
1542,1,2,3,4,5,6,7,8,9,10,11,12,13,14,15,16,17
1543,1,2,3,4,5,6,7,8,9,10,11,12,13,14,15,16,17
1544,1,2,3,4,5,6,7,8,9,10,11,12,13,14,15,16,17
1545,1,2,3,4,5,6,7,8,9,10,11,12,13,14,15,16,17
1546,1,2,3,4,5,6,7,8,9,10,11,12,13,14,15,16,17
1547,1,2,3,4,5,6,7,8,9,10,11,12,13,14,15,16,17
1548,1,2,3,4,5,6,7,8,9,10,11,12,13,14,15,16,17
1549,1,2,3,4,5,6,7,8,9,10,11,12,13,14,15,16,17
1550,1,2,3,4,5,6,7,8,9,10,11,12,13,14,15,16,17
1551,1,2,3,4,5,6,7,8,9,10,11,12,13,14,15,16,17
1552,1,2,3,4,5,6,7,8,9,10,11,12,13,14,15,16,17
1553,1,2,3,4,5,6,7,8,9,10,11,12,13,14,15,16,17
1554,1,2,3,4,5,6,7,8,9,10,11,12,13,14,15,16,17
1555,1,2,3,4,5,6,7,8,9,10,11,12,13,14,15,16,17
1556,1,2,3,4,5,6,7,8,9,10,11,12,13,14,15,16,17
1557,1,2,3,4,5,6,7,8,9,10,11,12,13,14,15,16,17
1558,1,2,3,4,5,6,7,8,9,10,11,12,13,14,15,16,17
1559,1,2,3,4,5,6,7,8,9,10,11,12,13,14,15,16,17
1560,1,2,3,4,5,6,7,8,9,10,11,12,13,14,15,16,17
1561,1,2,3,4,5,6,7,8,9,10,11,12,13,14,15,16,17
1562,1,2,3,4,5,6,7,8,9,10,11,12,13,14,15,16,17
1563,1,2,3,4,5,6,7,8,9,10,11,12,13,14,15,16,17
1564,1,2,3,4,5,6,7,8,9,10,11,12,13,14,15,16,17
1565,1,2,3,4,5,6,7,8,9,10,11,12,13,14,15,16,17
1566,1,2,3,4,5,6,7,8,9,10,11,12,13,14,15,16,17
1567,1,2,3,4,5,6,7,8,9,10,11,12,13,14,15,16,17
1568,1,2,3,4,5,6,7,8,9,10,11,12,13,14,15,16,17
1569,1,3,3,3,5,6,3,8,9,10,3,12,13,14,3,16,17
1570,1,3,3,3,5,6,7,3,9,10,3,12,13,6,15,6,17
1571,1,2,3,4,5,6,7,8,9,3,11,12,13,14,15,3,17
1572,1,2,3,4,5,6,7,8,9,10,11,12,13,14,15,16,17
1573,1,2,3,4,5,6,7,8,9,10,11,12,13,14,15,16,17
1574,1,2,3,4,5,6,7,8,9,10,11,12,13,14,15,16,17
1575,1,2,3,4,5,6,7,8,9,10,11,12,13,14,15,16,17
1576,1,2,3,4,5,6,7,8,9,10,11,12,13,14,15,16,17
1577,1,2,3,4,5,6,7,8,9,10,11,12,13,14,15,16,17
1578,1,2,3,4,5,6,7,8,9,10,11,12,13,14,15,16,17
1579,1,2,3,4,5,6,7,8,9,10,11,12,13,14,15,16,17
1580,1,2,3,4,5,6,7,8,9,10,11,12,13,14,15,16,17
1581,1,2,3,4,5,6,7,8,9,10,11,12,13,14,15,16,17
1582,1,2,3,4,5,6,7,8,9,10,11,12,13,14,15,16,17
1583,1,2,3,4,5,6,7,8,9,10,11,12,13,14,15,16,17
1584,1,2,3,4,5,6,7,8,9,10,11,12,13,14,15,16,17
1585,1,2,3,4,5,6,7,8,9,10,11,12,13,14,15,16,17
1586,1,2,3,4,5,6,7,8,9,10,11,12,13,14,15,16,17
1587,6,2,3,8,11,6,7,8,9,10,11,12,14,14,15,16,16
1588,1,2,3,4,5,6,7,8,9,11,11,12,13,14,15,16,17
1589,1,2,3,4,5,6,7,8,9,10,11,12,13,14,15,16,17
1590,1,2,3,4,5,6,7,8,9,10,11,12,13,14,15,16,17
1591,1,2,3,4,5,6,7,8,9,10,11,12,13,14,15,16,17
1592,2,2,3,4,5,6,7,8,9,4,11,6,13,14,15,8,13
1593,1,2,3,4,5,6,7,8,9,10,11,12,13,14,15,16,17
1594,1,2,3,4,5,6,7,8,9,10,11,12,13,14,15,16,17
1595,1,2,3,4,5,6,7,8,9,10,11,12,13,14,15,16,17
1596,1,2,3,4,5,6,7,8,9,10,11,12,13,14,15,16,17
1597,1,2,3,4,5,6,7,8,9,10,11,12,13,14,15,16,17
1598,1,2,3,4,5,6,7,8,9,10,11,12,13,14,15,16,17
1599,1,2,3,4,5,6,7,8,9,10,11,12,13,14,15,16,17
1600,1,2,3,4,5,6,7,8,9,10,11,12,13,14,15,16,17
1601,1,2,3,4,5,6,7,8,9,10,11,12,13,14,15,16,17
1602,1,2,3,4,5,6,7,8,9,10,11,12,13,14,15,16,17
1603,1,2,3,4,5,6,7,8,9,10,11,12,13,14,15,16,17
1604,1,2,3,4,5,6,7,8,9,10,11,12,13,14,15,16,17
1605,1,2,3,4,5,6,7,8,9,10,11,12,13,14,15,16,17
1606,1,2,3,4,5,6,7,8,9,10,11,12,13,14,15,16,17
1607,1,2,3,4,5,6,7,8,9,10,11,12,13,14,15,16,17
1608,1,2,3,4,5,6,7,8,9,10,11,12,13,14,15,16,17
1609,1,2,3,4,5,6,7,8,9,10,11,12,13,14,15,16,17
1610,1,2,3,4,5,6,7,8,9,10,11,12,13,14,15,16,17
1611,1,2,3,4,5,6,7,8,9,10,11,12,13,14,15,16,17
1612,1,2,3,4,5,6,7,8,9,10,11,12,13,14,15,16,17
1613,1,2,3,4,5,6,7,8,9,10,11,12,13,14,15,16,17
1614,2,2,3,4,5,6,7,8,3,4,4,6,6,7,8,16,8
1615,1,2,3,4,3,6,7,3,9,10,11,3,13,14,3,16,17
1616,1,2,3,4,5,6,7,8,9,10,11,12,13,14,15,16,17
1617,1,2,3,4,5,6,7,8,9,10,11,12,13,14,15,16,17
1618,1,2,3,4,5,6,7,8,9,10,11,12,13,14,15,16,17
1619,1,2,3,4,5,6,7,8,9,10,11,12,13,14,15,16,17
1620,1,2,3,4,5,6,7,8,9,10,11,12,13,14,15,16,17
1621,1,2,3,4,5,6,7,8,9,10,11,12,13,14,15,16,17
1622,1,2,3,4,5,6,7,8,9,10,11,12,13,14,15,16,17
1623,1,2,3,4,5,6,7,8,9,10,11,12,13,14,15,16,17
1624,1,2,3,4,5,6,7,8,9,10,11,12,13,14,15,16,17
1625,1,2,3,4,5,6,7,8,9,10,11,12,13,14,15,16,17
1626,1,2,3,4,5,6,7,8,9,10,11,12,13,14,15,16,17
1627,1,2,3,4,5,6,7,8,9,10,11,12,13,14,15,16,17
1628,1,2,3,4,5,6,7,8,9,10,11,12,13,14,15,16,17
1629,1,2,3,4,5,6,7,8,9,10,11,12,13,14,15,16,17
1630,1,2,3,4,5,6,7,8,9,10,11,12,13,14,15,16,17
1631,1,2,3,4,5,6,7,8,9,10,11,12,13,14,15,16,17
1632,1,2,3,4,5,6,7,8,9,10,11,12,13,14,15,16,17
1633,1,2,3,4,5,6,7,8,9,10,11,12,13,14,15,16,17
1634,1,2,3,4,5,6,7,8,9,10,11,12,13,14,15,16,17
1635,1,2,3,4,5,6,7,8,9,10,11,12,13,14,15,16,17
1636,1,2,3,4,5,6,7,8,9,10,11,12,13,14,15,16,17
1637,1,2,3,4,5,6,7,8,9,10,11,12,13,14,15,16,17
1638,1,2,3,4,5,6,7,8,9,10,11,12,13,14,15,16,17
1639,1,2,3,4,5,6,7,8,9,10,11,12,13,14,15,16,17
1640,1,2,3,4,5,6,7,8,9,10,11,12,13,14,15,16,17
1641,1,2,3,4,5,6,7,8,9,10,11,12,13,14,15,16,17
1642,1,2,3,4,5,6,7,8,9,10,11,12,13,14,15,16,17
1643,1,2,3,4,5,6,7,8,9,10,11,12,13,14,15,16,17
1644,1,2,3,4,5,6,7,8,9,10,11,12,13,14,15,16,17
1645,1,2,3,4,5,6,7,8,9,10,11,12,13,14,15,16,17
1646,1,2,3,4,5,6,7,8,9,10,11,12,13,14,15,16,17
1647,1,2,3,4,5,6,7,8,9,10,11,12,13,14,15,16,17
1648,1,2,3,4,5,6,7,8,9,10,11,12,13,14,15,16,17
1649,1,2,3,4,5,6,7,8,9,10,11,12,13,14,15,16,17
1650,1,2,3,4,5,6,7,8,9,10,11,12,13,14,15,16,17
1651,1,2,3,4,5,6,7,8,9,10,11,12,13,14,15,16,17
1652,1,2,3,4,5,6,7,8,9,10,11,12,13,14,15,16,17
1653,1,2,3,4,5,6,7,8,9,10,11,12,13,14,15,16,17
1654,1,2,3,4,5,6,7,8,9,10,11,12,13,14,15,16,17
1655,1,2,3,4,5,6,7,8,9,10,11,12,13,14,15,16,17
1656,1,2,3,4,5,6,7,8,9,10,11,12,13,14,15,16,17
1657,1,2,3,4,5,6,7,8,9,10,11,12,13,14,15,16,17
1658,1,2,3,4,5,6,7,8,9,10,11,12,13,14,15,16,17
1659,1,2,3,4,5,6,7,8,9,10,11,12,13,14,15,16,17
1660,1,2,3,4,5,6,7,8,9,10,11,12,13,14,15,16,17
1661,1,2,3,4,5,6,7,8,9,10,11,12,13,14,15,16,17
1662,1,2,3,4,5,6,7,8,9,10,11,12,13,14,15,16,17
1663,1,2,3,4,5,6,7,8,9,10,11,12,13,14,15,16,17
1664,1,2,3,4,5,6,7,8,9,10,11,12,13,14,15,16,17
1665,1,2,3,4,5,6,7,8,9,10,11,12,13,14,15,16,17
1666,1,2,3,4,5,6,7,8,9,10,11,12,13,14,15,16,17
1667,1,2,3,4,5,6,7,8,9,10,11,12,13,14,15,16,17
1668,1,2,3,4,5,6,7,8,9,10,11,12,13,14,15,16,17
1669,1,2,3,4,5,6,7,8,9,10,11,12,13,14,15,16,17
1670,1,2,3,4,5,6,7,8,9,10,11,12,13,14,15,16,17
1671,1,2,3,4,5,6,7,8,9,10,11,12,13,14,15,16,17
1672,1,2,3,4,5,6,7,8,9,10,11,12,13,14,15,16,17
1673,1,2,3,4,5,6,7,8,9,10,11,12,13,14,15,16,17
1674,1,2,3,4,5,6,7,8,9,10,11,12,13,14,15,16,17
1675,1,2,3,4,5,6,7,8,9,10,11,12,13,14,15,16,17
1676,1,2,3,4,5,6,7,8,9,10,11,12,13,14,15,16,17
1677,1,2,3,4,5,6,7,8,9,10,11,12,13,14,15,16,17
1678,1,2,3,4,5,6,7,8,9,10,11,12,13,14,15,16,17
1679,1,2,3,4,5,6,7,8,9,10,11,12,13,14,15,16,17
1680,1,2,3,4,5,6,7,8,9,10,11,12,13,14,15,16,17
1681,1,2,3,4,5,6,7,8,9,10,11,12,13,14,15,16,17
1682,1,2,3,4,5,6,7,8,9,10,11,12,13,14,15,16,17
1683,1,2,3,4,5,6,7,8,9,10,11,12,13,14,15,16,17
1684,1,2,3,4,5,6,7,8,9,10,11,12,13,14,15,16,17
1685,1,2,3,4,5,6,7,8,9,10,11,12,13,14,15,16,17
1686,1,2,3,4,5,6,7,8,9,10,11,12,13,14,15,16,17
1687,1,2,3,4,5,6,7,8,9,10,11,12,13,14,15,16,17
1688,1,2,3,4,5,6,7,8,9,10,11,12,13,14,15,16,17
1689,1,2,3,4,5,6,7,8,9,10,11,12,13,14,15,16,17
1690,1,2,3,4,5,6,7,8,9,10,11,12,13,14,15,16,17
1691,1,2,3,4,5,6,7,8,9,10,11,12,13,14,15,16,17
1692,1,2,3,4,5,6,7,8,9,10,11,12,13,14,15,16,17
1693,1,2,3,4,5,6,7,8,9,10,11,12,13,14,15,16,17
1694,1,2,3,4,5,6,7,8,9,10,11,12,13,14,15,16,17
1695,1,2,3,4,5,6,7,8,9,10,11,12,13,14,15,16,17
1696,1,2,3,4,5,6,7,8,9,10,11,12,13,14,15,16,17
1697,1,2,3,4,5,6,7,8,9,10,11,12,13,14,15,16,17
1698,1,2,3,4,5,6,7,8,9,10,11,12,13,14,15,16,17
1699,1,2,3,4,5,6,7,8,9,10,11,12,13,14,15,16,17
1700,1,2,3,4,5,6,7,8,9,10,11,12,13,14,15,16,17
1701,1,2,3,4,5,6,7,8,9,10,11,12,13,14,15,16,17
1702,1,2,3,4,5,6,7,8,9,10,11,12,13,14,15,16,17
1703,1,2,3,4,5,6,7,8,9,10,11,12,13,14,15,16,17
1704,1,2,3,4,5,6,7,8,9,10,11,12,13,14,15,16,17
1705,1,2,3,4,5,6,7,8,9,10,11,12,13,14,15,16,17
1706,1,2,3,4,5,6,7,8,9,10,11,12,13,14,15,16,17
1707,1,2,3,4,5,6,7,8,9,10,11,12,13,14,15,16,17
1708,1,2,3,4,5,6,7,8,9,10,11,12,13,14,15,16,17
1709,1,2,3,4,5,6,7,8,9,10,11,12,13,14,15,16,17
1710,1,2,3,4,5,6,7,8,9,10,11,12,13,14,15,16,17
1711,1,2,3,4,5,6,7,8,9,10,11,12,13,14,15,16,17
1712,3,2,3,4,3,6,7,8,9,4,11,4,6,14,6,8,17
1713,3,2,3,4,3,6,3,8,9,6,11,6,13,6,15,8,17
1714,1,2,3,4,5,6,7,8,9,10,11,12,13,14,15,16,17
1715,1,2,3,4,5,6,7,8,9,10,11,12,13,14,15,16,17
1716,1,2,3,4,5,6,7,8,9,10,11,12,13,14,15,16,17
1717,1,2,3,4,5,6,7,8,9,10,11,12,13,14,15,16,17
1718,1,2,3,4,5,6,7,8,9,10,11,12,13,14,15,16,17
1719,1,2,3,4,5,6,7,8,9,10,11,12,13,14,15,16,17
1720,1,2,3,4,5,6,7,8,9,10,11,12,13,14,15,16,17
1721,1,2,3,4,5,6,7,8,9,10,11,12,13,14,15,16,17
1722,1,2,3,4,5,6,7,8,9,10,11,12,13,14,15,16,17
1723,1,2,3,4,5,6,7,15,9,10,11,12,13,14,15,16,17
1724,1,4,7,4,5,6,7,14,9,10,11,12,13,14,15,16,17
1725,1,2,3,4,5,6,7,8,9,10,11,12,13,14,15,16,17
1726,1,2,3,4,5,6,7,8,9,10,11,12,13,14,15,16,17
1727,1,2,3,4,5,6,7,8,9,10,11,12,13,14,15,16,17
1728,1,2,3,4,5,6,7,8,9,10,11,12,13,14,15,16,17
1729,1,2,3,4,5,6,7,8,9,10,11,12,13,14,15,16,17
1730,2,2,3,7,5,6,7,8,9,10,11,12,13,14,15,16,15
1731,1,2,3,4,5,6,7,8,9,10,11,12,13,14,15,4,17
1732,1,2,3,4,5,6,7,8,9,10,11,1,6,14,15,11,17
1733,1,2,3,4,5,6,7,8,9,10,11,12,5,14,15,14,17
1734,1,2,3,4,5,6,7,8,9,10,4,12,13,14,15,9,17
1735,3,2,3,4,5,6,7,8,5,6,11,6,8,14,15,8,11
1736,1,2,3,4,5,6,7,8,9,10,11,12,13,14,15,16,17
1737,1,2,3,4,5,6,7,8,9,10,11,12,13,14,15,16,17
1738,1,2,3,4,5,6,7,8,9,10,11,12,13,14,15,16,17
1739,1,2,3,4,5,6,7,8,9,10,11,12,13,14,15,16,17
1740,1,2,3,4,5,6,7,8,9,10,11,12,13,14,15,16,17
1741,1,2,3,4,5,6,7,8,9,10,11,12,13,14,15,16,17
1742,1,2,3,4,5,6,7,8,9,10,11,12,13,14,15,16,17
1743,1,2,3,4,5,6,7,8,9,10,11,12,13,14,15,16,17
1744,1,2,3,4,5,6,7,8,9,10,11,12,13,14,15,16,17
1745,1,2,3,4,5,6,7,8,9,10,11,12,13,14,15,16,17
1746,1,2,3,4,5,6,7,8,9,10,11,12,13,14,15,16,17
1747,1,2,3,4,5,6,7,8,9,10,11,12,13,14,15,16,17
1748,1,2,3,4,5,6,7,8,9,10,11,12,13,14,15,16,17
1749,1,2,3,4,5,6,7,8,9,10,11,12,13,14,15,16,17
1750,1,2,3,4,5,6,7,8,9,10,11,12,13,14,15,16,17
1751,1,2,3,4,5,6,7,8,9,10,11,12,13,14,15,16,17
1752,1,2,3,4,5,6,7,8,9,10,11,12,13,14,15,16,17
1753,1,2,3,4,5,6,7,8,9,10,11,12,13,14,15,16,17
1754,1,2,3,4,5,6,7,8,9,10,11,12,13,14,15,16,17
1755,2,2,3,4,2,6,7,3,9,3,4,12,4,14,6,6,17
1756,1,2,3,4,5,6,7,8,9,10,11,12,13,14,15,16,17
1757,1,2,3,4,5,6,7,8,9,10,11,12,13,14,15,16,17
1758,1,2,3,4,5,6,7,8,9,10,11,12,13,14,15,16,17
1759,1,2,3,4,5,6,7,8,9,10,11,12,13,14,15,16,17
1760,1,2,3,4,5,6,7,8,9,10,11,12,13,14,15,16,17
1761,1,2,3,4,5,6,7,8,9,10,11,12,13,14,15,16,17
1762,1,2,3,4,5,6,7,8,9,10,11,12,13,14,15,16,17
1763,1,2,3,4,5,6,7,8,9,10,11,12,13,14,15,16,17
1764,1,2,3,4,5,6,7,8,9,10,11,12,13,14,15,16,17
1765,1,2,3,4,5,6,7,8,9,10,11,12,13,14,15,16,17
1766,1,2,3,4,5,6,7,8,9,10,11,12,13,14,15,16,17
1767,1,2,3,4,5,6,7,8,9,10,11,12,13,14,15,16,17
1768,1,2,3,4,5,6,7,8,9,10,11,12,13,14,15,16,17
1769,1,2,3,4,5,6,7,8,9,10,11,12,13,14,15,16,17
1770,1,2,3,4,5,6,7,8,9,10,11,12,13,14,15,16,17
1771,1,2,3,4,5,6,7,8,9,10,11,12,13,14,15,16,17
1772,1,2,3,4,5,6,7,8,9,10,11,12,13,14,15,16,17
1773,1,2,3,4,5,6,7,8,9,10,11,12,13,14,15,16,17
1774,1,2,3,4,5,6,7,8,9,10,11,12,13,14,15,16,17
1775,1,2,3,4,5,6,7,8,9,10,11,12,13,14,15,16,17
1776,1,2,3,4,5,6,7,8,9,10,11,12,13,14,15,16,17
1777,1,2,3,4,5,6,7,8,9,10,11,12,13,14,15,16,17
1778,1,2,3,4,5,6,7,8,9,10,11,12,13,14,15,16,17
1779,1,2,3,4,5,6,7,8,9,10,11,12,13,14,15,16,17
1780,1,2,3,4,5,6,7,8,9,10,11,12,13,14,15,16,17
1781,1,2,3,4,5,6,7,8,9,10,11,12,13,14,15,16,17
1782,1,2,3,4,5,6,7,8,9,10,11,12,13,14,15,16,17
1783,1,2,3,4,5,6,7,8,9,10,11,12,13,14,15,16,17
1784,1,2,3,4,5,6,7,8,9,10,11,12,13,14,15,16,17
1785,1,2,3,4,5,6,7,8,9,10,11,12,13,14,15,16,17
1786,1,2,3,4,5,6,7,8,9,10,11,12,13,14,15,16,17
1787,1,2,3,4,5,6,7,8,9,10,11,12,13,14,15,16,17
1788,1,2,3,4,5,6,7,8,9,10,11,12,13,14,15,16,17
1789,1,2,3,4,5,6,7,8,9,10,11,12,13,14,15,16,17
1790,1,2,3,4,5,6,7,8,9,10,11,12,13,14,15,16,17
1791,1,2,3,4,5,6,7,8,9,10,11,12,13,14,15,16,17
1792,1,2,3,4,5,6,7,8,9,10,11,12,13,14,15,16,17
1793,1,2,3,4,5,6,7,8,9,10,11,12,13,14,15,16,17
1794,1,2,3,4,5,6,7,8,9,10,11,12,13,14,15,16,17
1795,1,2,3,4,5,6,7,8,9,10,11,12,13,14,15,16,17
1796,1,2,3,4,5,6,7,8,9,10,11,12,13,14,15,16,17
1797,1,2,3,4,5,6,7,8,9,10,11,12,13,14,15,16,17
1798,1,2,3,4,5,6,7,8,9,10,11,12,13,14,15,16,17
1799,1,2,3,4,5,6,7,8,9,10,11,12,13,14,15,16,17
1800,1,2,3,4,5,6,7,8,9,10,11,12,13,14,15,16,17
1801,1,2,3,4,5,6,7,8,9,10,11,12,13,14,15,16,17
1802,1,2,3,4,5,6,7,8,9,10,11,12,13,14,15,16,17
1803,1,2,3,4,5,6,7,8,9,10,11,12,13,14,15,16,17
1804,1,2,3,4,5,6,7,8,9,10,11,12,13,14,15,16,17
1805,1,2,3,4,5,6,7,8,9,10,11,12,13,14,15,16,17
1806,1,2,3,4,5,6,7,8,9,10,11,12,13,14,15,16,17
1807,1,2,3,4,5,6,7,8,9,10,11,12,13,14,15,16,17
1808,1,2,3,4,5,6,7,8,9,10,11,12,13,14,15,16,17
1809,1,2,3,4,5,6,7,8,9,10,11,12,13,14,15,16,17
1810,1,2,3,4,5,6,7,8,9,10,11,12,13,14,15,16,17
1811,1,2,3,4,5,6,7,8,9,10,11,12,13,14,15,16,17
1812,1,2,3,4,5,6,7,8,9,10,11,12,13,14,15,16,17
1813,1,2,3,4,5,6,7,8,9,10,11,12,13,14,15,16,17
1814,1,2,3,4,5,6,7,8,9,10,11,12,13,14,15,16,17
1815,1,2,3,4,5,6,7,8,9,10,11,12,13,14,15,16,17
1816,1,2,3,4,5,6,7,8,9,10,11,12,13,14,15,16,17
1817,1,2,3,4,5,6,7,8,9,10,11,12,13,14,15,16,17
1818,1,2,3,4,5,6,7,8,9,10,11,12,13,14,15,16,17
1819,1,2,3,4,5,6,7,8,9,10,11,12,13,14,15,16,17
1820,1,2,3,4,5,6,7,8,9,10,11,12,13,14,15,16,17
1821,1,2,3,4,5,6,7,8,9,10,11,12,13,14,15,16,17
1822,1,2,3,4,5,6,7,8,9,10,11,12,13,14,15,16,17
1823,1,2,3,4,5,6,7,8,9,10,11,12,13,14,15,16,17
1824,1,2,3,4,5,6,7,8,9,10,11,12,13,14,15,16,17
1825,1,2,3,4,5,6,7,8,9,10,11,12,13,14,15,16,17
1826,1,2,3,4,5,6,7,8,9,10,11,12,13,14,15,16,17
1827,1,2,3,4,5,6,7,8,9,10,11,12,13,14,15,16,17
1828,1,2,3,4,5,6,7,8,9,10,11,12,13,14,15,16,17
1829,1,2,3,4,5,6,7,8,9,10,11,12,13,14,15,16,17
1830,1,2,3,4,5,6,7,8,9,10,11,12,13,14,15,16,17
1831,1,2,3,4,5,6,7,8,9,10,11,12,13,14,15,16,17
1832,1,2,3,4,5,6,7,8,9,10,11,12,13,14,15,16,17
1833,1,2,3,4,5,6,7,8,9,10,11,12,13,14,15,16,17
1834,1,2,3,4,5,6,7,8,9,10,11,12,13,14,15,16,17
1835,1,2,3,4,5,6,7,8,9,10,11,12,13,14,15,16,17
1836,1,2,3,4,5,6,7,8,9,10,11,12,13,14,15,16,17
1837,1,2,3,4,5,6,7,8,9,10,11,12,13,14,15,16,17
1838,1,2,3,4,5,6,7,8,9,10,11,12,13,14,15,16,17
1839,1,2,3,4,5,6,7,8,9,10,11,12,13,14,15,16,17
1840,1,2,3,4,5,6,7,8,9,10,11,12,13,14,15,16,17
1841,1,2,3,4,5,6,7,8,9,10,11,12,13,14,15,16,17
1842,1,2,3,4,5,6,7,8,9,10,11,12,13,14,15,16,17
1843,1,2,3,4,5,6,7,8,9,10,11,12,13,14,15,16,17
1844,1,2,3,4,5,6,7,8,9,10,11,12,13,14,15,16,17
1845,1,2,3,4,5,6,7,8,9,10,11,12,13,14,15,16,17
1846,1,2,3,4,5,6,7,8,9,10,11,12,13,14,15,16,17
1847,1,2,3,4,5,6,7,8,9,10,11,12,13,14,15,16,17
1848,1,2,3,4,5,6,7,8,9,10,11,12,13,14,15,16,17
1849,1,2,3,4,5,6,7,8,9,10,11,12,13,14,15,16,17
1850,1,2,3,4,5,6,7,8,9,10,11,12,13,14,15,16,17
1851,1,2,3,4,5,6,7,8,9,10,11,12,13,14,15,16,17
1852,1,2,3,4,5,6,7,8,9,10,11,12,13,14,15,16,17
1853,1,2,3,4,5,6,7,8,9,10,11,12,13,14,15,16,17
1854,1,2,3,4,5,6,7,8,9,10,11,12,13,14,15,16,17
1855,2,2,2,4,5,4,7,8,4,10,4,12,7,14,15,7,17
1856,1,2,2,4,5,6,2,8,9,10,2,12,13,14,2,16,17
1857,1,2,3,4,5,6,7,8,9,10,11,12,13,14,15,16,17
1858,1,2,3,4,5,6,7,8,9,10,11,12,13,14,15,16,17
1859,1,2,3,4,5,6,7,8,9,10,11,12,13,14,15,16,17
1860,1,2,3,4,5,6,7,8,9,10,11,12,13,14,15,16,17
1861,1,2,3,4,5,6,7,8,9,10,11,12,13,14,15,16,17
1862,1,2,3,4,5,6,7,8,9,10,11,12,13,14,15,16,17
1863,1,2,3,4,5,6,7,8,9,10,11,12,13,14,15,16,17
1864,1,2,3,4,5,6,7,8,9,10,11,12,13,14,15,16,17
1865,1,2,3,4,5,6,7,3,9,10,11,12,13,14,15,16,17
1866,1,7,11,4,5,6,7,17,9,10,11,12,13,14,15,16,17
1867,1,2,5,4,5,6,11,12,9,10,11,12,13,14,15,14,15
1868,1,2,3,4,5,6,7,8,9,10,11,12,13,14,15,16,17
1869,1,2,3,4,5,6,7,8,9,10,11,12,13,14,15,16,17
1870,1,2,3,4,5,6,7,8,9,10,11,12,13,14,15,16,17
1871,1,2,3,4,5,6,7,8,9,10,11,12,13,14,15,16,17
1872,1,2,3,4,5,6,7,8,9,10,11,12,13,14,15,16,17
1873,1,2,3,4,5,6,7,8,9,10,11,12,13,14,15,16,17
1874,1,2,3,4,5,6,7,8,9,10,11,12,13,14,15,9,17
1875,3,4,3,4,5,6,7,8,9,5,5,6,7,14,8,9,9
1876,3,2,3,4,5,6,7,8,9,3,11,6,13,6,8,16,8
1877,3,2,3,4,5,6,7,8,3,10,6,12,6,14,8,8,17
1878,3,2,3,6,5,6,7,8,9,6,11,6,13,8,15,8,17
1879,6,2,3,4,6,6,6,8,9,6,11,8,13,8,15,8,17
1880,1,2,3,4,5,6,7,8,9,10,11,12,13,14,15,16,17
1881,1,2,3,4,5,6,7,8,9,10,11,12,13,14,15,16,17
1882,1,2,3,4,5,6,7,8,9,10,11,12,13,14,15,16,17
1883,1,2,3,4,5,6,7,8,9,10,11,12,13,14,15,16,17
1884,1,2,3,4,5,6,7,8,9,10,11,12,13,14,15,16,17
1885,1,2,3,4,5,6,7,8,9,10,11,12,13,14,15,16,17
1886,1,2,3,4,5,6,7,8,9,10,11,12,13,14,15,16,17
1887,1,2,3,4,5,6,7,8,9,10,11,12,13,14,15,16,17
1888,1,2,3,4,5,6,7,8,9,10,11,12,13,14,15,16,17
1889,1,2,3,4,5,6,7,8,9,10,11,12,13,14,15,16,17
1890,1,2,3,4,5,6,7,8,9,10,11,12,13,14,15,16,17
1891,1,2,3,4,5,6,7,8,9,10,11,12,13,14,15,16,17
1892,1,2,3,4,5,6,7,8,9,10,11,12,13,14,15,16,17
1893,1,2,3,4,5,6,7,8,9,10,11,12,13,14,15,16,17
1894,1,2,3,4,5,6,7,8,9,10,11,12,13,14,15,16,17
1895,1,2,3,4,5,6,7,8,9,10,11,12,13,14,15,16,17
1896,1,2,3,4,5,6,7,8,9,10,11,12,13,14,15,16,17
1897,1,2,3,4,5,6,7,8,9,10,11,12,13,14,15,16,17
1898,1,2,3,4,5,6,7,8,9,10,11,12,13,14,15,16,17
1899,1,2,3,4,5,6,7,8,9,10,11,12,13,14,15,16,17
1900,1,2,3,4,5,6,7,8,9,10,11,12,13,14,15,16,17
1901,1,2,3,4,5,6,7,8,9,10,11,12,13,14,15,16,17
1902,1,2,3,4,5,6,7,8,9,10,11,12,13,14,15,16,17
1903,1,2,3,4,5,6,7,8,9,10,11,12,13,14,15,16,17
1904,1,2,3,4,5,6,7,8,9,10,11,12,13,14,15,16,17
1905,1,2,3,4,5,6,7,8,9,10,11,12,13,14,15,16,17
1906,1,2,3,4,5,6,7,8,9,10,11,12,13,14,15,16,17
1907,1,2,3,4,5,6,7,8,9,10,11,12,13,14,15,16,17
1908,1,2,3,4,5,6,7,8,9,10,11,12,13,14,15,16,17
1909,1,2,3,4,5,6,7,8,9,10,11,12,13,14,15,16,17
1910,1,2,3,4,5,6,7,8,9,10,11,12,13,14,15,16,17
1911,1,2,3,4,5,6,7,8,9,10,11,12,13,14,15,16,17
1912,1,2,3,4,5,6,7,8,9,10,11,12,13,14,15,16,17
1913,1,2,3,4,5,6,7,8,9,10,11,12,13,14,15,16,17
1914,1,2,3,4,5,6,7,8,9,10,11,12,13,14,15,16,17
1915,1,2,3,4,5,6,7,8,9,10,11,12,13,14,15,16,17
1916,1,2,3,4,5,6,7,8,9,10,11,12,13,14,15,16,17
1917,1,2,3,4,5,6,7,8,9,10,11,12,13,14,15,16,17
1918,1,2,3,4,5,6,7,8,9,10,11,12,13,14,15,16,17
1919,1,2,3,4,5,6,7,8,9,10,11,12,13,14,15,16,17
1920,1,2,3,4,5,6,7,8,9,10,11,12,13,14,15,16,17
1921,1,2,3,4,5,6,7,8,9,10,11,12,13,14,15,16,17
1922,1,2,3,4,5,6,7,8,9,10,11,12,13,14,15,16,17
1923,1,2,3,4,5,6,7,8,9,10,11,12,13,14,15,16,17
1924,1,2,3,4,5,6,7,8,9,10,11,12,13,14,15,16,17
1925,1,2,3,4,5,6,7,8,9,10,11,12,13,14,15,16,17
1926,1,2,3,4,5,6,7,8,9,10,11,12,13,14,15,16,17
1927,1,2,3,4,5,6,7,8,9,10,11,12,13,14,15,16,17
1928,1,2,3,4,5,6,7,8,9,10,11,12,13,14,15,16,17
1929,1,2,3,4,5,6,7,8,9,10,11,12,13,14,15,16,17
1930,1,2,3,4,5,6,7,8,9,10,11,12,13,14,15,16,17
1931,1,2,3,4,5,6,7,8,9,10,11,12,13,14,15,16,17
1932,1,2,3,4,5,6,7,8,9,10,11,12,13,14,15,16,17
1933,1,2,3,4,5,6,7,8,9,10,11,12,13,14,15,16,17
1934,1,2,3,4,5,6,7,8,9,10,11,12,13,14,15,16,17
1935,1,2,3,4,5,6,7,8,9,10,11,12,13,14,15,16,17
1936,1,2,3,4,5,6,7,8,9,10,11,12,13,14,15,16,17
1937,1,2,3,4,5,6,7,8,9,10,11,12,13,14,15,16,17
1938,1,2,3,4,5,6,7,8,9,10,11,12,13,14,15,16,17
1939,1,2,3,4,5,6,7,8,9,10,11,12,13,14,15,16,17
1940,1,2,3,4,5,6,7,8,9,10,11,12,13,14,15,16,17
1941,1,2,3,4,5,6,7,8,9,10,11,12,13,14,15,16,17
1942,1,2,3,4,5,6,7,8,9,10,11,12,13,14,15,16,17
1943,1,2,3,4,5,6,7,8,9,10,11,12,13,14,15,16,17
1944,1,2,3,4,5,6,7,8,9,10,11,12,13,14,15,16,17
1945,1,2,3,4,5,6,7,8,9,10,11,12,13,14,15,16,17
1946,1,2,3,4,5,6,7,8,9,10,11,12,13,14,15,16,17
1947,1,2,3,4,5,6,7,8,9,10,11,12,13,14,15,16,17
1948,1,2,3,4,5,6,7,8,9,10,11,12,13,14,15,16,17
1949,1,2,3,4,5,6,7,8,9,10,11,12,13,14,15,16,17
1950,1,2,3,4,5,6,7,8,9,10,11,12,13,14,15,16,17
1951,1,2,3,4,5,6,7,8,9,10,11,12,13,14,15,16,17
1952,1,2,3,4,5,6,7,8,9,10,11,12,13,14,15,16,17
1953,1,2,3,4,5,6,7,8,9,10,11,12,13,14,15,16,17
1954,1,2,3,4,5,6,7,8,9,10,11,12,13,14,15,16,17
1955,1,2,3,4,5,6,7,8,9,10,11,12,13,14,15,16,17
1956,1,2,3,4,5,6,7,8,9,10,11,12,13,14,15,16,17
1957,1,2,3,4,5,6,7,8,9,10,11,12,13,14,15,16,17
1958,1,2,3,4,5,6,7,8,9,10,11,12,13,14,15,16,17
1959,1,2,3,4,5,6,7,8,9,10,11,12,13,14,15,16,17
1960,1,2,3,4,5,6,7,8,9,10,11,12,13,14,15,16,17
1961,1,2,3,4,5,6,7,8,9,10,11,12,13,14,15,16,17
1962,1,2,3,4,5,6,7,8,9,10,11,12,13,14,15,16,17
1963,1,2,3,4,5,6,7,8,9,10,11,12,13,14,15,16,17
1964,1,2,3,4,5,6,7,8,9,10,11,12,13,14,15,16,17
1965,1,2,3,4,5,6,7,8,9,10,11,12,13,14,15,16,17
1966,1,2,3,4,5,6,7,8,9,10,11,12,13,14,15,16,17
1967,1,2,3,4,5,6,7,8,9,10,11,12,13,14,15,16,17
1968,1,2,3,4,5,6,7,8,9,10,11,12,13,14,15,16,17
1969,1,2,3,4,5,6,7,8,9,10,11,12,13,14,15,16,17
1970,1,2,3,4,5,6,7,8,9,10,11,12,13,14,15,16,17
1971,1,2,3,4,5,6,7,8,9,10,11,12,13,14,15,16,17
1972,1,2,3,4,5,6,7,8,9,10,11,12,13,14,15,16,17
1973,1,2,3,4,5,6,7,8,9,10,11,12,13,14,15,16,17
1974,1,2,3,4,5,6,7,8,9,10,11,12,13,14,15,16,17
1975,1,2,3,4,5,6,7,8,9,10,11,12,13,14,15,16,17
1976,1,2,3,4,5,6,7,8,9,10,11,12,13,14,15,16,17
1977,1,2,3,4,5,6,7,8,9,10,11,12,13,14,15,16,17
1978,1,2,3,4,5,6,7,8,9,10,11,12,13,14,15,16,17
1979,1,2,3,4,5,6,7,8,9,10,11,12,13,14,15,16,17
1980,1,2,3,4,5,6,7,8,9,10,11,12,13,14,15,16,17
1981,1,2,3,4,5,6,7,8,9,10,11,12,13,14,15,16,17
1982,1,2,3,4,5,6,7,8,9,10,11,12,13,14,15,16,17
1983,1,2,3,4,5,6,7,8,9,10,11,12,13,14,15,16,17
1984,1,2,3,4,5,6,7,8,9,10,11,12,13,14,15,16,17
1985,1,2,3,4,5,6,7,8,9,10,11,12,13,14,15,16,17
1986,1,2,3,4,5,6,7,8,9,10,11,12,13,14,15,16,17
1987,1,2,3,4,5,6,7,8,9,10,11,12,13,14,15,16,17
1988,1,2,3,4,5,6,7,8,9,10,11,12,13,14,15,16,17
1989,1,2,3,4,5,6,7,8,9,10,11,12,13,14,15,16,17
1990,1,2,3,4,5,6,7,8,9,10,11,12,13,14,15,16,17
1991,1,2,3,4,5,6,7,8,9,10,11,12,13,14,15,16,17
1992,1,2,3,4,5,6,7,8,9,10,11,12,13,14,15,16,17
1993,1,2,3,4,5,6,7,8,9,10,11,12,13,14,15,16,17
1994,1,2,3,4,5,6,7,8,9,10,11,12,13,14,15,16,17
1995,1,2,3,4,5,6,7,8,9,10,11,12,13,14,15,16,17
1996,3,2,3,4,5,6,3,8,9,10,3,12,13,14,3,16,17
1997,1,2,3,2,5,6,7,3,9,3,11,6,13,6,15,6,7
1998,1,2,3,4,5,6,7,8,9,10,11,12,13,14,15,16,17
1999,1,2,3,4,5,6,7,8,9,10,11,12,13,14,15,16,17
2000,1,2,3,4,5,6,7,8,9,10,11,12,13,14,15,16,17
2001,1,2,3,4,5,6,7,8,9,10,11,12,13,14,15,16,17
2002,1,2,3,4,5,6,7,8,9,10,11,12,13,14,15,16,17
2003,1,2,3,4,5,6,7,8,9,10,11,12,13,14,15,16,17
2004,1,2,3,4,5,6,7,8,9,10,11,12,13,14,15,16,17
2005,1,2,3,4,5,6,7,8,9,10,11,12,13,14,15,16,17
2006,1,2,3,4,5,6,7,8,9,10,11,12,13,14,15,16,17
2007,1,2,3,4,5,6,7,8,9,10,11,12,13,14,15,16,17
2008,1,7,12,4,5,6,7,16,9,10,11,12,13,14,15,16,17
2009,1,2,1,4,2,6,4,6,9,10,9,14,13,14,15,16,17
2010,1,2,3,4,5,6,7,8,9,10,11,12,13,14,15,16,17
2011,1,2,3,4,5,6,7,8,9,10,11,12,13,14,15,16,17
2012,1,2,3,4,5,6,7,8,9,10,11,12,13,14,15,16,17
2013,1,2,3,4,5,6,7,8,9,10,11,12,13,14,15,16,17
2014,1,2,3,4,5,6,7,8,9,10,11,12,13,14,15,16,17
2015,1,2,3,4,5,6,7,8,9,10,11,12,13,14,15,16,17
2016,1,2,3,4,5,6,7,8,9,10,11,12,13,14,15,16,17
2017,1,2,3,4,5,6,7,8,9,10,1,12,13,14,15,6,17
2018,1,2,3,4,5,6,7,8,9,10,11,12,13,14,15,16,17
2019,3,2,3,4,5,6,7,8,3,10,6,12,6,14,8,16,8
2020,3,3,3,4,5,6,7,8,3,10,6,12,6,8,15,8,17
2021,3,2,3,4,4,6,6,8,9,6,6,12,8,14,8,16,8
2022,3,3,3,3,5,6,6,8,6,10,11,12,8,14,8,8,17
2023,3,5,3,5,5,6,7,8,6,7,11,7,8,14,11,14,17
2024,1,2,3,4,5,6,7,8,9,10,11,12,13,14,15,16,17
2025,1,2,3,4,5,6,7,8,9,10,11,12,13,14,15,16,17
2026,1,2,3,4,5,6,7,8,9,10,11,12,13,14,15,16,17
2027,1,2,3,4,5,6,7,8,9,10,11,12,13,14,15,16,17
2028,1,2,3,4,5,6,7,8,9,10,11,12,13,14,15,16,17
2029,1,2,3,4,5,6,7,8,9,10,11,12,13,14,15,16,17
2030,1,2,3,4,5,6,7,8,9,10,11,12,13,14,15,16,17
2031,1,2,3,4,5,6,7,8,9,10,11,12,13,14,15,16,17
2032,1,2,3,4,5,6,7,8,9,10,11,12,13,14,15,16,17
2033,1,2,3,4,5,6,7,8,9,10,11,12,13,14,15,16,17
2034,1,2,3,4,5,6,7,8,9,10,11,12,13,14,15,16,17
2035,1,2,3,4,5,6,7,8,9,10,11,12,13,14,15,16,17
2036,1,2,3,4,5,6,7,8,9,10,11,12,13,14,15,16,17
2037,1,2,3,4,5,6,7,8,9,10,11,12,13,14,15,16,17
2038,1,2,3,4,5,6,7,8,9,10,11,12,13,14,15,16,17
2039,1,2,3,4,5,6,7,8,9,10,11,12,13,14,15,16,17
2040,1,2,3,4,5,6,7,8,9,10,11,12,13,14,15,16,17
2041,1,2,3,4,5,6,7,8,9,10,11,12,13,14,15,16,17
2042,1,2,3,4,5,6,7,8,9,10,11,12,13,14,15,16,17
2043,1,2,3,4,5,6,7,8,9,10,11,12,13,14,15,16,17
2044,1,2,3,4,5,6,7,8,9,10,11,12,13,14,15,16,17
2045,1,2,3,4,5,6,7,8,9,10,11,12,13,14,15,16,17
2046,1,2,3,4,5,6,7,8,9,10,11,12,13,14,15,16,17
2047,1,2,3,4,5,6,7,8,9,10,11,12,13,14,15,16,17
2048,1,2,3,4,5,6,7,8,9,10,11,12,13,14,15,16,17
2049,1,2,3,4,5,6,7,8,9,10,11,12,13,14,15,16,17
2050,1,2,3,4,5,6,7,8,9,10,11,12,13,14,15,16,17
2051,1,2,3,4,5,6,7,8,9,10,11,12,13,14,15,16,17
2052,1,2,3,4,5,6,7,8,9,10,11,12,13,14,15,16,17
2053,1,2,3,4,5,6,7,8,9,10,11,12,13,14,15,16,17
2054,1,2,3,4,5,6,7,8,9,10,11,12,13,14,15,16,17
2055,1,2,3,4,5,6,7,8,9,10,11,12,13,14,15,16,17
2056,1,2,3,4,5,6,7,8,9,10,11,12,13,14,15,16,17
2057,1,2,3,4,5,6,7,8,9,10,11,12,13,14,15,16,17
2058,1,2,3,4,5,6,7,8,9,10,11,12,13,14,15,16,17
2059,1,2,3,4,5,6,7,8,9,10,11,12,13,14,15,16,17
2060,1,2,3,4,5,6,7,8,9,10,11,12,13,14,15,16,17
2061,1,2,3,4,5,6,7,8,9,10,11,12,13,14,15,16,17
2062,1,2,3,4,5,6,7,8,9,10,11,12,13,14,15,16,17
2063,1,2,3,4,5,6,7,8,9,10,11,12,13,14,15,16,17
2064,1,2,3,4,5,6,7,8,9,10,11,12,13,14,15,16,17
2065,1,2,3,4,5,6,7,8,9,10,11,12,13,14,15,16,17
2066,1,2,3,4,5,6,7,8,9,10,11,12,13,14,15,16,17
2067,1,2,3,4,5,6,7,8,9,10,11,12,13,14,15,16,17
2068,1,2,3,4,5,6,7,8,9,10,11,12,13,14,15,16,17
2069,1,2,3,4,5,6,7,8,9,10,11,12,13,14,15,16,17
2070,1,2,3,4,5,6,7,8,9,10,11,12,13,14,15,16,17
2071,1,2,3,4,5,6,7,8,9,10,11,12,13,14,15,16,17
2072,1,2,3,4,5,6,7,8,9,10,11,12,13,14,15,16,17
2073,1,2,3,4,5,6,7,8,9,10,11,12,13,14,15,16,17
2074,1,2,3,4,5,6,7,8,9,10,11,12,13,14,15,16,17
2075,1,2,3,4,5,6,7,8,9,10,11,12,13,14,15,16,17
2076,1,2,3,4,5,6,7,8,9,10,11,12,13,14,15,16,17
2077,1,2,3,4,5,6,7,8,9,10,11,12,13,14,15,16,17
2078,1,2,3,4,5,6,7,8,9,10,11,12,13,14,15,16,17
2079,1,2,3,4,5,6,7,8,9,10,11,12,13,14,15,16,17
2080,1,2,3,4,5,6,7,8,9,10,11,12,13,14,15,16,17
2081,1,2,3,4,5,6,7,8,9,10,11,12,13,14,15,16,17
2082,1,2,3,4,5,6,7,8,9,10,11,12,13,14,15,16,17
2083,1,2,3,4,5,6,7,8,9,10,11,12,13,14,15,16,17
2084,1,2,3,4,5,6,7,8,9,10,11,12,13,14,15,16,17
2085,1,2,3,4,5,6,7,8,9,10,11,12,13,14,15,16,17
2086,1,2,3,4,5,6,7,8,9,10,11,12,13,14,15,16,17
2087,1,2,3,4,5,6,7,8,9,10,11,12,13,14,15,16,17
2088,1,2,3,4,5,6,7,8,9,10,11,12,13,14,15,16,17
2089,1,2,3,4,5,6,7,8,9,10,11,12,13,14,15,16,17
2090,1,2,3,4,5,6,7,8,9,10,11,12,13,14,15,16,17
2091,1,2,3,4,5,6,7,8,9,10,11,12,13,14,15,16,17
2092,1,2,3,4,5,6,7,8,9,10,11,12,13,14,15,16,17
2093,1,2,3,4,5,6,7,8,9,10,11,12,13,14,15,16,17
2094,1,2,3,4,5,6,7,8,9,10,11,12,13,14,15,16,17
2095,1,2,3,4,5,6,7,8,9,10,11,12,13,14,15,16,17
2096,1,2,3,4,5,6,7,8,9,10,11,12,13,14,15,16,17
2097,1,2,3,4,5,6,7,8,9,10,11,12,13,14,15,16,17
2098,1,2,3,4,5,6,7,8,9,10,11,12,13,14,15,16,17
2099,1,2,3,4,5,6,7,8,9,10,11,12,13,14,15,16,17
2100,1,2,3,4,5,6,7,8,9,10,11,12,13,14,15,16,17
2101,1,2,3,4,5,6,7,8,9,10,11,12,13,14,15,16,17
2102,1,2,3,4,5,6,7,8,9,10,11,12,13,14,15,16,17
2103,1,2,3,4,5,6,7,8,9,10,11,12,13,14,15,16,17
2104,1,2,3,4,5,6,7,8,9,10,11,12,13,14,15,16,17
2105,1,2,3,4,5,6,7,8,9,10,11,12,13,14,15,16,17
2106,1,2,3,4,5,6,7,8,9,10,11,12,13,14,15,16,17
2107,1,2,3,4,5,6,7,8,9,10,11,12,13,14,15,16,17
2108,1,2,3,4,5,6,7,8,9,10,11,12,13,14,15,16,17
2109,1,2,3,4,5,6,7,8,9,10,11,12,13,14,15,16,17
2110,1,2,3,4,5,6,7,8,9,10,11,12,13,14,15,16,17
2111,1,2,3,4,5,6,7,8,9,10,11,12,13,14,15,16,17
2112,1,2,3,4,5,6,7,8,9,10,11,12,13,14,15,16,17
2113,1,2,3,4,5,6,7,8,9,10,11,12,13,14,15,16,17
2114,1,2,3,4,5,6,7,8,9,10,11,12,13,14,15,16,17
2115,1,2,3,4,5,6,7,8,9,10,11,12,13,14,15,16,17
2116,1,2,3,4,5,6,7,8,9,10,11,12,13,14,15,16,17
2117,1,2,3,4,5,6,7,8,9,10,11,12,13,14,15,16,17
2118,1,2,3,4,5,6,7,8,9,10,11,12,13,14,15,16,17
2119,1,2,3,4,5,6,7,8,9,10,11,12,13,14,15,16,17
2120,1,2,3,4,5,6,7,8,9,10,11,12,13,14,15,16,17
2121,1,2,3,4,5,6,7,8,9,10,11,12,13,14,15,16,17
2122,1,2,3,4,5,6,7,8,9,10,11,12,13,14,15,16,17
2123,1,2,3,4,5,6,7,8,9,10,11,12,13,14,15,16,17
2124,1,2,3,4,5,6,7,8,9,10,11,12,13,14,15,16,17
2125,1,2,3,4,5,6,7,8,9,10,11,12,13,14,15,16,17
2126,1,2,3,4,5,6,7,8,9,10,11,12,13,14,15,16,17
2127,1,2,3,4,5,6,7,8,9,10,11,12,13,14,15,16,17
2128,1,2,3,4,5,6,7,8,9,10,11,12,13,14,15,16,17
2129,1,2,3,4,5,6,7,8,9,10,11,12,13,14,15,16,17
2130,1,2,3,4,5,6,7,8,9,10,11,12,13,14,15,16,17
2131,1,2,3,4,5,6,7,8,9,10,11,12,13,14,15,16,17
2132,1,2,3,4,5,6,7,8,9,10,11,12,13,14,15,16,17
2133,1,2,3,4,5,6,7,8,9,10,11,12,13,14,15,16,17
2134,1,2,3,4,5,6,7,8,9,10,11,12,13,14,15,16,17
2135,1,2,3,4,5,6,7,8,9,10,11,12,13,14,15,16,17
2136,1,2,3,4,5,6,7,8,9,10,11,12,13,14,15,16,17
2137,1,2,3,4,5,6,7,8,9,10,11,12,13,14,15,16,17
2138,1,2,3,4,5,6,7,8,9,10,11,12,13,14,15,16,17
2139,1,2,3,4,5,6,7,8,9,10,11,12,13,14,15,16,17
2140,1,2,3,4,5,6,7,8,9,10,11,12,13,14,15,16,17
2141,1,2,3,4,5,6,7,8,9,10,11,12,13,14,15,16,17
2142,1,2,3,4,5,6,7,8,9,10,11,12,13,14,15,16,17
2143,1,2,3,4,5,6,7,8,9,10,11,12,13,14,15,16,17
2144,1,2,3,4,5,6,7,8,9,10,11,12,13,14,15,16,17
2145,1,2,3,4,5,6,7,8,9,10,11,12,13,14,15,16,17
2146,1,2,3,4,5,6,7,8,9,10,11,12,13,14,15,16,17
2147,1,2,3,4,5,6,7,8,9,10,11,12,13,14,15,16,17
2148,1,2,3,4,5,6,7,8,9,10,11,12,13,14,15,16,17
2149,1,2,3,4,5,6,7,8,9,10,11,12,13,14,15,16,17
2150,1,2,3,4,5,6,7,8,9,10,11,12,13,14,15,16,17
2151,1,1,10,4,12,6,13,15,9,10,16,12,13,14,15,16,17
2152,1,2,3,4,5,6,7,8,9,10,11,12,13,14,15,16,17
2153,1,2,3,4,5,6,7,8,9,10,11,12,13,14,15,16,17
2154,1,2,3,4,5,6,7,8,9,10,11,12,13,14,15,16,17
2155,1,2,3,4,5,6,7,8,9,10,11,12,13,14,15,16,17
2156,1,2,3,4,5,6,7,8,9,10,11,12,13,14,15,16,17
2157,1,2,3,4,5,6,7,8,9,10,11,12,13,14,15,16,17
2158,1,2,3,4,5,6,7,8,9,10,11,12,13,14,15,6,17
2159,1,2,3,4,5,6,7,8,9,10,11,12,13,14,15,16,17
2160,1,2,3,4,5,6,7,8,9,10,11,12,13,14,15,16,17
2161,1,2,3,4,5,6,7,8,9,10,11,12,13,14,15,16,17
2162,1,2,3,4,5,6,7,8,9,10,11,12,13,14,15,16,17
2163,1,2,3,4,5,6,7,8,9,10,11,12,13,14,15,16,17
2164,1,2,3,4,5,6,7,8,9,10,11,12,13,14,15,16,17
2165,3,2,3,6,5,6,7,8,6,10,6,12,13,8,15,8,17
2166,3,2,3,4,3,6,7,8,6,10,11,12,6,8,15,8,17
2167,3,2,3,4,5,6,5,8,6,10,11,12,6,8,15,8,11
2168,1,2,3,4,5,6,7,8,9,10,11,12,13,14,15,16,17
2169,1,2,3,4,5,6,7,8,9,10,11,12,13,14,15,16,17
2170,1,2,3,4,5,6,7,8,9,10,11,12,13,14,15,16,17
2171,1,2,3,4,5,6,7,8,9,10,11,12,13,14,15,16,17
2172,1,2,3,4,5,6,7,8,9,10,11,12,13,14,15,16,17
2173,1,2,3,4,5,6,7,8,9,10,11,12,13,14,15,16,17
2174,1,2,3,4,5,6,7,8,9,10,11,12,13,14,15,16,17
2175,1,2,3,4,5,6,7,8,9,10,11,12,13,14,15,16,17
2176,1,2,3,4,5,6,7,8,9,10,11,12,13,14,15,16,17
2177,1,2,3,4,5,6,7,8,9,10,11,12,13,14,15,16,17
2178,1,2,3,4,5,6,7,8,9,10,11,12,13,14,15,16,17
2179,1,2,3,4,5,6,7,8,9,10,11,12,13,14,15,16,17
2180,1,2,3,4,5,6,7,8,9,10,11,12,13,14,15,16,17
2181,1,2,3,4,5,3,7,8,9,3,11,12,13,3,15,16,3
2182,1,2,3,4,5,6,7,8,9,10,11,12,13,14,15,16,17
2183,1,2,3,4,5,6,7,8,9,10,11,12,13,14,15,16,17
2184,1,2,3,4,5,6,7,8,9,10,11,12,13,14,15,16,17
2185,1,2,3,4,5,6,7,8,9,10,11,12,13,14,15,16,17
2186,1,2,3,4,5,6,7,8,9,10,11,12,13,14,15,16,17
2187,1,2,3,4,5,6,7,8,9,10,11,12,13,14,15,16,17
2188,1,2,3,4,5,6,7,8,9,10,11,12,13,14,15,16,17
2189,1,2,3,4,5,6,7,8,9,10,11,12,13,14,15,16,17
2190,1,2,3,4,5,6,7,8,9,10,11,12,13,14,15,16,17
2191,1,2,3,4,5,6,7,8,9,10,11,12,13,14,15,16,17
2192,1,2,3,4,5,6,7,8,9,10,11,12,13,14,15,16,17
2193,1,2,3,4,5,6,7,8,9,10,11,12,13,14,15,16,17
2194,1,2,3,4,5,2,7,8,2,10,11,2,13,14,2,16,3
2195,1,2,3,2,5,6,2,8,9,2,11,12,2,14,15,2,17
2196,1,2,3,4,5,6,7,8,9,10,11,12,13,14,15,16,17
2197,1,2,3,4,5,6,7,8,9,10,11,12,13,14,15,16,17
2198,1,2,3,4,5,6,7,8,9,10,11,12,13,14,15,16,17
2199,1,2,3,4,5,6,7,8,9,10,11,12,13,14,15,16,17
2200,1,2,3,4,5,6,7,8,9,10,11,12,13,14,15,16,17
2201,1,2,3,4,5,6,7,8,9,10,11,12,13,14,15,16,17
2202,1,2,3,4,5,6,7,8,9,10,11,12,13,14,15,16,17
2203,1,2,3,4,5,6,7,8,9,10,11,12,13,14,15,16,17
2204,1,2,3,4,5,6,7,8,9,10,11,12,13,14,15,16,17
2205,1,2,3,4,5,6,7,8,9,10,11,12,13,14,15,16,17
2206,2,2,3,4,2,6,7,8,3,4,4,12,6,7,15,8,8
2207,2,2,3,4,3,6,7,8,3,4,11,6,7,7,8,11,11
2208,2,2,3,4,5,6,7,8,9,4,11,12,13,14,6,9,12
2209,2,2,3,4,2,6,7,8,3,4,4,12,6,7,15,7,8
2210,2,2,3,4,5,2,7,8,2,10,11,2,13,14,3,16,17
2211,1,2,3,4,5,6,7,8,9,10,11,12,13,14,15,16,17
2212,1,2,3,4,5,6,7,8,9,10,11,12,13,14,15,16,17
2213,1,2,3,4,5,6,7,8,9,10,11,12,13,14,15,16,17
2214,1,2,3,4,5,6,7,8,9,10,11,12,13,14,15,16,17
2215,1,2,3,4,5,6,7,8,9,10,11,12,13,14,15,16,17
2216,1,2,3,4,5,6,7,8,9,10,11,12,13,14,15,16,17
2217,1,2,3,4,5,6,7,8,9,10,11,12,13,14,15,16,17
2218,1,2,3,4,5,6,7,8,9,10,11,12,13,14,15,16,17
2219,1,2,3,4,5,6,7,8,9,10,11,12,13,14,15,16,17
2220,1,2,3,4,5,6,7,8,9,10,11,12,13,14,15,16,17
2221,1,2,3,4,5,6,7,8,9,10,11,12,13,14,15,16,17
2222,1,2,3,4,5,6,7,8,9,10,11,12,13,14,15,16,17
2223,1,2,3,4,5,6,7,8,9,10,11,12,13,14,15,16,17
2224,1,2,3,4,5,6,7,8,9,10,11,12,13,14,15,16,17
2225,1,2,3,4,5,6,7,8,9,10,11,12,13,14,15,16,17
2226,1,2,3,4,5,6,7,8,9,10,11,12,13,14,15,16,17
2227,1,2,3,4,5,6,7,8,9,10,11,12,13,14,15,16,17
2228,1,2,3,4,5,6,7,8,9,10,11,12,13,14,15,16,17
2229,1,2,3,4,5,6,7,8,9,10,11,12,13,14,15,16,17
2230,1,2,3,4,5,6,7,8,9,10,11,12,13,14,15,16,17
2231,1,2,3,4,5,6,7,8,9,10,11,12,13,14,15,16,17
2232,1,2,3,4,5,6,7,8,9,10,11,12,13,14,15,16,17
2233,1,2,3,4,5,6,7,8,9,10,11,12,13,14,15,16,17
2234,1,2,3,4,5,6,7,8,9,10,11,12,13,14,15,16,17
2235,1,2,3,4,5,6,7,8,9,10,11,12,13,14,15,16,17
2236,1,2,3,4,5,6,7,8,9,10,11,12,13,14,15,16,17
2237,1,2,3,4,5,6,7,8,9,10,11,12,13,14,15,16,17
2238,1,2,3,4,5,6,7,8,9,10,11,12,13,14,15,16,17
2239,1,2,3,4,5,6,7,8,9,10,11,12,13,14,15,16,17
2240,1,2,3,4,5,6,7,8,9,10,11,12,13,14,15,16,17
2241,1,2,3,4,5,6,7,8,9,10,11,12,13,14,15,16,17
2242,1,2,3,4,5,6,7,8,9,10,11,12,13,14,15,16,17
2243,1,2,3,4,5,6,7,8,9,10,11,12,13,14,15,16,17
2244,1,2,3,4,5,6,7,8,9,10,11,12,13,14,15,16,17
2245,1,2,3,4,5,6,7,8,9,10,11,12,13,14,15,16,17
2246,1,2,3,4,5,6,7,8,9,10,11,12,13,14,15,16,17
2247,1,2,3,4,5,6,7,8,9,10,11,12,13,14,15,16,17
2248,1,2,3,4,5,6,7,8,9,10,11,12,13,14,15,16,17
2249,1,2,3,4,5,6,7,8,9,10,11,12,13,14,15,16,17
2250,1,2,3,4,5,6,7,8,9,10,11,12,13,14,15,16,17
2251,1,2,3,4,5,6,7,8,9,10,11,12,13,14,15,16,17
2252,1,2,3,4,5,6,7,8,9,10,11,12,13,14,15,16,17
2253,1,2,3,4,5,6,7,8,9,10,11,12,13,14,15,16,17
2254,1,2,3,4,5,6,7,8,9,10,11,12,13,14,15,16,17
2255,1,2,3,4,5,6,7,8,9,10,11,12,13,14,15,16,17
2256,1,2,3,4,5,6,7,8,9,10,11,12,13,14,15,16,17
2257,1,2,3,4,5,6,7,8,9,10,11,12,13,14,15,16,17
2258,1,2,3,4,5,6,7,8,9,10,11,12,13,14,15,16,17
2259,1,2,3,4,5,6,7,8,9,10,11,12,13,14,15,16,17
2260,1,2,3,4,5,6,7,8,9,10,11,12,13,14,15,16,17
2261,1,2,3,4,5,6,7,8,9,10,11,12,13,14,15,16,17
2262,1,2,3,4,5,6,7,8,9,10,11,12,13,14,15,16,17
2263,1,2,3,4,5,6,7,8,9,10,11,12,13,14,15,16,17
2264,1,2,3,4,5,6,7,8,9,10,11,12,13,14,15,16,17
2265,1,2,3,4,5,6,7,8,9,10,11,12,13,14,15,16,17
2266,1,2,3,4,5,6,7,8,9,10,11,12,13,14,15,16,17
2267,1,2,3,4,5,6,7,8,9,10,11,12,13,14,15,16,17
2268,1,2,3,4,5,6,7,8,9,10,11,12,13,14,15,16,17
2269,1,2,3,4,5,6,7,8,9,10,11,12,13,14,15,16,17
2270,1,2,3,4,5,6,7,8,9,10,11,12,13,14,15,16,17
2271,1,2,3,4,5,6,7,8,9,10,11,12,13,14,15,16,17
2272,1,2,3,4,5,6,7,8,9,10,11,12,13,14,15,16,17
2273,1,2,3,4,5,6,7,8,9,10,11,12,13,14,15,16,17
2274,1,2,3,4,5,6,7,8,9,10,11,12,13,14,15,16,17
2275,1,2,3,4,5,6,7,8,9,10,11,12,13,14,15,16,17
2276,1,2,3,4,5,6,7,8,9,10,11,12,13,14,15,16,17
2277,1,2,3,4,5,6,7,8,9,10,11,12,13,14,15,16,17
2278,1,2,3,4,5,6,7,8,9,10,11,12,13,14,15,16,17
2279,1,2,3,4,5,6,7,8,9,10,11,12,13,14,15,16,17
2280,1,2,3,4,5,6,7,8,9,10,11,12,13,14,15,16,17
2281,1,2,3,4,5,6,7,8,9,10,11,12,13,14,15,16,17
2282,1,2,3,4,5,6,7,8,9,10,11,12,13,14,15,16,17
2283,1,2,3,4,5,6,7,8,9,10,11,12,13,14,15,16,17
2284,1,2,3,4,5,6,7,8,9,10,11,12,13,14,15,16,17
2285,1,2,3,4,5,6,7,8,9,10,11,12,13,14,15,16,17
2286,1,2,3,4,5,6,7,8,9,10,11,12,13,14,15,16,17
2287,1,2,3,4,5,6,7,8,9,10,11,12,13,14,15,16,17
2288,1,2,3,4,5,6,7,8,9,10,11,12,13,14,15,16,17
2289,1,2,3,4,5,6,7,8,9,10,11,12,13,14,15,16,17
2290,1,2,3,4,5,6,7,8,9,10,11,12,13,14,15,16,17
2291,1,2,3,4,5,6,7,8,9,10,11,12,13,14,15,16,17
2292,1,2,3,4,5,6,7,8,9,10,11,12,13,14,15,16,17
2293,1,2,3,4,5,6,7,8,9,10,11,12,13,14,15,16,17
2294,1,2,3,4,5,6,7,8,9,10,11,12,13,14,15,16,17
2295,1,2,3,4,5,6,7,8,9,10,11,12,13,14,15,16,17
2296,1,2,3,4,5,6,7,8,9,10,11,12,13,14,15,16,17
2297,1,2,3,4,5,6,7,8,9,10,11,12,13,14,15,16,17
2298,1,2,3,4,5,6,7,8,9,10,11,12,13,14,15,16,17
2299,1,2,3,4,5,6,7,8,9,10,11,12,13,14,15,16,17
2300,1,2,3,4,5,6,7,8,9,10,11,12,13,14,15,16,17
2301,1,2,3,4,5,6,7,8,9,10,11,12,13,14,15,16,17
2302,1,2,3,4,5,6,7,8,9,10,11,12,13,14,15,16,17
2303,1,2,3,4,5,6,7,8,9,10,11,12,13,14,15,16,17
2304,1,2,3,4,5,6,7,8,9,10,11,12,13,14,15,16,17
2305,1,2,3,4,5,6,7,8,9,10,11,12,13,14,15,16,17
2306,1,2,3,4,5,6,7,8,9,10,11,12,13,14,15,16,17
2307,1,2,3,4,5,6,7,8,9,10,11,12,13,14,15,16,17
2308,1,2,3,4,5,6,7,8,9,10,11,12,3,14,15,16,17
2309,3,2,3,6,5,6,6,8,9,10,6,12,13,14,6,16,17
2310,3,2,3,4,3,6,7,8,4,10,6,12,6,8,15,8,17
2311,3,5,3,4,5,6,6,8,9,8,11,12,8,14,11,14,14
2312,1,2,3,4,5,6,7,8,9,10,11,12,13,14,15,16,17
2313,1,2,3,4,5,6,7,8,9,10,11,12,13,14,15,16,17
2314,1,2,3,4,5,6,7,8,9,10,11,12,13,14,15,16,17
2315,1,2,3,4,5,6,7,8,9,10,11,12,13,14,15,16,17
2316,1,2,3,4,5,6,7,8,9,10,11,12,13,14,15,16,17
2317,3,2,3,4,3,6,6,8,9,10,6,12,6,14,8,8,17
2318,3,3,3,4,3,6,6,8,6,10,6,12,8,8,15,8,17
2319,1,2,3,4,5,6,7,8,9,10,11,12,13,14,15,16,17
2320,1,2,3,4,5,6,7,8,9,10,11,12,13,14,15,16,17
2321,1,2,3,4,5,6,7,8,9,10,11,12,13,14,15,16,17
2322,1,2,3,4,5,6,7,8,9,10,11,12,13,14,15,16,17
2323,1,2,3,4,5,6,7,8,9,10,11,12,13,14,15,16,17
2324,1,2,3,4,5,6,7,8,9,10,11,12,13,14,15,16,17
2325,1,2,3,4,5,6,7,8,9,10,11,12,13,14,15,16,17
2326,1,2,3,4,5,6,7,8,9,10,11,12,13,14,15,16,17
2327,1,2,3,4,5,6,7,8,9,10,11,12,13,14,15,16,17
2328,1,2,3,4,5,6,7,8,9,10,11,12,13,14,15,16,17
2329,1,2,3,4,2,6,7,8,9,3,4,4,6,14,7,7,8
2330,2,2,3,4,5,6,7,8,9,3,3,4,5,6,15,6,8
2331,1,2,3,4,2,6,7,8,9,3,4,4,13,6,6,7,8
2332,2,2,3,4,3,6,7,8,9,3,4,6,13,6,7,8,17
2333,2,2,3,4,5,6,7,8,2,3,4,12,6,7,8,16,8
2334,2,2,3,4,3,6,7,8,3,4,6,12,6,7,8,8,17
2335,2,2,3,4,5,6,7,8,9,3,4,5,6,6,7,8,9
2336,1,2,3,4,5,6,7,8,9,10,11,12,13,14,1,9,17
2337,1,2,3,4,5,6,7,8,9,10,11,12,13,14,10,16,17
2338,1,2,3,4,5,6,7,8,9,10,11,12,13,14,15,8,17
2339,1,2,3,4,5,6,7,8,9,10,11,12,13,14,4,12,17
2340,4,2,3,4,5,6,7,8,9,10,11,12,13,14,8,11,14
2341,2,2,3,4,5,6,7,8,9,3,4,12,6,7,8,9,12
2342,2,2,3,4,5,6,7,8,9,4,5,12,6,7,8,9,12
2343,1,2,3,4,5,6,7,8,9,10,11,12,13,14,8,16,17
2344,1,2,3,4,5,6,7,8,9,10,11,12,13,14,15,16,17
2345,1,2,3,4,5,6,7,8,9,10,11,12,13,14,15,16,17
2346,3,2,3,4,5,6,7,8,9,6,11,12,13,14,8,12,14
2347,1,2,3,4,5,6,7,8,9,10,11,12,13,14,15,16,17
2348,1,2,3,4,5,6,7,8,9,10,11,12,13,14,15,16,17
2349,1,2,3,4,5,6,7,8,9,10,11,12,13,14,15,16,17
2350,1,2,3,4,5,6,7,8,9,10,11,12,13,14,15,16,17
2351,1,2,3,4,5,6,7,8,9,10,11,12,13,14,15,16,17
2352,3,5,3,4,5,6,7,8,9,10,11,12,6,7,9,10,12
2353,4,6,3,4,5,6,7,8,9,10,11,12,13,8,9,11,13
2354,4,2,3,4,5,6,7,8,9,10,11,12,13,7,15,10,13
2355,1,2,3,4,5,6,7,8,9,10,11,12,13,14,5,13,17
2356,2,2,3,4,5,6,7,8,9,4,11,12,5,7,8,11,12
2357,2,2,3,4,5,6,7,8,9,4,11,12,5,6,7,8,11
2358,5,2,3,4,5,6,7,8,9,10,11,12,13,14,8,11,14
2359,3,6,3,4,5,6,7,8,9,10,11,12,13,14,8,11,13
2360,2,2,3,4,5,6,7,8,9,3,11,5,6,8,9,11,11
2361,1,2,3,4,5,6,7,8,9,10,11,12,13,14,15,16,17
2362,1,2,3,4,5,6,7,8,9,10,11,12,13,14,15,16,17
2363,1,2,3,4,5,6,7,8,9,10,11,12,13,14,15,16,17
2364,1,2,3,4,5,6,7,8,9,10,11,12,13,14,15,16,17
2365,1,2,3,4,5,6,7,8,9,10,11,12,13,14,15,16,17
2366,1,2,3,4,5,6,7,8,9,10,11,12,13,14,15,16,17
2367,1,2,3,4,5,6,7,8,9,10,11,12,13,14,15,16,17
2368,1,2,3,4,5,6,7,8,9,10,11,12,13,14,15,16,17
2369,1,2,3,4,5,6,7,8,9,10,11,12,13,14,15,16,17
2370,1,2,3,4,5,6,7,8,9,10,11,12,13,14,15,16,17
2371,1,2,3,4,5,6,7,8,9,10,11,12,13,14,15,16,17
2372,1,2,3,4,5,6,7,8,9,10,11,12,13,14,15,16,17
2373,1,2,3,4,5,6,7,8,9,10,11,12,13,14,15,16,17
2374,1,2,3,4,5,6,7,8,9,10,11,12,13,14,15,16,17
2375,1,2,3,4,5,6,7,8,9,10,11,12,13,14,15,16,17
2376,1,2,3,4,5,6,7,8,9,10,11,12,13,14,15,16,17
2377,1,2,3,4,5,6,7,8,9,10,11,12,13,14,15,16,17
2378,1,2,3,4,5,6,7,8,9,10,11,12,13,14,15,16,17
2379,1,2,3,4,5,6,7,8,9,10,11,12,13,14,15,16,17
2380,1,2,3,4,5,6,7,8,9,10,11,12,13,14,15,16,17
2381,1,2,3,4,5,6,7,8,9,10,11,12,13,14,15,16,17
2382,1,2,3,4,5,6,7,8,9,10,11,12,13,14,15,16,17
2383,1,2,3,4,5,6,7,8,9,10,11,12,13,14,15,16,17
2384,1,2,3,4,5,6,7,8,9,10,11,12,13,14,15,16,17
2385,1,2,3,4,5,6,7,8,9,10,11,12,13,14,15,16,17
2386,1,2,3,4,5,6,7,8,9,10,11,12,13,14,15,16,17
2387,1,2,3,4,5,6,7,8,9,10,11,12,13,14,15,16,17
2388,1,2,3,4,5,6,7,8,9,10,11,12,13,14,15,16,17
2389,1,2,3,4,5,6,7,8,9,10,11,12,13,14,15,16,17
2390,1,2,3,4,5,6,7,8,9,10,11,12,13,14,15,16,17
2391,1,2,3,4,5,6,7,8,9,10,11,12,13,14,15,16,17
2392,1,2,3,4,5,6,7,8,9,10,11,12,13,14,15,16,17
2393,1,2,3,4,5,6,7,8,9,10,11,12,13,14,15,16,17
2394,1,2,3,4,5,6,7,8,9,10,11,12,13,14,15,16,17
2395,1,2,3,4,5,6,7,8,9,10,11,12,13,14,15,16,17
2396,1,2,3,4,5,6,7,8,9,10,11,12,13,14,15,16,17
2397,1,2,3,4,5,6,7,8,9,10,11,12,13,14,15,16,17
2398,1,2,3,4,5,6,7,8,9,10,11,12,13,14,15,16,17
2399,1,2,3,4,5,6,7,8,9,10,11,12,13,14,15,16,17
2400,1,2,3,4,5,6,7,8,9,10,11,12,13,14,15,16,17
2401,1,2,3,4,5,6,7,8,9,10,11,12,13,14,15,16,17
2402,1,2,3,4,5,6,7,8,9,10,11,12,13,14,15,16,17
2403,1,2,3,4,5,6,7,8,9,10,11,12,13,14,15,16,17
2404,1,2,3,4,5,6,7,8,9,10,11,12,13,14,15,16,17
2405,1,2,3,4,5,6,7,8,9,10,11,12,13,14,15,16,17
2406,1,2,3,4,5,6,7,8,9,10,11,12,13,14,15,16,17
2407,1,2,3,4,5,6,7,8,9,10,11,12,13,14,15,16,17
2408,1,2,3,4,5,6,7,8,9,10,11,12,13,14,15,16,17
2409,1,2,3,4,5,6,7,8,9,10,11,12,13,14,15,16,17
2410,1,2,3,4,5,6,7,8,9,10,11,12,13,14,15,16,17
2411,1,2,3,4,5,6,7,8,9,10,11,12,13,14,15,16,17
2412,1,2,3,4,5,6,7,8,9,10,11,12,13,14,15,16,17
2413,1,2,3,4,5,6,7,8,9,10,11,12,13,14,15,16,17
2414,1,2,3,4,5,6,7,8,9,10,11,12,13,14,15,16,17
2415,1,2,3,4,5,6,7,8,9,10,11,12,13,14,15,16,17
2416,1,2,3,4,5,6,7,8,9,10,11,12,13,14,15,16,17
2417,1,2,3,4,5,6,7,8,9,10,11,12,13,14,15,16,17
2418,1,2,3,4,5,6,7,8,9,10,11,12,13,14,15,16,17
2419,1,2,3,4,5,6,7,8,9,10,11,12,13,14,15,16,17
2420,1,2,3,4,5,6,7,8,9,10,11,12,13,14,15,16,17
2421,1,2,3,4,5,6,7,8,9,10,11,12,13,14,15,16,17
2422,1,2,3,4,5,6,7,8,9,10,11,12,13,14,15,16,17
2423,1,2,3,4,5,6,7,8,9,10,11,12,13,14,15,16,17
2424,1,2,3,4,5,6,7,8,9,10,11,12,13,14,15,16,17
2425,1,2,3,4,5,6,7,8,9,10,11,12,13,14,15,16,17
2426,1,2,3,4,5,6,7,8,9,10,11,12,13,14,15,16,17
2427,1,2,3,4,5,6,7,8,9,10,11,12,13,14,15,16,17
2428,1,2,3,4,5,6,7,8,9,10,11,12,13,14,15,16,17
2429,1,2,3,4,5,6,7,8,9,10,11,12,13,14,15,16,17
2430,1,2,3,4,5,6,7,8,9,10,11,12,13,14,15,16,17
2431,1,2,3,4,5,6,7,8,9,10,11,12,13,14,15,16,17
2432,1,2,3,4,5,6,7,8,9,10,11,12,13,14,15,16,17
2433,1,2,3,4,5,6,7,8,9,10,11,12,13,14,15,16,17
2434,1,2,3,4,5,6,7,8,9,10,11,12,13,14,15,16,17
2435,1,2,3,4,5,6,7,8,9,10,11,12,13,14,15,16,17
2436,2,2,2,4,5,6,4,5,9,5,11,12,13,11,11,12,17
2437,5,2,3,5,5,6,7,8,11,10,11,12,13,14,15,13,13
2438,1,2,3,4,5,6,7,8,9,10,11,12,13,14,15,16,17
2439,3,5,3,7,5,8,7,8,9,8,9,12,12,14,15,14,15
2440,1,2,3,4,5,6,7,8,9,10,11,12,13,14,15,16,17
2441,1,2,3,4,5,6,7,8,9,10,11,12,13,14,15,16,17
2442,1,2,3,4,5,6,7,8,9,10,11,12,13,14,15,16,17
2443,1,16,3,4,5,16,7,8,9,16,11,12,13,16,15,16,17
2444,1,2,3,4,5,6,7,8,9,10,11,12,13,14,15,16,17
2445,1,2,3,4,5,6,7,8,9,10,11,12,13,14,15,16,17
2446,1,2,3,4,5,6,7,8,9,10,11,12,13,14,15,16,17
2447,1,2,3,4,5,6,7,8,9,10,11,12,13,14,15,16,17
2448,1,2,3,4,5,6,7,8,9,10,11,12,13,14,15,16,17
2449,1,2,3,4,5,6,7,8,9,10,11,12,13,14,15,16,17
2450,1,2,3,4,5,6,7,8,9,10,11,12,13,14,15,16,17
2451,1,2,3,4,5,6,7,8,9,10,11,12,13,14,15,16,17
2452,1,3,3,4,4,6,7,4,9,4,11,12,6,14,6,16,6
2453,1,3,3,4,3,6,7,8,9,4,11,6,13,6,8,16,8
2454,1,2,3,4,5,6,7,8,9,10,11,12,13,14,15,16,17
2455,1,2,3,4,5,6,7,8,9,10,11,12,13,14,15,16,17
2456,1,2,3,4,5,6,7,8,9,10,11,12,13,14,15,16,17
2457,1,2,3,4,5,6,7,8,9,10,11,12,13,14,15,16,17
2458,1,2,3,4,5,6,7,8,9,10,11,12,13,14,15,16,17
2459,3,2,3,4,5,6,7,8,9,10,4,6,13,8,8,16,9
2460,4,2,3,4,5,6,6,8,6,10,6,12,8,8,15,8,17
2461,1,3,3,4,3,6,7,8,3,6,11,6,13,6,15,8,8
2462,3,2,3,4,3,6,7,3,9,4,11,4,6,14,6,16,6
2463,1,3,3,4,3,6,7,8,3,10,4,6,13,6,8,16,8
2464,2,2,3,4,5,6,7,8,3,3,11,6,6,14,8,8,17
2465,1,2,3,4,5,6,7,8,9,10,11,12,13,14,15,16,17
2466,1,2,3,4,5,6,7,8,9,10,11,12,13,14,15,16,17
2467,1,2,3,4,5,6,7,8,9,10,11,12,13,14,15,16,17
2468,1,2,3,4,5,6,7,8,9,10,11,12,13,14,15,16,17
2469,1,2,3,4,5,6,7,8,9,10,11,12,13,14,15,16,17
2470,1,2,3,4,5,6,7,8,9,10,11,12,13,14,15,16,17
2471,1,2,3,4,5,6,7,8,9,10,11,12,13,14,15,7,17
2472,1,2,3,16,5,6,7,8,9,16,11,12,13,14,15,16,17
2473,1,2,3,4,5,6,7,8,9,10,11,12,13,14,15,15,17
2474,1,2,3,4,5,6,7,8,9,10,11,12,13,14,15,16,17
2475,1,2,3,4,5,6,7,8,9,10,11,12,13,14,15,16,17
2476,1,2,3,4,5,6,7,8,9,10,11,12,13,14,15,16,17
2477,1,2,3,4,5,6,7,8,9,10,11,12,13,14,15,16,17
2478,1,2,3,4,5,6,7,8,9,10,11,12,13,14,15,16,17
2479,1,2,3,4,5,6,7,8,9,10,11,12,13,14,15,16,17
2480,1,2,3,4,5,6,7,8,9,10,11,12,13,14,15,16,17
2481,2,2,3,6,5,6,7,8,9,10,11,12,13,14,15,9,13
2482,1,2,3,7,5,6,7,8,9,10,11,12,13,14,15,15,17
2483,1,2,3,4,5,6,7,8,9,10,11,12,13,14,15,16,17
2484,1,2,3,4,5,6,7,8,9,10,11,12,13,14,15,16,17
2485,1,2,3,4,5,6,7,8,9,10,11,12,13,14,15,16,17
2486,1,2,3,4,5,6,7,8,9,10,11,12,13,14,15,16,17
2487,1,2,3,4,5,6,7,8,9,10,11,12,13,14,15,16,17
2488,1,2,3,4,5,6,7,8,9,10,11,12,13,14,15,16,17
2489,4,2,3,4,4,6,7,8,9,10,11,4,13,7,7,13,13
2490,1,2,3,4,5,6,7,8,9,10,11,12,13,14,15,10,17
2491,1,2,3,4,5,6,7,8,9,10,11,12,13,14,15,16,17
2492,1,2,3,4,5,6,7,8,9,10,11,12,13,14,15,16,17
2493,1,2,3,4,5,6,7,8,9,10,11,12,13,14,15,16,17
2494,1,2,3,4,5,6,7,8,9,10,11,12,13,14,15,16,17
2495,2,2,3,4,5,6,3,8,9,10,3,4,13,6,6,8,8
2496,1,2,3,4,5,6,7,8,9,10,11,12,13,14,15,16,17
2497,1,2,3,4,5,6,7,8,9,10,11,12,13,14,15,16,17
2498,1,2,3,4,5,6,7,8,9,10,11,12,13,14,15,16,17
2499,1,2,3,4,5,6,7,8,9,10,11,12,13,14,15,16,17
2500,1,2,3,4,5,6,7,8,9,10,11,12,13,14,15,16,17
2501,1,2,3,4,5,6,7,8,9,10,11,12,13,14,15,16,17
2502,1,2,3,4,5,6,7,8,9,10,11,12,13,14,15,16,17
2503,1,2,3,4,5,6,7,8,9,10,11,12,13,14,15,16,17
2504,3,6,3,6,5,6,7,8,9,10,11,12,7,8,8,10,11
2505,2,2,3,4,5,6,7,8,9,3,4,4,13,6,7,7,8
2506,1,2,3,4,5,6,7,8,9,10,11,12,13,14,15,16,17
2507,1,2,3,4,5,6,7,8,9,10,11,12,13,14,15,16,17
2508,1,2,3,4,5,6,7,8,9,10,11,12,13,14,15,16,17
2509,1,2,3,4,5,6,7,8,9,10,11,12,13,14,15,16,17
2510,1,2,3,4,5,6,7,8,9,10,11,12,13,14,15,16,17
2511,1,2,3,4,5,6,7,8,9,10,11,12,13,14,15,16,17
2512,1,2,3,4,5,6,7,8,9,10,11,12,13,14,15,16,17
2513,1,2,3,4,5,6,7,8,9,10,11,12,13,14,15,16,17
2514,1,2,3,4,5,6,7,8,9,10,11,12,13,14,15,16,17
2515,1,2,3,4,5,6,7,8,9,10,11,12,13,14,15,16,17
2516,1,2,3,4,5,6,7,8,9,10,11,12,13,14,15,16,17
2517,1,2,3,4,5,6,7,8,9,10,11,12,13,14,15,16,17
2518,1,2,3,4,5,6,7,8,9,10,11,12,13,14,15,16,17
2519,1,2,3,4,5,6,7,8,9,10,11,12,13,14,15,16,17
2520,1,2,3,4,5,6,7,8,9,10,11,12,13,14,15,16,17
2521,1,2,3,4,5,6,7,8,9,10,11,12,13,14,15,16,17
2522,1,2,3,4,5,6,7,8,9,10,11,12,13,14,15,16,17
2523,1,2,3,4,5,6,7,8,9,10,11,12,13,14,15,16,17
2524,1,2,3,4,5,6,7,8,9,10,11,12,13,14,15,16,17
2525,1,2,3,4,5,6,7,8,9,10,11,12,13,14,15,16,17
2526,1,2,3,4,5,6,7,8,9,10,11,12,13,14,15,16,17
2527,1,2,3,4,5,6,7,8,9,10,11,12,13,14,15,16,17
2528,1,2,3,4,5,6,7,8,9,10,11,12,13,14,15,16,17
2529,1,2,3,4,5,6,7,8,9,10,11,12,13,14,15,16,17
2530,1,2,3,4,5,6,7,8,9,10,11,12,13,14,15,16,17
2531,1,2,3,4,5,6,7,8,9,10,11,12,13,14,15,16,17
2532,1,2,3,4,5,6,7,8,9,10,11,12,13,14,15,16,17
2533,1,2,3,4,5,6,7,8,9,10,11,12,13,14,15,16,17
2534,1,2,3,4,5,6,7,8,9,10,11,12,13,14,15,16,17
2535,1,2,3,4,5,6,7,8,9,10,11,12,13,14,15,16,17
2536,1,2,3,4,5,6,7,8,9,10,11,12,13,14,15,16,17
2537,1,2,3,4,5,6,7,8,9,10,11,12,13,14,15,16,17
2538,1,2,3,4,5,6,7,8,9,10,11,12,13,14,15,16,17
2539,1,2,3,4,5,6,7,8,9,10,11,12,13,14,15,16,17
2540,1,2,3,4,5,6,7,8,9,10,11,12,13,14,15,16,17
2541,1,2,3,4,5,6,7,8,9,10,11,12,13,14,15,16,17
2542,1,2,3,4,5,6,7,8,9,10,11,12,13,14,15,16,17
2543,1,2,3,4,5,6,7,8,9,10,11,12,13,14,15,16,17
2544,1,2,3,4,5,6,7,8,9,10,11,12,13,14,15,16,17
2545,1,2,3,4,5,6,7,8,9,10,11,12,13,14,15,16,17
2546,1,2,3,4,5,6,7,8,9,10,11,12,13,14,15,16,17
2547,1,2,3,4,5,6,7,8,9,10,11,12,13,14,15,16,17
2548,1,2,3,4,5,6,7,8,9,10,11,12,13,14,15,16,17
2549,1,2,3,4,5,6,7,8,9,10,11,12,13,14,15,16,17
2550,1,2,3,4,5,6,7,8,9,10,11,12,13,14,15,16,17
2551,1,2,3,4,5,6,7,8,9,10,11,12,13,14,15,16,17
2552,1,2,3,4,5,6,7,8,9,10,11,12,13,14,15,16,17
2553,1,2,3,4,5,6,7,8,9,10,11,12,13,14,15,16,17
2554,1,2,3,4,5,6,7,8,9,10,11,12,13,14,15,16,17
2555,1,2,3,4,5,6,7,8,9,10,11,12,13,14,15,16,17
2556,1,2,3,4,5,6,7,8,9,10,11,12,13,14,15,16,17
2557,1,2,3,4,5,6,7,8,9,10,11,12,13,14,15,16,17
2558,1,2,3,4,5,6,7,8,9,10,11,12,13,14,15,16,17
2559,1,2,3,4,5,6,7,8,9,10,11,12,13,14,15,16,17
2560,1,2,3,4,5,6,7,8,9,10,11,12,13,14,15,16,17
2561,1,2,3,4,5,6,7,8,9,10,11,12,13,14,15,16,17
2562,1,2,3,4,5,6,7,8,9,10,11,12,13,14,15,16,17
2563,1,2,3,4,5,6,7,8,9,10,11,12,13,14,15,16,17
2564,1,2,3,4,5,6,7,8,9,10,11,12,13,14,15,16,17
2565,1,2,3,4,5,6,7,8,9,10,11,12,13,14,15,16,17
2566,1,2,3,4,5,6,7,8,9,10,11,12,13,14,15,16,17
2567,1,2,3,4,5,6,7,8,9,10,11,12,13,14,15,16,17
2568,1,2,3,4,5,6,7,8,9,10,11,12,13,14,15,16,17
2569,1,2,3,4,5,6,7,8,9,10,11,12,13,14,15,16,17
2570,1,2,3,4,5,6,7,8,9,10,11,12,13,14,15,16,17
2571,1,2,3,4,5,6,7,8,9,10,11,12,13,14,15,16,17
2572,1,2,3,4,5,6,7,8,9,10,11,12,13,14,15,16,17
2573,1,2,3,4,5,6,7,8,9,10,11,12,13,14,15,16,17
2574,1,2,3,4,5,6,7,8,9,10,11,12,13,14,15,16,17
2575,1,2,3,4,5,6,7,8,9,10,11,12,13,14,15,16,17
2576,1,2,3,4,5,6,7,8,9,10,11,12,13,14,15,16,17
2577,2,2,3,4,5,6,7,8,3,4,5,5,13,6,7,8,8
2578,3,2,3,4,5,5,7,8,7,11,11,12,11,14,15,12,15
2579,2,2,3,4,5,7,7,8,9,10,11,12,9,14,15,11,14
2580,2,2,3,3,5,5,7,8,9,7,8,12,9,14,15,12,15
2581,2,2,3,3,5,6,7,8,9,5,7,12,8,14,15,12,14
2582,3,6,3,7,8,6,7,8,9,10,12,12,13,14,15,13,14
2583,1,2,3,4,5,6,7,8,9,10,11,12,13,14,15,16,17
2584,1,2,3,4,5,6,7,8,9,10,11,12,13,14,15,16,17
2585,1,2,3,4,5,6,7,8,9,10,11,12,13,14,15,16,17
2586,1,2,3,4,5,6,7,8,9,10,11,12,13,14,15,16,17
2587,1,2,3,4,5,6,7,8,9,10,11,12,13,14,15,16,17
2588,1,2,3,4,5,6,7,8,9,10,11,12,13,14,15,16,17
2589,1,2,3,4,5,6,7,8,9,10,11,12,13,14,15,16,17
2590,1,2,3,4,5,6,7,8,9,10,11,12,13,14,15,16,17
2591,1,2,3,4,5,6,7,8,9,10,11,12,13,14,15,16,17
2592,1,2,3,4,5,6,7,8,9,10,11,12,13,14,15,16,17
2593,1,2,3,4,5,6,7,8,9,10,11,12,13,14,15,16,17
2594,1,3,3,4,5,6,6,8,9,6,11,12,6,14,15,6,17
2595,1,3,3,4,3,6,7,8,4,10,4,6,13,6,15,8,8
2596,2,2,3,2,3,6,7,8,9,6,11,7,7,8,15,9,15
2597,1,2,3,4,5,6,7,8,9,10,11,12,13,14,15,16,17
2598,1,2,3,4,5,6,7,8,9,10,11,12,13,14,15,16,17
2599,1,2,3,4,5,6,7,8,9,10,11,12,13,14,15,16,17
2600,1,2,3,4,5,6,7,8,9,10,11,12,13,14,15,16,17
2601,1,2,3,4,5,6,7,8,9,10,11,12,13,14,15,16,17
2602,1,2,3,4,5,6,7,8,9,10,11,12,13,14,15,16,17
2603,3,6,3,4,5,6,7,8,9,6,11,6,13,8,15,8,17
2604,1,3,3,6,5,6,7,8,6,10,6,12,8,14,8,16,8
2605,3,3,3,4,3,6,7,8,9,4,6,12,6,8,15,8,17
2606,1,3,3,4,3,6,7,8,4,10,4,6,13,6,8,16,8
2607,3,2,3,3,5,6,5,8,6,6,11,12,13,8,8,11,17
2608,1,3,3,4,5,6,7,8,3,5,11,5,13,6,8,8,13
2609,1,3,3,4,5,6,7,8,3,5,11,6,13,6,15,8,8
2610,3,2,3,4,5,6,3,8,4,5,11,12,6,6,8,16,8
2611,2,2,3,3,3,6,6,8,8,10,11,8,10,14,11,14,14
2612,3,2,3,4,5,6,7,8,9,5,11,8,13,14,15,11,15
2613,1,2,3,4,5,6,7,8,9,10,11,12,13,14,15,16,17
2614,1,2,3,4,5,6,7,8,9,10,11,8,13,14,15,14,17
2615,2,2,3,4,5,6,7,8,9,5,11,7,13,14,15,9,14
2616,2,2,3,4,5,6,7,8,9,5,11,9,13,14,15,16,14
2617,1,2,3,4,5,6,7,8,9,8,11,17,13,14,15,16,17
2618,1,2,3,4,5,6,7,8,9,10,11,12,13,14,15,16,17
2619,1,2,3,4,5,6,7,8,9,10,11,12,13,14,15,16,17
2620,1,2,3,4,5,6,7,8,9,10,11,12,13,14,15,16,17
2621,1,2,3,4,5,6,7,8,9,10,11,12,13,14,15,16,17
2622,1,2,3,4,5,6,7,8,9,10,11,12,13,14,15,16,17
2623,1,2,3,4,5,6,7,8,9,10,11,12,13,14,15,16,17
2624,1,2,3,4,5,6,7,8,9,10,11,12,13,14,15,16,17
2625,1,2,3,4,5,6,7,8,9,10,11,12,13,14,15,16,17
2626,1,2,3,4,5,6,7,8,9,10,11,12,13,14,15,16,17
2627,1,2,3,4,5,6,7,8,9,10,11,12,13,14,15,16,17
2628,1,2,3,4,5,6,7,8,9,10,11,12,13,14,15,16,17
2629,1,2,3,4,5,6,7,8,9,10,11,12,13,14,15,16,17
2630,1,2,3,4,5,6,7,8,9,10,11,12,13,14,15,16,17
2631,4,2,4,4,5,5,7,7,10,10,12,12,13,12,15,16,15
2632,2,2,3,2,5,6,7,8,9,3,5,12,8,9,9,16,9
2633,4,5,3,4,5,5,7,12,9,10,13,12,13,13,15,13,13
2634,1,2,3,4,5,6,7,8,9,10,11,12,13,14,15,1,17
2635,1,2,3,4,5,6,7,8,9,10,11,12,13,14,15,16,17
2636,12,2,3,4,12,6,7,8,12,10,11,12,13,12,15,16,17
2637,1,12,3,12,5,12,7,13,9,13,11,12,13,14,13,16,17
2638,2,2,3,4,5,6,7,8,9,4,11,5,5,5,6,8,9
2639,1,2,3,4,5,6,7,8,9,10,11,12,13,14,15,16,17
2640,1,2,3,4,5,6,7,8,9,10,11,12,13,14,15,16,17
2641,5,2,3,4,5,6,7,8,9,10,11,12,5,14,15,12,12
2642,1,2,1,4,5,1,7,8,1,10,17,12,13,17,15,16,17
2643,1,2,3,4,5,6,7,8,9,10,11,12,13,14,15,16,17
2644,1,12,3,4,5,6,7,12,9,10,11,12,13,14,15,12,12
2645,2,2,3,4,5,6,7,8,9,2,3,4,5,6,8,8,9
2646,2,2,3,4,5,6,7,8,9,3,11,3,6,6,8,16,8
2647,1,2,3,4,3,6,7,8,9,3,6,12,6,6,15,8,8
2648,3,5,3,4,5,6,7,8,9,10,6,12,7,8,9,9,10
2649,1,2,3,4,5,6,7,8,9,10,11,12,2,2,15,7,17
2650,1,14,3,4,5,6,7,8,9,10,11,12,13,14,15,16,17
2651,1,2,3,4,5,6,7,8,9,10,11,12,13,14,15,16,17
2652,4,7,3,4,5,6,7,8,9,10,11,12,13,14,15,10,13
2653,2,2,3,4,3,6,7,8,3,10,4,6,6,7,8,16,8
2654,2,2,3,4,5,6,2,8,3,3,11,4,4,14,6,6,17
2655,1,2,3,4,2,6,2,8,3,10,3,4,13,4,15,6,6
2656,3,2,3,4,3,6,7,3,9,10,3,12,13,3,15,16,17
2657,2,2,2,4,5,6,2,8,9,10,2,12,13,2,15,16,17
2658,1,2,2,4,5,6,2,8,9,10,2,12,13,14,2,16,17
2659,1,2,3,4,5,6,7,8,9,10,11,12,13,14,15,16,17
2660,1,2,3,4,5,6,7,8,9,10,11,12,13,14,15,16,17
2661,1,2,3,4,5,6,7,8,9,10,11,12,13,14,15,16,17
2662,1,2,3,4,5,6,7,8,9,10,11,12,13,14,15,16,17
2663,1,2,3,4,5,6,7,8,9,10,11,12,13,14,15,16,17
2664,1,2,3,4,5,6,7,8,9,10,11,12,13,14,15,16,17
2665,1,2,3,4,5,6,7,8,9,10,11,12,13,14,15,16,17
2666,1,2,3,4,5,6,7,8,9,10,11,12,13,14,15,16,17
2667,1,2,3,4,5,6,7,8,9,10,11,12,13,14,15,16,17
2668,1,2,3,4,5,6,7,8,9,10,11,12,13,14,15,16,17
2669,1,2,3,4,5,6,7,8,9,10,11,12,13,14,15,16,17
2670,1,2,3,4,5,6,7,8,9,10,11,12,13,14,15,16,17
2671,1,2,3,4,5,6,7,8,9,10,11,12,13,14,15,16,17
2672,1,2,3,4,5,6,7,8,9,10,11,12,13,14,15,16,17
2673,1,2,3,4,5,6,7,8,9,10,11,12,13,14,15,16,17
2674,1,2,3,4,5,6,7,8,9,10,11,12,13,14,15,16,17
2675,1,2,3,4,5,6,7,8,9,10,11,12,13,14,15,16,17
2676,1,2,3,4,5,6,7,8,9,10,11,12,13,14,15,16,17
2677,1,2,3,4,5,6,7,8,9,10,11,12,13,14,15,16,17
2678,1,2,3,4,5,6,7,8,9,10,11,12,13,14,15,16,17
2679,1,2,3,4,5,6,7,8,9,10,11,12,13,14,15,16,17
2680,1,2,3,4,5,6,7,8,9,10,11,12,13,14,15,16,17
2681,1,2,3,4,5,6,7,8,9,10,11,12,13,14,15,16,17
2682,1,2,3,4,5,6,7,8,9,10,11,12,13,14,15,16,17
2683,1,2,3,4,5,6,7,8,9,10,11,12,13,14,15,16,17
2684,1,2,3,4,5,6,7,8,9,10,11,12,13,14,15,16,17
2685,1,2,3,4,5,6,7,8,9,10,11,12,13,14,15,16,17
2686,1,2,7,4,5,6,7,8,9,10,11,12,13,14,15,16,17
2687,2,2,3,2,5,6,3,8,9,3,11,3,13,14,3,16,17
2688,2,2,3,4,2,6,7,2,9,3,11,12,3,14,15,3,17
2689,1,2,3,4,2,6,7,3,9,10,3,12,13,3,15,16,3
2690,1,2,3,4,2,6,7,3,9,10,3,12,13,3,15,16,3
2691,1,2,3,4,5,6,7,8,9,10,11,12,13,14,15,16,17
2692,1,2,3,4,5,6,7,8,9,10,11,12,13,14,15,16,17
2693,1,2,3,4,5,6,7,8,9,10,11,12,13,14,15,16,17
2694,1,2,3,4,5,6,7,8,9,10,11,12,13,14,15,16,17
2695,1,2,3,4,5,6,7,8,9,10,11,12,13,14,15,16,17
2696,1,2,3,4,5,6,7,8,9,10,11,12,13,14,15,16,17
2697,1,2,3,4,5,6,7,8,9,10,11,12,13,14,15,16,17
2698,1,2,3,4,5,6,7,8,9,10,11,12,13,14,15,16,17
2699,1,2,3,4,5,6,7,8,9,10,11,12,13,14,15,16,17
2700,1,2,3,4,5,6,7,8,9,10,11,12,13,14,15,16,17
2701,1,2,3,4,5,6,7,8,9,10,11,12,13,14,15,16,17
2702,1,2,3,4,5,6,7,8,9,10,11,12,13,14,15,16,17
2703,1,2,3,4,5,6,7,8,9,10,11,12,13,14,15,16,17
2704,1,2,3,4,5,6,7,8,9,10,11,12,13,14,15,16,17
2705,1,2,3,4,5,6,7,8,9,10,11,12,13,14,15,16,17
2706,1,2,3,4,5,6,7,8,9,10,11,12,13,14,15,16,17
2707,1,2,3,4,5,6,7,8,9,10,11,12,13,14,15,16,17
2708,1,2,3,4,5,6,7,8,9,10,11,12,13,14,15,16,17
2709,1,2,3,4,5,2,7,8,9,10,11,12,13,14,15,16,17
2710,1,2,3,4,5,2,7,8,9,10,11,12,13,14,15,16,17
2711,1,2,3,2,5,6,7,8,9,10,11,12,13,14,15,16,17
2712,1,2,3,4,5,6,7,8,9,10,11,12,13,14,15,16,17
2713,1,2,3,4,5,6,7,8,9,10,11,12,13,14,15,16,17
2714,1,2,3,4,5,6,7,8,9,10,11,12,13,14,15,16,17
2715,1,2,3,4,5,6,7,8,9,10,11,12,13,14,15,16,17
2716,1,2,3,4,5,6,7,8,9,10,11,12,13,14,15,16,17
2717,1,2,3,4,5,6,7,8,9,10,11,12,13,14,15,16,17
2718,1,2,3,4,5,6,7,8,9,10,11,12,13,14,15,16,17
2719,2,2,3,4,5,6,7,8,9,3,3,12,4,7,8,16,8
2720,2,2,3,4,5,6,7,8,3,4,5,5,6,7,15,8,15
2721,2,2,3,4,5,6,7,8,9,3,5,12,6,8,15,9,12
2722,3,2,3,6,5,6,7,8,9,8,11,12,11,14,15,12,15
2723,3,2,3,4,5,6,7,8,9,4,6,12,8,14,15,12,15
2724,3,2,3,4,5,6,7,8,9,6,11,12,13,14,15,11,14
2725,5,2,3,4,5,6,7,8,9,10,11,12,13,14,15,16,13
2726,1,2,3,4,5,6,7,8,9,10,11,12,13,14,15,16,17
2727,1,2,3,4,5,6,7,8,9,10,11,12,13,14,15,16,17
2728,1,2,3,4,5,6,7,8,9,10,11,12,13,14,15,16,17
2729,1,2,3,4,5,6,7,8,9,10,11,12,13,14,15,16,17
2730,1,2,3,4,5,6,7,8,9,10,11,12,13,14,15,16,17
2731,1,2,3,4,5,6,7,8,9,10,11,12,13,14,15,16,17
2732,1,2,5,9,5,15,7,8,9,10,11,12,13,14,15,16,17
2733,1,2,3,4,5,6,7,8,9,10,11,12,13,14,15,16,17
2734,1,2,3,4,5,6,7,8,9,10,11,12,13,14,15,16,17
2735,1,2,3,4,5,6,7,8,9,10,11,12,13,14,15,16,17
2736,1,2,3,4,5,6,7,6,9,10,6,12,13,6,15,16,6
2737,3,2,3,4,5,6,3,8,9,4,6,12,6,14,8,8,17
2738,2,2,3,3,5,6,7,8,9,10,11,6,7,14,15,9,10
2739,2,2,3,5,5,6,7,8,9,10,11,7,9,14,15,11,14
2740,3,2,3,6,7,6,7,8,9,10,11,9,10,14,15,14,15
2741,2,2,3,2,3,6,7,8,9,6,11,6,7,8,15,9,15
2742,3,2,3,4,4,6,7,8,9,6,11,7,8,14,15,9,15
2743,3,2,3,4,5,6,7,8,9,10,11,5,7,14,15,9,15
2744,3,5,3,5,5,6,7,8,9,6,7,8,8,14,15,9,15
2745,3,2,3,4,4,6,7,8,9,4,11,6,6,14,8,8,17
2746,3,4,3,4,6,6,7,8,9,10,6,6,13,8,15,8,17
2747,4,2,3,4,6,6,7,8,6,10,6,12,8,14,8,8,17
2748,3,3,3,4,5,6,7,8,3,4,11,6,6,14,8,8,17
2749,3,2,3,4,4,6,4,8,6,10,11,6,13,8,8,16,11
2750,2,2,3,4,5,6,7,8,9,4,11,6,8,14,15,11,14
2751,1,2,3,4,5,6,7,8,9,10,11,1,13,14,15,8,17
2752,1,2,3,4,5,6,7,8,9,10,11,3,13,14,15,11,17
2753,2,2,3,4,5,6,7,8,9,4,11,6,8,14,15,11,14
2754,1,2,3,4,5,6,7,8,9,10,11,12,13,14,15,16,17
2755,1,2,3,4,5,6,7,8,9,10,11,12,13,14,15,16,17
2756,1,2,3,4,5,6,7,8,9,10,11,12,13,14,15,16,17
2757,2,2,3,3,5,6,7,8,9,5,11,6,7,14,9,11,14
2758,3,5,3,6,5,6,7,8,9,7,11,8,9,14,15,11,15
2759,3,5,3,6,5,6,7,8,9,7,11,9,11,14,15,14,15
2760,1,2,3,4,5,6,7,8,9,10,11,7,13,14,15,16,17
2761,1,2,3,4,5,6,7,8,9,10,11,12,13,14,15,16,17
2762,1,2,3,4,5,6,7,8,9,10,11,12,13,14,15,16,17
2763,1,2,3,4,2,6,7,8,9,10,11,12,13,14,15,16,12
2764,2,2,3,4,5,6,7,8,9,10,11,12,13,14,15,8,12
2765,1,2,3,4,5,6,7,8,9,10,11,12,13,14,15,16,17
2766,1,2,3,4,5,6,7,8,9,10,11,12,13,14,15,16,17
2767,1,2,3,4,5,6,7,8,9,10,11,12,13,14,15,16,17
2768,2,2,3,4,5,6,7,8,9,10,11,5,13,8,15,11,13
2769,1,2,3,4,5,6,7,8,9,10,11,12,13,14,15,16,17
2770,1,2,3,4,5,6,7,8,9,10,11,12,13,14,15,16,17
2771,1,2,3,4,5,6,7,8,9,10,11,12,13,14,15,16,17
2772,1,1,3,12,14,14,7,16,16,17,11,12,13,14,17,16,17
2773,1,1,10,11,12,13,15,16,17,10,11,12,13,14,15,16,17
2774,1,2,3,4,5,6,7,8,9,10,11,12,13,14,15,16,17
2775,2,2,3,2,5,6,3,8,9,3,11,3,13,14,3,16,17
2776,4,2,4,4,5,5,5,8,5,10,11,12,10,14,10,12,17
2777,3,2,3,4,5,6,7,8,9,10,11,4,13,4,6,8,10
2778,1,2,12,4,12,13,7,14,9,14,14,12,13,14,15,17,17
2779,1,2,3,4,5,6,7,8,9,10,11,12,13,14,15,16,17
2780,1,7,7,7,10,10,7,10,9,10,11,12,13,14,15,16,17
2781,1,4,7,4,9,11,7,15,9,10,11,12,13,14,15,16,17
2782,1,7,10,12,14,16,7,17,9,10,11,12,13,14,15,16,17
2783,1,2,12,4,5,6,7,8,9,10,11,12,13,14,15,16,17
2784,1,2,6,4,5,6,7,8,9,10,11,12,13,14,15,16,17
2785,1,1,10,12,13,14,7,16,17,10,11,12,13,14,15,16,17
2786,1,1,10,12,13,15,7,16,9,10,11,12,13,14,15,16,17
2787,1,2,3,4,5,6,7,8,9,10,11,12,13,14,15,16,17
2788,1,2,3,4,5,6,7,8,9,10,11,12,13,14,15,16,17
2789,1,2,3,4,5,6,7,8,9,10,11,12,13,14,15,16,17
2790,1,2,3,4,5,6,7,8,9,10,11,12,13,14,15,16,17
2791,1,4,3,4,5,6,7,8,9,10,11,12,13,14,15,16,17
2792,1,2,4,4,5,5,9,9,9,10,10,12,10,14,12,16,12
2793,1,2,3,4,5,6,7,8,9,4,11,12,13,14,15,16,17
2794,1,2,3,4,5,6,7,8,9,10,11,12,13,14,15,16,17
2795,4,2,3,4,5,6,7,8,9,10,11,12,13,14,15,16,17
2796,1,2,3,4,5,6,7,8,9,13,11,12,13,14,15,16,17
2797,1,2,3,4,5,6,7,8,9,10,11,12,13,14,15,16,17
2798,16,2,3,4,16,6,7,8,16,10,11,16,13,14,15,16,17
2799,2,2,3,4,5,6,7,8,9,2,11,2,4,6,9,11,11
2800,1,3,3,4,5,6,7,8,9,4,4,6,7,7,8,9,9
2801,3,2,3,4,5,6,7,8,9,4,11,5,6,6,7,8,9
2802,3,4,3,4,5,6,7,8,9,5,5,12,6,7,8,9,9
2803,3,2,3,4,5,6,7,8,9,4,4,6,7,7,8,16,9
2804,1,2,3,4,5,6,7,8,2,10,3,3,4,14,6,7,7
2805,1,3,3,4,3,6,7,8,4,10,4,12,4,14,6,16,6
2806,1,2,3,4,5,6,7,8,9,10,11,12,13,14,15,16,17
2807,1,2,3,4,5,6,7,8,9,10,11,12,13,14,15,16,17
2808,1,2,3,4,5,6,7,8,9,10,11,12,13,14,15,16,17
2809,1,2,3,4,5,6,7,8,9,10,11,12,13,14,15,16,17
2810,1,2,3,4,5,6,7,8,9,10,11,12,13,14,15,16,17
2811,1,2,3,4,5,6,7,8,9,10,11,12,13,14,15,16,17
2812,1,2,3,4,5,6,7,8,9,10,11,12,13,14,15,16,17
2813,1,2,3,4,5,6,7,8,9,10,11,12,13,14,15,16,17
2814,1,2,3,4,5,6,7,8,9,10,11,12,13,14,15,16,17
2815,1,2,3,4,5,6,7,8,9,10,11,12,13,14,15,16,17
2816,1,2,3,4,5,6,7,8,9,10,11,12,13,14,15,16,17
2817,1,2,3,4,5,6,7,8,9,10,11,12,13,14,15,16,17
2818,2,2,3,4,2,6,7,2,9,3,11,4,13,4,15,6,17
2819,2,2,3,2,5,6,2,8,2,10,11,3,13,3,15,6,17
2820,2,2,3,2,5,6,3,8,3,10,11,3,13,14,3,16,17
2821,1,2,3,3,5,6,7,3,9,10,11,3,13,14,15,3,17
2822,1,2,3,4,3,6,7,8,3,10,11,12,3,14,15,16,3
2823,1,2,3,4,5,2,7,8,2,10,11,2,13,3,15,16,3
2824,1,3,3,4,5,6,3,8,9,10,3,12,13,14,3,16,17
2825,1,2,3,4,5,6,7,8,9,10,11,12,13,14,15,16,17
2826,1,2,3,4,5,6,7,8,9,10,11,12,13,14,15,16,17
2827,3,2,3,4,5,6,7,8,9,10,11,12,13,14,15,16,17
2828,1,2,2,4,5,6,7,8,9,10,11,12,13,14,15,16,17
2829,1,6,7,14,5,6,7,8,9,10,11,12,13,14,15,16,17
2830,2,2,2,2,5,6,7,8,2,10,11,12,2,14,15,16,17
2831,2,2,2,2,5,6,7,2,9,10,11,12,2,14,15,16,17
2832,1,2,2,4,5,6,7,8,9,10,11,12,13,14,15,16,17
2833,1,2,3,4,2,6,7,8,9,10,11,12,13,14,15,16,17
2834,1,2,3,4,5,6,7,8,9,10,11,12,13,14,15,16,17
2835,1,2,3,4,5,6,7,8,9,10,11,12,13,14,15,16,17
2836,1,2,3,4,5,6,7,8,9,10,11,12,13,14,15,16,17
2837,1,2,3,4,5,6,7,8,9,10,11,12,13,14,15,16,17
2838,1,2,3,4,5,6,7,8,9,10,11,12,13,14,15,16,17
2839,1,2,3,4,5,6,7,8,9,10,11,12,13,14,15,16,17
2840,1,2,3,4,5,6,7,8,9,10,11,12,13,14,15,16,17
2841,1,2,3,4,5,6,7,8,9,10,11,12,13,14,15,16,17
2842,1,2,3,4,5,6,7,8,9,10,11,12,13,14,15,16,17
2843,1,2,3,4,5,6,7,8,9,10,11,12,13,14,15,16,17
2844,1,2,3,4,5,6,7,8,9,10,11,12,13,14,15,16,17
2845,1,2,3,4,5,6,7,8,9,10,11,12,13,14,15,16,17
2846,1,2,3,4,5,6,7,8,9,10,11,12,13,14,15,16,17
2847,1,2,3,4,5,6,7,8,9,10,11,12,13,14,15,16,17
2848,1,2,3,4,5,6,7,8,9,10,11,12,13,14,15,16,17
2849,1,2,3,4,5,2,7,8,9,10,2,12,13,14,2,16,17
2850,2,2,3,4,5,6,7,8,2,10,11,12,13,14,15,16,17
2851,1,2,3,4,5,6,7,8,9,10,11,12,13,2,15,16,17
2852,1,2,3,4,5,6,7,8,9,10,11,12,13,14,15,16,17
2853,1,13,3,4,5,6,7,8,9,10,11,12,13,14,15,16,17
2854,1,2,3,4,5,6,7,8,9,10,11,12,13,14,15,16,17
2855,1,2,3,4,5,6,7,8,9,10,11,12,13,14,15,16,17
2856,1,2,3,4,5,6,7,8,9,10,11,12,13,14,15,16,17
2857,1,2,3,4,5,6,7,8,9,10,11,12,13,14,15,16,17
2858,1,2,3,4,5,6,7,8,9,10,11,12,13,14,15,16,17
2859,1,2,3,4,5,6,7,8,9,10,11,12,13,14,15,16,17
2860,1,2,3,4,5,6,7,8,9,10,11,12,13,14,15,16,17
2861,1,2,3,4,5,6,7,8,9,10,11,12,13,14,15,16,17
2862,2,2,3,4,5,6,7,8,3,3,4,12,5,6,7,7,8
2863,3,2,3,4,5,6,7,8,9,4,6,12,8,14,15,12,15
2864,3,2,3,4,5,6,7,8,9,6,11,12,8,14,15,11,15
2865,3,2,3,4,5,6,7,8,9,5,7,12,8,14,15,12,15
2866,2,2,3,4,5,6,7,8,9,10,11,12,5,14,15,9,12
2867,1,2,3,4,5,6,7,8,9,10,11,12,13,14,15,16,17
2868,1,2,3,4,5,6,7,8,9,10,11,12,13,14,15,16,17
2869,1,2,3,4,5,6,7,8,9,10,11,12,13,14,15,16,17
2870,1,2,3,4,5,6,7,8,9,10,11,12,13,14,15,16,17
2871,1,2,3,4,5,6,7,8,9,10,11,12,13,14,15,16,17
2872,1,2,3,4,5,6,7,8,9,10,11,12,13,14,15,16,17
2873,1,2,3,4,5,6,7,8,9,10,11,12,13,14,15,16,17
2874,1,11,3,11,5,11,7,12,9,12,11,12,13,16,15,16,16
2875,1,2,3,4,5,6,7,8,9,10,11,12,13,14,15,16,17
2876,1,2,3,4,5,6,7,8,9,10,11,12,13,14,15,16,17
2877,1,2,3,4,5,6,7,8,9,10,11,12,13,14,15,16,17
2878,1,2,3,4,5,6,7,8,9,10,11,12,13,14,15,16,17
2879,1,3,3,4,3,6,7,8,9,4,11,4,6,14,6,8,9
2880,3,4,3,4,5,6,7,8,9,4,5,6,7,8,15,9,15
2881,3,5,3,4,5,6,7,8,9,10,6,7,7,8,9,10,10
2882,3,2,3,4,5,6,7,8,9,6,6,7,13,7,8,9,9
2883,3,2,3,4,5,6,7,8,9,3,11,6,6,7,15,8,8
2884,3,2,3,4,5,6,7,8,4,10,6,6,13,7,8,16,8
2885,2,2,3,3,3,6,7,8,9,6,11,7,7,8,15,9,15
2886,4,2,3,4,5,6,7,8,9,10,11,12,13,14,15,9,14
2887,3,2,3,4,5,6,7,8,9,5,11,6,7,7,8,9,9
2888,1,3,3,4,5,6,3,8,9,4,4,12,6,6,15,8,8
2889,1,3,3,4,5,6,4,8,6,10,6,6,13,8,15,8,8
2890,3,4,3,4,5,6,7,8,9,6,6,12,8,8,15,9,17
2891,3,2,3,3,5,6,7,8,3,6,11,6,13,8,8,16,8
2892,2,2,3,4,5,6,7,8,9,4,11,6,8,14,15,11,15
2893,1,2,3,4,5,6,7,8,9,10,11,12,13,14,15,16,17
2894,1,2,3,4,5,6,7,8,9,10,11,12,13,14,15,16,17
2895,1,2,3,4,5,6,7,8,9,10,11,12,13,14,15,16,17
2896,1,2,3,4,5,6,7,8,9,10,11,12,13,14,15,16,17
2897,1,2,3,4,5,6,7,8,9,10,11,12,13,14,15,16,17
2898,1,2,3,4,5,6,7,8,9,10,11,12,13,14,15,16,17
2899,1,2,3,4,5,6,7,8,9,10,11,12,13,14,15,16,17
2900,1,2,3,4,5,6,7,8,9,10,11,12,13,14,15,16,17
2901,3,3,3,4,5,6,4,8,4,10,11,5,6,6,8,8,17
2902,3,5,3,6,5,6,7,8,9,8,11,9,11,14,15,14,15
2903,5,2,3,4,5,6,7,8,9,10,11,8,13,14,15,16,16
2904,1,2,3,4,5,6,7,8,9,10,11,12,13,14,15,16,17
2905,1,2,3,4,5,6,7,8,9,10,11,12,13,14,15,16,17
2906,4,2,3,4,5,6,7,8,9,10,11,12,13,14,4,4,4
2907,2,2,3,4,5,6,4,8,9,10,11,12,4,10,11,11,12
2908,1,2,3,4,5,6,7,8,9,10,11,12,13,14,15,16,17
2909,1,2,12,4,5,6,12,8,9,10,12,12,13,14,15,12,17
2910,1,1,11,12,13,14,15,16,16,17,11,12,13,14,15,16,17
2911,2,2,5,4,5,5,7,8,9,7,11,8,13,8,15,8,17
2912,12,2,3,13,5,6,7,13,9,10,11,12,13,14,13,16,13
2913,1,2,3,4,5,6,7,8,9,10,11,12,13,14,15,16,17
2914,12,2,12,4,13,6,13,8,9,16,11,12,13,16,15,16,17
2915,1,2,7,4,5,6,7,8,9,10,11,12,13,14,15,16,17
2916,1,2,3,4,5,6,7,8,9,10,11,12,13,14,15,16,17
2917,1,2,3,4,5,6,7,8,9,10,11,12,13,14,15,16,17
2918,1,2,3,4,5,6,7,8,9,10,11,12,13,14,15,16,17
2919,1,2,3,4,5,6,7,8,9,10,11,12,13,14,15,16,17
2920,1,2,3,4,5,6,7,8,9,10,11,12,13,14,15,16,17
2921,1,2,7,9,10,13,7,16,9,10,11,12,13,14,15,16,17
2922,1,2,3,12,5,6,12,8,9,10,12,12,12,14,15,16,12
2923,1,7,10,12,15,17,7,8,9,10,11,12,13,14,15,16,17
2924,1,2,3,4,5,6,7,8,9,10,11,12,13,14,15,16,17
2925,1,2,3,4,5,6,7,8,9,10,11,12,13,14,15,16,17
2926,1,2,3,4,5,6,7,8,9,10,11,12,13,14,15,16,17
2927,1,2,3,4,5,6,7,8,9,10,11,12,13,14,15,16,17
2928,1,2,3,4,5,6,7,8,9,10,11,12,13,14,15,16,17
2929,1,2,3,4,5,6,7,8,9,10,11,12,13,14,15,16,17
2930,1,2,3,4,5,6,7,8,9,10,11,12,13,14,15,16,17
2931,1,2,3,4,5,6,7,8,9,10,11,12,13,14,15,16,17
2932,1,2,3,4,5,6,7,8,9,10,11,12,13,14,15,16,17
2933,1,2,3,4,5,6,7,8,9,10,11,12,13,14,15,16,17
2934,1,2,3,4,5,6,7,8,9,10,11,12,13,14,15,16,17
2935,1,2,17,4,5,6,7,8,9,10,11,12,13,14,15,16,17
2936,2,2,2,4,5,6,7,2,9,6,11,12,6,14,15,6,17
2937,2,2,3,4,2,6,7,3,9,3,11,6,13,6,15,6,17
2938,1,2,3,4,3,6,7,8,3,10,11,12,3,14,15,3,17
2939,1,2,3,4,5,6,7,8,2,2,11,3,13,6,6,16,6
2940,1,2,7,11,5,14,7,16,9,10,11,12,13,14,15,16,17
2941,1,2,1,10,5,14,7,8,9,10,11,12,13,14,15,16,17
2942,3,2,3,4,5,6,3,8,4,10,11,4,13,6,15,6,17
2943,3,2,3,4,5,6,7,8,9,3,4,6,13,7,7,8,9
2944,2,2,3,4,3,6,7,8,9,10,4,6,7,8,9,10,10
2945,3,2,3,4,5,6,7,8,9,3,4,6,7,7,8,9,17
2946,3,3,3,4,5,6,7,8,9,4,6,7,7,8,9,9,17
2947,3,2,3,4,5,6,7,3,9,3,11,4,4,14,6,16,6
2948,1,3,3,4,3,6,7,8,4,10,4,12,4,14,6,16,6
2949,1,2,3,4,5,6,7,8,9,10,11,12,13,14,15,16,17
2950,1,2,3,4,5,6,7,8,9,10,11,12,13,14,15,16,17
2951,1,2,3,4,5,6,7,8,9,10,11,12,13,14,15,16,17
2952,1,2,3,4,5,6,7,8,9,10,11,12,13,14,15,16,17
2953,1,2,3,4,5,6,7,8,9,10,11,12,13,14,15,16,17
2954,1,2,3,4,5,6,7,8,9,10,11,12,13,14,15,16,17
2955,1,2,3,4,5,6,7,8,9,10,11,12,13,14,15,16,17
2956,1,2,3,4,5,6,7,8,9,10,11,12,13,14,15,16,17
2957,1,2,3,4,5,6,7,8,9,10,11,12,13,14,15,16,17
2958,1,2,3,4,5,6,7,8,9,10,11,12,13,14,15,16,17
2959,1,2,3,4,5,6,7,8,9,10,11,12,13,14,15,16,17
2960,1,2,3,4,5,6,7,8,9,10,11,12,13,14,15,16,17
2961,1,2,3,4,5,6,2,8,2,10,2,12,3,14,4,16,6
2962,1,2,3,4,2,6,2,8,9,2,11,3,13,4,15,6,17
2963,2,2,3,2,5,6,3,8,3,10,3,12,13,6,15,6,17
2964,1,2,3,4,5,6,7,3,9,3,11,12,6,14,6,16,6
2965,2,2,3,4,2,6,3,8,3,10,4,4,13,6,15,6,17
2966,2,2,3,4,2,6,7,2,9,10,3,12,3,14,15,3,17
2967,1,2,3,4,5,6,7,8,9,10,11,12,13,14,15,16,17
2968,1,2,3,4,5,6,7,8,9,10,11,12,13,14,15,16,17
2969,1,2,3,3,5,6,7,8,9,10,11,12,13,14,15,16,17
2970,1,7,10,14,5,17,7,8,9,10,11,12,13,14,15,16,17
2971,1,7,11,14,5,17,7,8,9,10,11,12,13,14,15,16,17
2972,1,7,12,4,5,17,7,8,9,10,11,12,13,14,15,16,17
2973,1,2,3,4,5,6,7,8,9,10,11,12,13,14,15,16,17
2974,1,2,3,4,5,6,7,8,9,10,11,12,13,14,15,16,17
2975,1,2,3,4,5,6,7,8,9,10,11,12,13,14,15,16,17
2976,1,2,3,4,5,6,7,8,9,10,11,12,13,14,15,16,17
2977,1,2,3,4,5,6,7,8,9,10,11,12,13,14,15,16,17
2978,1,2,3,4,5,6,7,8,9,10,11,12,13,14,15,16,17
2979,1,2,3,4,5,6,7,8,9,10,11,12,13,14,15,16,17
2980,1,2,3,4,5,6,7,8,9,10,11,12,13,14,15,16,17
2981,1,2,3,4,5,6,7,8,9,10,11,12,13,14,15,16,17
2982,1,2,3,4,5,6,7,8,9,10,11,12,13,14,15,16,17
2983,1,2,3,4,5,6,7,8,9,10,11,12,13,14,15,16,17
2984,1,2,3,4,5,6,7,8,9,10,11,12,13,14,15,16,17
2985,1,2,3,4,5,6,7,8,9,10,11,12,13,14,15,16,17
2986,1,2,3,4,5,6,7,8,9,10,11,12,13,14,15,16,17
2987,1,2,3,4,5,6,7,8,9,10,11,12,13,14,15,16,17
2988,1,2,3,4,5,6,7,8,9,10,11,12,13,14,15,16,17
2989,1,2,3,4,5,6,7,8,9,10,11,12,13,14,15,16,17
2990,1,2,3,4,5,6,7,8,9,10,11,12,13,14,15,16,17
2991,2,2,3,4,2,6,2,8,9,3,11,12,3,14,3,16,17
2992,1,2,2,2,5,6,2,8,9,10,2,12,13,6,15,16,6
2993,1,2,8,4,5,8,7,8,9,8,11,12,13,14,15,16,8
2994,1,8,8,4,5,9,7,8,9,10,11,12,13,14,15,16,17
2995,1,5,11,4,5,16,7,8,9,10,11,12,13,14,15,16,17
2996,1,2,3,4,5,6,7,8,9,10,11,12,13,14,15,16,17
2997,1,2,3,4,5,6,7,8,9,10,11,12,13,14,15,16,17
2998,1,2,3,4,5,6,7,8,9,10,11,12,13,14,15,16,17
2999,1,2,3,4,5,6,7,8,9,10,11,12,13,14,15,16,17
3000,1,2,3,4,5,6,7,8,9,10,11,12,13,14,15,16,17
3001,1,2,3,4,5,6,7,8,9,10,11,12,13,14,15,16,17
3002,1,2,3,4,5,6,7,8,9,10,11,12,13,14,15,16,17
3003,1,2,3,4,5,6,7,8,9,10,11,12,13,14,15,16,17
3004,1,2,3,4,5,6,7,8,9,10,11,12,13,14,15,16,17
3005,3,5,3,6,5,6,7,8,9,8,11,12,9,14,15,14,15
3006,2,2,3,4,5,6,7,8,9,10,11,12,5,14,15,7,14
3007,4,2,3,4,5,6,7,8,9,6,11,12,9,14,15,12,15
3008,4,2,3,4,5,6,7,8,9,6,11,12,8,14,15,12,15
3009,1,2,3,4,5,6,7,8,9,10,11,12,13,14,15,1,17
3010,1,2,3,4,5,6,7,8,9,10,11,12,13,14,15,16,17
3011,1,2,3,4,5,6,7,8,9,10,11,12,13,14,15,16,17
3012,1,2,3,4,5,6,7,8,9,10,11,12,13,14,15,16,17
3013,1,2,3,4,5,6,7,8,9,10,11,12,13,14,15,16,17
3014,1,2,3,4,5,6,7,8,9,10,11,12,13,14,15,16,17
3015,1,2,3,4,5,6,7,8,9,10,11,12,13,14,15,16,17
3016,1,2,3,4,5,6,7,8,9,10,11,12,13,14,15,16,17
3017,1,2,3,4,5,6,7,8,9,10,11,12,13,14,15,16,17
3018,1,2,3,4,5,6,7,8,9,10,11,12,13,14,15,16,17
3019,1,2,3,4,5,6,7,8,9,10,11,12,13,14,15,16,17
3020,1,2,3,4,5,6,7,8,9,10,11,12,13,14,15,16,17
3021,1,2,3,3,5,6,3,8,9,3,11,6,13,14,6,16,6
3022,2,2,3,4,5,6,7,8,2,10,3,4,5,6,7,7,8
3023,1,2,3,4,5,6,7,8,9,10,11,4,13,4,5,5,5
3024,2,2,3,4,5,6,7,8,9,10,3,4,4,5,5,7,8
3025,3,2,3,4,5,6,7,8,9,3,11,4,6,14,6,8,17
3026,3,3,3,4,4,6,7,8,4,10,6,12,6,8,15,8,17
3027,1,3,3,4,3,6,4,8,9,4,11,6,6,8,15,9,9
3028,3,5,3,4,5,6,7,8,9,5,11,6,7,14,8,8,9
3029,2,2,3,4,5,6,7,8,9,3,4,6,7,14,15,8,9
3030,2,2,3,3,5,6,7,8,9,10,3,5,6,7,8,8,9
3031,3,2,3,4,5,6,7,8,9,5,6,7,13,7,8,8,9
3032,3,2,3,4,3,6,7,8,9,4,11,4,6,14,6,16,8
3033,4,2,3,4,5,6,6,8,9,6,11,8,8,14,9,16,9
3034,3,3,3,4,4,6,7,8,9,6,11,6,8,14,9,9,17
3035,1,2,3,4,5,6,7,8,9,10,11,12,13,14,15,16,17
3036,1,2,3,4,5,6,7,8,9,10,11,12,13,14,15,16,17
3037,1,2,3,4,5,6,7,8,9,10,11,12,13,14,15,16,17
3038,1,2,3,4,5,6,7,8,9,10,11,12,13,14,15,16,17
3039,6,2,3,4,5,6,7,8,9,10,11,12,11,14,15,16,16
3040,3,3,3,5,5,6,7,8,6,10,11,6,13,7,8,11,17
3041,1,2,3,4,5,6,7,8,9,10,11,12,13,14,15,16,17
3042,1,2,3,4,5,6,7,8,9,10,11,12,13,14,15,16,17
3043,1,2,3,4,5,6,7,8,9,10,11,12,13,14,15,16,17
3044,3,2,3,4,5,6,3,8,4,10,4,6,13,6,8,16,8
3045,2,2,3,4,3,6,7,8,9,4,6,7,8,14,8,9,14
3046,2,2,3,4,5,6,7,8,9,10,11,12,13,14,15,16,10
3047,1,2,3,4,5,6,7,8,9,10,11,12,13,14,15,16,17
3048,12,2,3,12,5,6,7,12,9,10,11,12,13,12,15,16,17
3049,5,2,3,4,5,6,7,8,9,10,5,12,7,14,9,16,9
3050,2,2,3,4,5,4,7,8,9,4,11,5,5,14,7,7,17
3051,1,2,12,4,12,6,12,8,15,10,15,12,13,14,15,16,17
3052,1,1,3,11,12,12,7,15,15,16,11,12,17,17,15,16,17
3053,1,7,9,12,14,16,7,8,9,10,11,12,13,14,15,16,17
3054,1,2,3,4,5,6,7,8,9,10,11,12,13,14,15,16,17
3055,1,7,8,8,5,15,7,8,9,10,11,12,13,14,15,16,17
3056,1,12,3,12,13,6,14,16,9,16,11,12,13,14,15,16,17
3057,1,9,11,4,14,16,7,8,9,10,11,12,13,14,15,16,17
3058,1,2,3,4,5,6,7,8,9,10,11,12,13,14,15,16,17
3059,1,2,3,4,5,6,7,8,9,10,11,12,13,14,15,16,17
3060,1,2,3,4,5,6,7,8,9,10,11,12,13,14,15,16,17
3061,1,2,3,4,5,6,7,8,9,10,11,12,13,14,15,16,17
3062,1,2,3,4,5,6,7,8,9,10,11,12,13,14,15,16,17
3063,1,2,3,4,5,6,7,8,9,10,11,12,13,14,15,16,17
3064,1,2,3,4,5,6,7,8,9,10,11,12,13,14,15,16,17
3065,11,11,3,11,5,12,12,8,13,16,11,12,13,16,15,16,17
3066,1,2,3,4,5,6,7,8,9,10,11,12,13,14,15,16,17
3067,1,2,3,4,5,6,7,8,9,10,11,12,13,14,15,16,17
3068,1,2,3,4,5,6,7,8,9,10,11,12,13,14,15,16,17
3069,1,2,3,4,5,6,7,8,9,10,11,12,13,14,15,16,17
3070,1,2,3,4,5,6,7,8,9,10,11,12,13,14,15,16,17
3071,1,2,3,4,5,6,7,8,9,10,11,12,13,14,15,16,17
3072,1,2,3,4,5,6,7,8,9,10,11,12,13,14,15,16,17
3073,1,2,3,4,5,6,7,8,9,10,11,12,13,14,15,16,17
3074,1,2,3,4,5,6,7,8,9,10,11,12,13,14,15,16,17
3075,1,2,3,4,5,6,7,8,9,10,11,12,13,14,15,16,17
3076,1,2,3,4,5,6,7,8,9,10,11,12,13,14,15,16,17
3077,1,2,3,4,5,6,7,8,9,10,11,12,13,14,15,16,17
3078,1,2,3,4,5,6,7,8,9,10,11,12,13,14,15,16,17
3079,1,2,3,4,5,6,7,8,9,10,11,12,13,14,15,16,17
3080,1,2,3,4,5,6,7,8,9,10,11,12,13,14,15,16,17
3081,1,2,3,4,5,6,7,8,9,10,11,12,13,14,15,16,17
3082,1,2,3,4,5,6,7,8,9,10,11,12,13,14,15,16,17
3083,1,2,3,4,5,6,7,8,9,10,11,12,13,14,15,16,17
3084,1,2,3,4,5,6,7,8,9,10,11,12,13,14,15,16,17
3085,1,2,3,4,5,6,7,8,9,10,11,12,13,14,15,16,17
3086,1,2,3,4,5,3,7,8,9,3,11,12,13,3,15,16,3
3087,2,2,3,4,2,6,3,8,3,10,4,12,4,6,15,6,17
3088,1,3,3,4,3,6,3,8,9,3,11,12,6,14,15,6,17
3089,1,2,3,4,3,6,7,8,3,10,11,3,13,14,15,3,17
3090,1,3,3,4,5,6,3,8,9,10,3,12,13,14,3,16,17
3091,3,2,3,4,3,6,4,8,4,10,4,12,6,6,15,6,17
3092,1,2,3,4,5,6,7,8,9,10,11,12,13,14,15,16,17
3093,1,2,3,4,5,6,7,8,9,10,11,12,13,14,15,16,17
3094,1,2,3,4,5,6,7,8,9,10,11,12,13,14,15,16,17
3095,1,2,3,4,5,6,7,8,9,10,11,12,13,14,15,16,17
3096,1,2,3,4,5,6,7,8,9,10,11,12,13,14,15,16,17
3097,1,2,3,4,5,6,7,8,9,10,11,12,13,14,15,16,17
3098,1,2,3,4,5,6,7,8,9,10,11,12,13,14,15,16,17
3099,1,2,3,4,5,6,7,8,9,10,11,12,13,14,15,16,17
3100,1,2,3,4,5,6,7,8,9,10,11,12,13,14,15,16,17
3101,1,2,3,4,5,6,7,8,9,10,11,12,13,14,15,16,17
3102,1,2,3,4,5,6,7,8,9,10,11,12,13,14,15,16,17
3103,1,2,3,4,5,6,7,8,9,10,11,12,13,14,15,16,17
3104,1,2,3,4,5,6,7,2,9,3,11,4,4,14,6,16,6
3105,2,2,3,4,5,6,7,8,3,10,3,12,3,14,6,16,17
3106,2,2,3,4,5,3,7,8,9,10,11,3,13,14,15,16,17
3107,1,2,3,2,5,6,2,8,9,10,2,12,13,2,15,16,6
3108,1,2,3,4,5,6,2,8,9,2,11,2,13,14,4,16,4
3109,1,2,3,4,5,3,7,8,9,3,11,12,3,14,15,16,3
3110,1,2,3,4,5,6,7,8,9,10,11,12,13,14,15,16,17
3111,1,2,2,4,5,6,7,8,9,10,11,12,13,14,15,16,17
3112,1,5,10,13,5,16,7,8,9,10,11,12,13,14,15,16,17
3113,1,1,9,12,5,15,7,8,9,10,11,12,13,14,15,16,17
3114,1,8,16,4,5,6,7,8,9,10,11,12,13,14,15,16,17
3115,1,2,3,4,5,6,7,8,9,10,11,12,13,14,15,16,17
3116,1,2,3,4,5,6,7,8,9,10,11,12,13,14,15,16,17
3117,1,2,3,4,5,6,7,8,9,10,11,12,13,14,15,16,17
3118,1,2,3,4,5,6,7,8,9,10,11,12,13,14,15,16,17
3119,1,2,3,4,5,6,7,8,9,10,11,12,13,14,15,16,17
3120,1,2,3,4,5,6,7,8,9,10,11,12,13,14,15,16,17
3121,1,2,3,4,5,6,7,8,9,10,11,12,13,14,15,16,17
3122,1,2,3,4,5,6,7,8,9,10,11,12,13,14,15,16,17
3123,1,2,3,4,5,6,7,8,9,10,11,12,13,14,15,16,17
3124,1,2,3,4,5,6,7,8,9,10,11,12,13,14,15,16,17
3125,1,2,3,4,5,6,7,8,9,10,11,12,13,14,15,16,17
3126,1,2,3,4,5,6,7,8,9,10,11,12,13,14,15,16,17
3127,1,2,3,4,5,6,7,8,9,10,11,12,13,14,15,16,17
3128,1,2,3,4,5,6,7,8,9,10,11,12,13,14,15,16,17
3129,1,2,3,4,5,6,2,8,9,10,11,12,13,14,15,2,17
3130,1,2,3,4,5,6,7,8,9,2,11,12,13,14,15,16,17
3131,1,2,3,4,5,6,7,8,9,10,11,12,13,14,15,16,17
3132,1,2,3,4,5,6,7,8,9,10,11,12,13,14,15,16,17
3133,1,2,3,4,5,6,7,8,9,10,11,12,13,14,15,16,17
3134,2,2,3,2,5,6,3,8,9,3,11,3,13,14,3,16,17
3135,1,7,11,4,5,16,7,8,9,10,11,12,13,14,15,16,17
3136,1,4,10,4,5,15,7,8,9,10,11,12,13,14,15,16,17
3137,1,3,3,4,5,6,7,8,9,10,11,12,13,14,15,16,17
3138,1,2,3,4,5,6,7,8,9,10,11,12,13,14,15,16,17
3139,1,2,3,4,5,6,7,8,9,10,11,12,13,14,15,16,17
3140,1,2,3,4,5,6,7,8,9,10,11,12,13,14,15,16,17
3141,1,2,3,4,5,6,7,8,9,10,11,12,13,14,15,16,17
3142,1,2,3,4,5,6,7,8,9,10,11,12,13,14,15,16,17
3143,1,2,3,4,5,6,7,8,9,10,11,12,13,14,15,16,17
3144,1,2,3,4,5,6,7,8,9,10,11,12,13,14,15,16,17
3145,1,2,3,4,5,6,7,8,9,10,11,12,13,14,15,16,17
3146,1,2,3,4,5,6,7,8,9,10,11,12,13,14,15,16,17
3147,3,6,3,7,5,6,7,8,9,8,9,12,12,14,15,14,15
3148,4,2,3,4,5,6,7,8,9,6,9,12,13,14,15,12,15
3149,4,2,3,4,5,6,7,8,9,10,11,12,8,14,15,11,15
3150,4,2,3,4,5,6,7,8,9,10,11,12,7,14,15,10,14
3151,4,2,3,4,5,6,7,8,9,7,11,12,13,14,15,12,15
3152,1,2,3,4,5,6,7,8,9,10,11,12,13,14,15,16,17
3153,1,2,3,4,5,6,7,8,9,10,11,12,13,14,15,16,17
3154,1,2,3,4,5,6,7,8,9,10,11,12,13,14,15,16,17
3155,1,2,3,4,5,6,7,8,9,10,11,12,13,14,15,3,17
3156,1,2,3,4,5,6,7,8,9,10,11,12,13,14,15,16,17
3157,1,2,3,4,5,6,7,8,9,10,11,12,13,14,15,16,17
3158,1,2,3,4,5,6,7,8,9,10,11,12,13,14,15,16,17
3159,1,2,3,4,5,6,7,8,9,10,11,12,13,14,15,16,17
3160,1,2,3,4,5,6,7,8,9,10,11,12,13,14,15,16,17
3161,1,2,3,4,5,6,7,8,9,10,11,12,13,14,15,16,17
3162,1,2,3,4,5,6,7,8,9,10,11,12,13,14,15,16,17
3163,1,2,3,4,5,6,7,8,9,10,11,12,13,14,15,16,17
3164,2,2,2,4,5,6,7,8,2,10,5,12,7,8,15,8,17
3165,3,2,3,4,5,6,7,8,9,10,4,4,4,5,6,16,8
3166,1,4,5,4,5,5,5,10,11,10,11,12,13,14,15,16,17
3167,1,2,2,4,5,2,7,4,9,4,11,5,7,14,7,16,9
3168,2,2,3,2,5,6,7,8,9,3,11,3,3,14,6,16,8
3169,1,2,3,4,2,6,7,2,9,10,3,12,3,14,15,3,17
3170,1,3,3,4,5,6,7,3,9,3,11,4,13,6,15,6,17
3171,2,2,3,4,5,6,7,8,2,5,5,12,5,7,7,16,8
3172,2,2,3,4,5,6,3,8,9,10,4,4,6,6,8,8,9
3173,2,2,3,4,5,6,2,8,9,3,4,5,6,6,8,8,9
3174,1,2,2,5,5,5,7,7,9,10,11,12,13,9,15,16,17
3175,3,2,3,4,5,3,7,8,9,4,11,4,13,8,15,8,17
3176,3,2,3,4,5,4,7,8,9,4,11,8,8,14,9,16,9
3177,1,3,3,4,5,6,7,8,9,3,4,12,4,6,15,6,8
3178,1,2,3,4,5,6,7,8,9,10,11,12,13,14,15,16,17
3179,1,2,3,4,5,6,7,8,9,10,11,12,13,14,15,16,17
3180,1,2,3,4,5,6,7,8,9,10,11,12,13,14,15,16,17
3181,1,12,3,4,12,6,13,8,9,13,11,12,13,13,15,13,17
3182,3,3,3,6,5,6,7,8,9,10,11,7,8,8,9,10,10
3183,1,2,3,4,5,6,7,8,9,10,11,12,13,14,15,16,17
3184,1,2,3,4,5,6,7,8,9,10,11,12,13,14,15,16,17
3185,1,2,3,4,5,6,7,8,9,10,11,12,13,14,15,16,17
3186,1,2,3,4,5,6,7,8,9,10,11,12,13,14,15,16,17
3187,3,2,3,4,5,6,7,8,3,10,4,12,4,14,6,6,17
3188,1,2,3,4,5,6,7,8,2,3,4,12,4,6,6,8,8
3189,4,2,3,4,5,6,7,8,9,10,11,7,13,14,15,10,14
3190,1,12,3,4,5,12,7,8,12,10,11,12,13,14,12,16,17
3191,1,12,3,12,12,13,13,15,17,10,11,12,13,14,15,16,17
3192,1,2,4,4,5,6,7,8,9,10,11,12,13,14,15,16,17
3193,1,2,9,4,5,6,7,8,9,10,11,12,13,14,15,16,17
3194,1,2,5,5,5,5,7,8,9,10,11,12,13,5,15,16,17
3195,1,5,9,12,5,16,7,8,9,10,11,12,13,14,15,16,17
3196,1,2,3,4,5,6,7,8,9,10,11,12,13,14,15,16,17
3197,1,2,3,4,5,6,7,8,9,10,11,12,13,14,15,16,17
3198,1,2,3,4,5,6,7,8,9,10,11,12,13,14,15,16,17
3199,1,7,10,12,15,17,7,8,9,10,11,12,13,14,15,16,17
3200,1,2,3,4,5,6,7,8,9,10,11,12,13,14,15,16,17
3201,1,2,3,4,5,6,7,8,9,10,11,12,13,14,15,16,17
3202,1,2,3,4,5,6,7,8,9,10,11,12,13,14,15,16,17
3203,1,2,3,4,5,6,7,8,9,10,11,12,13,14,15,16,17
3204,1,2,3,4,5,6,7,8,9,10,11,12,13,14,15,16,17
3205,1,2,3,4,5,6,7,8,9,10,11,12,13,14,15,16,17
3206,1,2,3,4,5,6,7,8,9,10,11,12,13,14,15,16,17
3207,1,2,3,4,5,6,7,8,9,10,11,12,13,14,15,16,17
3208,1,1,8,10,13,15,7,8,9,10,11,12,13,14,15,16,17
3209,1,2,3,4,5,6,7,8,9,10,11,12,13,14,15,16,17
3210,1,2,3,4,5,6,7,8,9,10,11,12,13,14,15,16,17
3211,1,2,3,4,5,6,7,8,9,10,11,12,13,14,15,16,17
3212,1,2,3,4,5,6,7,8,9,10,11,12,13,14,15,16,17
3213,1,2,3,4,5,6,7,8,9,10,11,12,13,14,15,16,17
3214,1,2,3,4,5,6,7,8,9,10,11,12,13,14,15,16,17
3215,1,2,3,4,5,6,7,8,9,10,11,12,13,14,15,16,17
3216,1,2,3,4,5,6,7,8,9,10,11,12,13,14,15,16,17
3217,1,2,3,4,5,6,7,8,9,10,11,12,13,14,15,16,17
3218,1,2,3,4,5,6,7,8,9,10,11,12,13,14,15,16,17
3219,1,2,3,4,5,6,7,8,9,10,11,12,13,14,15,16,17
3220,1,2,3,4,5,6,7,8,9,10,11,12,13,14,15,16,17
3221,1,2,3,4,5,6,7,8,9,10,11,12,13,14,15,16,17
3222,1,2,3,4,5,6,7,8,9,10,11,12,13,14,15,16,17
3223,1,2,3,4,5,6,7,8,9,10,11,12,13,14,15,16,17
3224,1,2,3,4,5,6,7,8,9,10,11,12,13,14,15,16,17
3225,1,2,3,4,5,6,7,8,9,10,11,12,13,14,15,16,17
3226,1,2,3,4,5,6,7,8,9,10,11,12,13,14,15,16,17
3227,1,2,3,4,5,6,7,8,9,10,11,12,13,14,15,16,17
3228,1,2,3,4,5,6,7,8,9,10,11,12,13,14,15,16,17
3229,1,2,3,4,3,6,7,8,3,10,11,12,3,14,15,16,3
3230,3,2,3,4,3,6,7,4,9,4,11,4,13,6,15,6,17
3231,1,2,3,4,3,6,7,8,3,10,11,12,3,14,15,16,3
3232,1,2,3,3,5,6,7,3,9,10,11,3,13,14,15,3,17
3233,3,2,3,4,5,6,7,3,9,4,11,4,13,4,15,6,17
3234,3,2,3,4,5,6,7,8,9,3,4,12,4,6,6,16,8
3235,1,2,3,4,5,6,7,8,9,10,11,12,13,14,15,16,17
3236,1,2,3,4,5,6,7,8,9,10,11,12,13,14,15,16,17
3237,1,3,3,4,3,6,7,3,9,3,11,12,6,14,15,6,17
3238,1,2,3,4,5,6,7,8,9,10,11,12,13,14,15,16,17
3239,1,2,3,4,5,6,7,8,9,10,11,12,13,14,15,16,17
3240,1,2,3,4,5,6,7,8,9,10,11,12,13,14,15,16,17
3241,1,2,3,4,5,6,7,8,9,10,11,12,13,14,15,16,17
3242,1,2,3,4,5,6,7,8,9,10,11,12,13,14,15,16,17
3243,1,2,3,4,5,6,7,8,9,10,11,12,13,14,15,16,17
3244,1,2,3,4,5,6,7,8,9,10,11,12,13,14,15,16,17
3245,1,2,3,4,5,6,7,8,3,4,11,4,6,6,15,8,8
3246,3,2,3,4,3,6,7,3,9,4,4,12,4,14,6,6,17
3247,1,3,3,4,5,6,7,3,9,3,11,4,4,14,4,16,6
3248,3,2,3,4,5,6,3,8,9,3,11,12,13,3,15,16,17
3249,1,2,3,4,3,6,7,8,3,10,11,12,3,14,15,16,3
3250,1,2,5,4,5,6,7,8,9,10,11,12,13,14,15,16,17
3251,1,2,12,4,5,6,7,8,9,10,11,12,13,14,15,16,17
3252,3,2,3,4,5,6,7,8,9,3,11,12,13,14,15,16,17
3253,1,2,2,4,5,6,7,8,2,10,11,12,13,14,15,2,17
3254,5,7,7,7,5,8,7,8,9,10,11,12,13,14,15,16,17
3255,1,5,5,9,5,11,14,16,9,10,11,12,13,14,15,16,17
3256,1,1,8,12,5,15,7,8,9,10,11,12,13,14,15,16,17
3257,1,2,3,4,5,6,7,8,9,10,11,12,13,14,15,16,17
3258,1,2,3,4,5,6,7,8,9,10,11,12,13,14,15,16,17
3259,1,2,3,4,5,6,7,8,9,10,11,12,13,14,15,16,17
3260,1,2,3,4,5,6,7,8,9,10,11,12,13,14,15,16,17
3261,1,2,3,4,5,6,7,8,9,10,11,12,13,14,15,16,17
3262,1,2,3,4,5,6,7,8,9,10,11,12,13,14,15,16,17
3263,1,2,3,4,5,6,7,8,9,10,11,12,13,14,15,16,17
3264,1,2,3,4,5,6,7,8,9,10,11,12,13,14,15,16,17
3265,1,2,3,4,5,6,7,8,9,10,11,12,13,14,15,16,17
3266,1,2,3,4,5,6,7,8,9,10,11,12,13,14,15,16,17
3267,1,2,3,4,5,6,7,8,9,10,11,12,13,14,15,16,17
3268,1,2,3,4,5,6,7,8,9,10,11,12,13,14,15,16,17
3269,1,2,3,4,5,6,7,8,9,10,11,12,13,14,15,16,17
3270,1,2,3,4,5,6,7,8,9,10,11,12,13,14,15,16,17
3271,1,2,3,4,5,6,7,8,9,10,11,12,13,14,15,16,2
3272,1,2,3,4,5,2,7,8,9,10,11,12,13,14,15,16,17
3273,1,2,3,4,5,6,7,8,9,10,11,12,13,14,15,16,17
3274,1,2,3,4,5,6,7,8,9,10,11,12,13,14,15,16,17
3275,1,2,3,4,5,6,7,8,9,10,11,12,13,14,15,16,17
3276,1,2,3,4,5,6,7,8,9,10,11,12,13,14,15,16,17
3277,1,2,3,4,5,6,7,8,9,10,11,12,13,14,15,16,17
3278,1,2,3,4,5,6,7,8,9,10,11,12,13,14,15,16,17
3279,1,2,3,4,5,6,7,8,9,10,11,12,13,14,15,16,17
3280,1,2,3,4,5,6,7,8,9,10,11,12,13,14,15,16,17
3281,1,2,3,4,5,6,7,8,9,10,11,12,13,14,15,16,17
3282,1,2,3,4,5,6,7,8,9,10,11,12,13,14,15,16,17
3283,1,2,3,4,5,6,7,8,9,10,11,12,13,14,15,16,17
3284,1,2,3,4,5,6,7,8,9,10,11,12,13,14,15,16,17
3285,1,2,3,4,5,6,7,8,9,10,11,12,13,14,15,16,17
3286,1,2,3,4,5,6,7,8,9,10,11,12,13,14,15,16,17
3287,1,2,3,4,5,6,7,8,9,10,11,12,13,14,15,16,17
3288,1,2,3,4,5,6,7,8,9,10,11,12,13,14,15,16,17
3289,1,2,3,4,5,6,7,8,9,10,11,12,13,14,15,16,17
3290,2,2,3,4,5,6,7,8,9,4,6,12,8,14,15,12,14
3291,1,2,3,4,5,6,7,8,9,10,11,12,13,14,15,16,17
3292,1,2,3,4,5,6,7,8,9,10,11,12,13,14,15,16,17
3293,2,2,3,5,5,6,7,8,9,7,11,12,9,14,15,12,15
3294,2,2,3,4,5,6,7,8,9,10,11,12,13,14,15,6,11
3295,1,2,3,4,5,6,7,8,9,10,11,12,13,14,15,16,17
3296,1,2,3,4,5,6,7,8,9,10,11,12,13,14,15,16,17
3297,1,2,3,4,5,6,7,8,9,10,11,12,13,14,15,16,17
3298,1,2,3,4,5,6,7,8,9,10,11,12,13,14,15,16,17
3299,1,2,3,4,5,6,7,8,9,10,11,12,13,14,15,16,17
3300,1,2,3,4,5,6,7,8,9,10,11,12,13,14,15,16,17
3301,1,2,3,4,5,6,7,8,9,10,11,12,13,14,15,16,17
3302,1,2,3,4,5,6,7,8,9,10,11,12,13,14,15,16,17
3303,1,2,3,4,5,6,7,8,9,10,11,12,13,14,15,16,17
3304,1,2,3,4,5,6,7,8,9,10,11,12,13,14,15,16,17
3305,1,2,3,4,5,6,7,8,9,10,11,12,13,14,15,16,17
3306,1,2,11,4,5,6,7,8,9,10,11,12,13,14,15,16,17
3307,1,5,9,9,5,11,7,15,9,10,11,12,13,14,15,16,17
3308,1,12,3,12,5,13,7,13,9,16,11,12,13,14,16,16,16
3309,1,1,5,4,5,5,5,5,10,10,11,12,13,14,15,16,17
3310,2,2,3,2,5,6,7,2,9,10,3,12,13,3,15,16,17
3311,1,2,3,4,5,6,7,8,9,10,11,12,13,14,15,16,17
3312,1,2,3,4,5,6,7,8,9,10,11,12,13,14,15,16,17
3313,1,2,3,4,5,6,7,8,9,10,11,12,13,14,15,16,17
3314,1,2,2,4,5,2,7,4,9,10,4,12,13,14,4,16,17
3315,1,5,5,4,5,7,7,7,9,10,11,9,13,14,15,16,9
3316,1,5,5,10,5,10,7,12,17,10,11,12,13,14,15,16,17
3317,1,2,2,2,5,5,7,5,9,10,11,12,13,14,15,16,17
3318,2,2,3,4,2,6,7,2,9,2,11,12,3,14,15,3,17
3319,1,2,3,3,5,6,7,8,3,10,3,12,8,14,8,16,8
3320,1,2,3,4,5,6,2,8,9,3,4,4,13,5,5,6,8
3321,1,2,3,4,5,6,7,8,9,10,11,12,13,14,15,16,17
3322,1,2,3,4,5,6,7,8,9,10,11,7,13,14,15,16,17
3323,1,2,5,5,5,6,13,8,13,13,11,12,13,17,15,16,17
3324,2,2,2,4,5,6,7,2,9,10,5,12,7,7,15,9,17
3325,1,2,3,4,3,6,7,8,9,6,11,6,13,14,6,16,6
3326,1,3,3,6,5,6,7,8,6,10,6,12,8,14,8,16,8
3327,1,2,3,4,5,6,7,8,9,10,11,12,13,14,15,16,17
3328,1,2,3,4,5,6,7,8,9,10,11,12,13,14,15,16,17
3329,1,2,3,4,5,6,7,8,9,10,11,12,13,14,15,16,17
3330,1,2,3,4,5,6,7,8,9,10,11,12,13,14,15,16,17
3331,1,2,3,4,5,6,7,8,9,10,11,12,13,14,15,16,17
3332,2,2,3,4,5,6,7,8,9,3,4,5,6,7,8,8,9
3333,1,8,8,9,9,9,13,8,9,10,11,12,13,14,15,16,17
3334,1,2,7,12,5,17,7,8,9,10,11,12,13,14,15,16,17
3335,1,2,3,4,5,6,7,8,9,10,11,12,13,14,15,16,17
3336,1,2,3,4,5,6,7,8,9,10,11,12,13,14,15,16,17
3337,1,2,3,4,5,6,7,8,9,10,11,12,13,14,15,16,17
3338,1,2,3,4,5,6,7,8,9,10,11,12,13,14,15,16,17
3339,1,2,3,4,5,6,7,8,9,10,11,12,13,14,15,16,17
3340,1,2,3,4,5,6,7,8,9,10,11,12,13,14,15,16,17
3341,1,2,14,4,5,6,7,8,9,10,11,12,13,14,15,16,17
3342,1,2,15,4,5,6,7,8,9,10,11,12,13,14,15,16,17
3343,1,2,3,4,5,6,7,8,9,10,11,12,13,14,15,16,17
3344,1,2,3,4,5,6,7,8,9,10,11,12,13,14,15,16,17
3345,1,2,3,4,5,6,7,8,9,10,11,12,13,14,15,16,17
3346,1,2,3,4,5,6,7,8,9,10,11,12,13,14,15,16,17
3347,1,2,3,4,5,6,7,8,9,10,11,12,13,14,15,16,17
3348,1,2,3,4,5,6,7,8,9,10,11,12,13,14,15,16,17
3349,1,2,3,4,5,6,7,8,9,10,11,12,13,14,15,16,17
3350,1,2,3,4,5,6,7,8,9,10,11,12,13,14,15,16,17
3351,1,2,3,4,5,6,7,8,9,10,11,12,13,14,15,16,17
3352,1,2,3,4,5,6,7,8,9,10,11,12,13,14,15,16,17
3353,1,2,3,4,5,6,7,8,9,10,11,12,13,14,15,16,17
3354,1,2,3,4,5,6,7,8,9,10,11,12,13,14,15,16,17
3355,1,2,3,4,5,6,7,8,9,10,11,12,13,14,15,16,17
3356,1,2,3,4,5,6,7,8,9,10,11,12,13,14,15,16,17
3357,1,2,3,4,5,6,7,8,9,10,11,12,13,14,15,16,17
3358,1,2,3,4,5,6,7,8,9,10,11,12,13,14,15,16,17
3359,1,2,3,4,5,6,7,8,9,10,11,12,13,14,15,16,17
3360,1,2,3,4,5,6,7,8,9,10,11,12,13,14,15,16,17
3361,1,2,3,4,5,6,7,8,9,10,11,12,13,14,15,16,17
3362,1,2,3,4,5,6,7,8,9,10,11,12,13,14,15,16,17
3363,1,2,3,4,5,6,7,8,9,10,11,12,13,14,15,16,17
3364,1,2,3,4,5,6,7,8,9,10,11,12,13,14,15,16,17
3365,1,2,3,4,5,6,7,8,9,10,11,12,13,14,15,16,17
3366,1,2,3,4,5,6,7,8,9,10,11,12,13,14,15,16,17
3367,1,2,3,4,5,6,7,8,9,10,11,12,13,14,15,16,17
3368,1,2,3,4,5,6,7,8,9,10,11,12,13,14,15,16,17
3369,1,2,3,4,5,6,7,8,9,10,11,12,13,14,15,16,17
3370,1,2,3,4,5,6,7,8,9,10,11,12,13,14,15,16,17
3371,1,2,3,4,5,6,7,8,9,10,11,12,13,14,15,16,17
3372,1,2,3,4,5,6,4,8,9,4,11,4,13,14,6,16,6
3373,1,2,3,4,5,6,7,2,2,10,3,3,13,4,5,16,6
3374,1,2,3,2,5,6,7,3,9,3,11,3,13,6,15,16,6
3375,1,2,3,4,5,6,2,8,9,3,11,12,3,14,15,16,3
3376,3,2,3,4,5,6,3,8,4,10,4,12,4,6,15,6,17
3377,3,2,3,4,5,6,3,8,9,4,11,4,5,14,6,6,17
3378,1,2,3,4,5,6,7,8,9,10,11,12,13,14,15,16,17
3379,1,2,3,4,5,6,7,8,9,10,11,12,13,14,15,16,17
3380,1,2,3,4,5,6,3,8,9,4,11,4,13,4,15,16,6
3381,3,2,3,4,5,6,7,8,4,10,4,12,6,6,15,8,17
3382,3,2,3,4,5,6,7,3,9,4,11,4,13,6,15,6,17
3383,2,2,3,4,2,6,2,8,9,2,11,3,13,4,15,6,17
3384,1,2,3,4,5,6,7,8,9,10,11,12,13,14,15,16,17
3385,1,2,3,4,5,6,7,8,9,10,11,12,13,14,15,16,17
3386,1,2,3,4,5,6,7,8,9,10,11,12,13,14,15,16,17
3387,1,2,3,4,5,6,7,8,9,10,11,12,13,14,15,16,17
3388,1,2,3,3,5,6,7,3,9,10,11,3,13,14,15,3,17
3389,1,2,3,4,5,6,3,8,3,10,4,12,4,14,6,16,6
3390,3,2,3,4,5,3,7,8,9,3,11,12,13,3,15,16,17
3391,1,2,3,4,5,6,7,8,9,10,11,12,3,14,15,16,17
3392,1,2,3,4,5,6,7,8,9,10,11,12,13,14,15,16,17
3393,1,2,2,2,5,6,7,8,9,10,11,12,2,14,15,16,17
3394,1,5,12,4,5,6,7,8,9,10,11,12,13,14,15,16,17
3395,1,1,8,4,5,13,7,8,9,10,11,12,13,14,15,16,17
3396,1,1,9,11,5,12,14,16,9,10,11,12,13,14,15,16,17
3397,1,5,9,13,5,17,7,8,9,10,11,12,13,14,15,16,17
3398,1,5,11,4,5,16,7,8,9,10,11,12,13,14,15,16,17
3399,1,2,3,4,5,6,7,8,9,10,11,12,13,14,15,16,17
3400,1,2,3,4,5,6,7,8,9,10,11,12,13,14,15,16,17
3401,1,2,3,4,5,6,7,8,9,10,11,12,13,14,15,16,17
3402,1,2,3,4,5,6,7,8,9,10,11,12,13,14,15,16,17
3403,1,2,3,4,5,6,7,8,9,10,11,12,13,14,15,16,17
3404,1,2,3,4,5,6,7,8,9,10,11,12,13,14,15,16,17
3405,1,2,3,4,5,6,7,8,9,10,11,12,13,14,15,16,17
3406,1,2,3,4,5,6,7,8,9,10,11,12,13,14,15,16,17
3407,1,2,3,4,5,6,7,8,9,10,11,12,13,14,15,16,17
3408,1,2,3,4,5,6,7,8,9,10,11,12,13,14,15,16,17
3409,1,2,3,4,5,6,7,8,9,10,11,12,13,14,15,16,17
3410,1,2,3,4,5,6,7,8,9,10,11,12,13,14,15,16,17
3411,1,2,3,4,5,6,7,8,9,10,11,12,13,14,15,16,17
3412,1,2,3,4,5,6,7,8,9,10,11,12,13,14,15,16,17
3413,1,2,3,4,5,6,7,8,9,10,11,12,13,14,15,16,17
3414,1,2,2,4,5,6,7,8,9,10,11,12,13,14,2,16,17
3415,1,2,3,4,5,6,7,8,9,10,11,12,13,14,15,16,17
3416,1,2,3,4,5,6,7,8,9,10,11,12,13,14,15,16,17
3417,1,2,3,4,5,6,7,8,9,10,11,12,13,14,15,16,17
3418,1,2,3,4,5,6,7,8,9,10,11,12,13,14,15,16,17
3419,1,2,3,4,5,6,7,8,9,10,11,12,13,14,15,16,17
3420,1,2,3,4,5,6,7,8,9,10,11,12,13,14,15,16,17
3421,1,2,3,4,5,6,7,8,9,10,11,12,13,14,15,16,17
3422,1,2,3,4,5,6,7,8,9,10,11,12,13,14,15,16,17
3423,1,2,3,4,5,6,7,8,9,10,11,12,13,14,15,16,17
3424,1,2,3,4,5,6,7,8,9,10,11,12,13,14,15,16,17
3425,1,2,3,4,5,6,7,8,9,10,11,12,13,14,15,16,17
3426,1,2,3,4,5,6,7,8,9,10,11,12,13,14,15,16,17
3427,1,2,3,4,5,6,7,8,9,10,11,12,13,14,15,16,17
3428,1,2,3,4,5,6,7,8,9,10,11,12,13,14,15,16,17
3429,1,2,3,4,5,6,7,8,9,10,11,12,13,14,15,16,17
3430,1,2,3,4,5,6,7,8,9,10,11,12,13,14,15,16,17
3431,1,2,3,4,5,6,7,8,9,10,11,12,13,14,15,16,17
3432,1,2,3,4,5,6,7,8,9,10,11,12,13,14,15,16,17
3433,1,2,3,4,5,6,7,8,9,10,11,12,13,14,15,16,17
3434,1,2,3,4,5,6,7,8,9,10,11,12,13,14,15,16,17
3435,2,2,3,4,5,6,7,8,9,5,11,12,7,14,15,11,14
3436,5,7,3,9,5,6,7,8,9,10,11,12,10,14,15,12,15
3437,1,2,3,4,5,6,7,8,9,10,11,12,13,14,15,16,17
3438,1,2,3,4,5,6,7,8,9,10,11,12,13,14,15,16,17
3439,1,2,3,4,5,6,7,8,9,10,11,12,13,14,15,16,17
3440,1,2,3,4,5,6,7,8,9,10,11,12,13,14,15,16,17
3441,1,2,3,4,5,6,7,8,9,10,11,12,13,14,15,16,17
3442,1,2,3,4,5,6,7,8,9,10,11,12,13,14,15,16,17
3443,1,2,3,4,5,6,7,8,9,10,11,12,13,14,15,16,17
3444,1,2,3,4,5,6,7,8,9,10,11,12,13,14,15,16,17
3445,1,2,3,4,5,6,7,8,9,10,11,12,13,14,15,16,17
3446,1,2,3,4,5,6,7,8,9,10,11,12,13,14,15,16,17
3447,1,2,3,4,5,6,7,8,9,10,11,12,13,14,15,16,17
3448,1,2,3,4,5,6,7,8,9,10,11,12,13,14,15,16,17
3449,1,1,10,11,12,13,14,16,17,10,11,12,13,14,15,16,17
3450,11,11,3,11,5,12,7,12,9,13,11,12,13,16,15,16,17
3451,1,12,3,4,12,6,7,8,12,10,11,12,13,14,15,13,17
3452,1,2,2,4,5,6,7,8,6,10,11,12,13,7,15,16,17
3453,1,2,3,4,5,6,7,8,9,10,11,12,13,14,15,16,17
3454,1,2,3,4,5,6,7,8,9,10,11,12,13,14,15,16,17
3455,1,2,3,4,5,6,7,8,9,10,11,12,13,14,15,16,17
3456,1,2,3,4,5,6,7,8,9,10,11,12,13,14,15,16,17
3457,1,2,15,4,5,6,7,8,9,10,11,12,13,14,15,16,17
3458,1,7,10,4,5,13,7,17,9,10,11,12,13,14,15,16,17
3459,1,1,7,7,5,10,7,14,9,10,11,12,13,14,15,16,17
3460,1,2,2,4,5,6,7,8,9,10,11,12,13,14,15,16,17
3461,1,2,3,4,5,6,7,8,9,10,11,12,13,14,15,16,17
3462,2,2,2,4,5,6,2,8,9,10,2,12,13,14,2,16,17
3463,1,2,3,5,5,5,7,5,9,10,5,12,13,14,5,16,17
3464,3,2,3,4,5,6,7,8,9,10,6,8,13,13,15,13,15
3465,1,2,3,4,5,6,7,8,9,10,11,12,13,14,15,16,17
3466,1,5,5,5,5,10,10,10,16,10,11,12,13,14,15,16,17
3467,1,2,3,4,5,3,7,8,9,10,3,12,13,14,15,3,17
3468,2,2,3,2,5,6,3,8,9,3,11,3,13,14,3,16,17
3469,1,2,3,3,5,6,6,8,9,6,11,6,13,14,6,16,8
3470,3,2,3,4,5,6,6,8,9,6,6,12,8,14,8,16,8
3471,1,2,3,4,5,6,7,8,9,10,11,12,13,14,15,16,17
3472,1,2,3,4,5,6,7,8,9,10,11,12,13,14,15,16,17
3473,1,2,3,4,5,6,7,8,9,10,11,12,13,14,15,16,17
3474,1,2,3,4,5,6,7,8,9,10,11,12,13,14,15,16,17
3475,1,1,9,12,5,15,7,8,9,10,11,12,13,14,15,16,17
3476,1,15,3,4,5,6,7,8,9,10,11,12,13,14,15,16,17
3477,1,2,3,4,5,6,7,8,9,10,11,12,13,14,15,16,17
3478,1,2,3,4,5,6,7,8,9,10,11,12,13,14,15,16,17
3479,1,2,3,4,5,6,7,8,9,10,11,12,13,14,15,16,17
3480,1,2,3,4,5,6,7,8,9,10,11,12,13,14,2,16,17
3481,1,2,3,4,5,6,7,8,9,10,11,12,13,14,15,16,17
3482,1,2,12,4,5,6,7,8,9,10,11,12,13,14,15,16,17
3483,1,2,10,4,5,16,7,8,9,10,11,12,13,14,15,16,17
3484,1,2,3,4,5,6,7,8,9,10,11,12,13,14,15,16,17
3485,1,2,3,4,5,6,7,8,9,10,11,12,13,14,15,16,17
3486,1,2,3,4,5,6,7,8,9,10,11,12,13,14,15,16,17
3487,1,2,3,4,5,6,7,8,9,10,11,12,13,14,15,16,17
3488,1,2,3,4,5,6,7,8,9,10,11,12,13,14,15,16,17
3489,1,2,3,4,5,6,7,8,9,10,11,12,13,14,15,16,17
3490,1,2,3,4,5,6,7,8,9,10,11,12,13,14,15,16,17
3491,1,2,3,4,5,6,7,8,9,10,11,12,13,14,15,16,17
3492,1,2,3,4,5,6,7,8,9,10,11,12,13,14,15,16,17
3493,1,2,3,4,5,6,7,8,9,10,11,12,13,14,15,16,17
3494,1,2,3,4,5,6,7,8,9,10,11,12,13,14,15,16,17
3495,1,2,3,4,5,6,7,8,9,10,11,12,13,14,15,16,17
3496,1,2,3,4,5,6,7,8,9,10,11,12,13,14,15,16,17
3497,1,2,3,4,5,6,7,8,9,10,11,12,13,14,15,16,17
3498,1,2,3,4,5,6,7,8,9,10,11,12,13,14,15,16,17
3499,1,2,3,4,5,6,7,8,9,10,11,12,13,14,15,16,17
3500,1,2,3,4,5,6,7,8,9,10,11,12,13,14,15,16,17
3501,1,2,3,4,5,6,7,8,9,10,11,12,13,14,15,16,17
3502,1,2,3,4,5,6,7,8,9,10,11,12,13,14,15,16,17
3503,1,2,3,4,5,6,7,8,9,10,11,12,13,14,15,16,17
3504,1,2,3,4,5,6,7,8,9,10,11,12,13,14,15,16,17
3505,1,2,3,4,5,6,7,8,9,10,11,12,13,14,15,16,17
3506,1,2,3,4,5,6,7,8,9,10,11,12,13,14,15,16,17
3507,1,2,3,4,5,6,7,8,9,10,11,12,13,14,15,16,17
3508,1,2,3,4,5,6,7,8,9,10,11,12,13,14,15,16,17
3509,1,2,3,4,5,6,7,8,9,10,11,12,13,14,15,16,17
3510,1,2,3,4,5,6,7,8,9,10,11,12,13,14,15,16,17
3511,1,2,3,4,5,6,7,8,9,10,11,12,13,14,15,16,17
3512,1,2,3,4,5,6,7,8,9,10,11,12,13,14,15,16,17
3513,1,2,3,4,5,6,7,8,9,10,11,12,13,14,15,16,17
3514,1,2,3,4,5,6,7,8,9,10,11,12,13,14,15,16,17
3515,1,2,15,4,5,6,7,8,9,10,11,12,13,14,15,16,17
3516,1,2,2,4,5,6,7,8,9,10,11,12,13,14,15,16,17
3517,1,2,3,4,5,2,7,8,9,10,11,12,13,14,15,16,17
3518,1,2,3,4,5,6,7,8,9,10,11,12,13,14,15,16,17
3519,1,2,3,4,5,6,7,8,9,10,11,12,13,14,15,16,17
3520,1,2,3,4,5,6,7,8,9,10,11,12,13,14,15,16,17
3521,1,2,3,4,5,6,7,8,9,10,11,12,13,14,15,16,17
3522,1,2,3,4,5,6,7,8,9,10,11,12,13,14,15,16,17
3523,3,2,3,4,3,6,3,8,9,10,4,12,6,14,6,16,17
3524,3,2,3,4,5,6,7,8,3,10,4,12,4,6,15,8,17
3525,1,3,3,4,5,6,7,8,3,10,4,12,4,14,6,16,6
3526,1,2,3,3,5,6,7,3,9,10,11,3,13,14,3,16,17
3527,1,2,3,4,5,6,7,8,9,10,11,12,13,14,15,16,17
3528,1,2,3,4,5,6,7,8,9,10,11,12,13,14,15,16,17
3529,1,2,3,4,5,6,7,8,9,10,11,12,13,14,15,16,17
3530,1,2,3,4,5,6,7,8,9,10,11,12,13,14,15,16,17
3531,1,2,3,4,5,3,7,8,9,3,11,12,3,14,15,16,3
3532,2,2,3,4,3,6,7,4,9,4,11,4,13,4,15,6,17
3533,3,2,3,3,5,6,3,8,9,10,3,12,13,14,3,16,17
3534,1,2,3,3,5,6,7,3,9,10,11,3,13,14,15,3,17
3535,1,2,17,4,5,6,7,8,9,10,11,12,13,14,15,16,17
3536,1,2,2,4,2,6,7,8,9,6,11,12,13,14,15,16,6
3537,1,2,9,13,5,16,7,8,9,10,11,12,13,14,15,16,17
3538,1,5,7,10,5,13,7,17,9,10,11,12,13,14,15,16,17
3539,1,7,10,14,5,17,7,8,9,10,11,12,13,14,15,16,17
3540,1,4,9,4,5,14,7,8,9,10,11,12,13,14,15,16,17
3541,1,2,3,4,5,6,7,8,9,10,11,12,13,14,15,16,17
3542,1,2,3,4,5,6,7,8,9,10,11,12,13,14,15,16,17
3543,1,2,3,4,5,6,7,8,9,10,11,12,13,14,15,16,17
3544,1,2,3,4,5,6,7,8,9,10,11,12,13,14,15,16,17
3545,1,2,3,4,5,6,7,8,9,10,11,12,13,14,15,16,17
3546,1,2,3,4,5,6,7,8,9,10,11,12,13,14,15,16,17
3547,1,2,3,4,5,6,7,8,9,10,11,12,13,14,15,16,17
3548,1,2,3,4,5,6,7,8,9,10,11,12,13,14,15,16,17
3549,1,2,3,4,5,6,7,8,9,10,11,12,13,14,15,16,17
3550,1,2,3,4,5,6,7,8,9,10,11,12,13,14,15,16,17
3551,1,2,3,4,5,6,7,8,9,10,11,12,13,14,15,16,17
3552,1,2,3,4,5,6,7,8,9,10,11,12,13,14,15,16,17
3553,1,2,3,4,5,6,7,8,9,10,11,12,13,14,15,16,17
3554,1,2,3,4,5,6,7,8,9,10,11,12,13,14,15,16,17
3555,1,2,3,4,5,6,7,8,9,10,11,12,13,14,15,16,17
3556,1,2,3,4,5,6,7,8,9,10,11,12,13,14,15,16,17
3557,1,2,3,4,5,6,7,8,9,10,11,12,13,14,15,16,17
3558,1,2,3,4,5,6,7,8,9,10,11,12,13,14,15,16,17
3559,1,2,3,4,5,6,7,8,9,10,11,12,13,14,15,16,17
3560,1,2,3,4,5,6,7,8,9,10,11,12,13,14,15,16,17
3561,1,2,3,4,5,6,7,8,9,10,11,12,13,14,15,16,17
3562,1,2,3,4,5,6,7,8,9,10,11,12,13,14,15,16,17
3563,1,2,3,4,5,6,7,8,9,10,11,12,13,14,15,16,17
3564,1,2,3,4,5,6,7,8,9,10,11,12,13,14,15,16,17
3565,1,2,3,4,5,6,7,8,9,10,11,12,13,14,15,16,17
3566,1,2,3,4,5,6,7,8,9,10,11,12,13,14,15,16,17
3567,1,2,3,4,5,6,7,8,9,10,11,12,13,14,15,16,17
3568,1,2,3,4,5,6,7,8,9,10,11,12,13,14,15,16,17
3569,1,2,3,4,5,6,7,8,9,10,11,12,13,14,15,16,17
3570,1,2,3,4,5,6,7,8,9,10,11,12,13,14,15,16,17
3571,1,2,3,4,5,6,7,8,9,10,11,12,13,14,15,16,17
3572,1,2,3,4,5,6,7,8,9,10,11,12,13,14,15,16,17
3573,1,2,3,4,5,6,7,8,9,10,11,12,13,14,15,16,17
3574,1,2,3,4,5,6,7,8,9,10,11,12,13,14,15,16,17
3575,3,5,3,4,5,6,7,8,9,6,11,12,8,14,15,11,14
3576,1,2,3,4,5,6,7,8,9,10,11,12,13,14,15,16,17
3577,1,2,3,4,5,6,7,8,9,10,11,12,13,14,15,16,17
3578,1,2,3,4,5,6,7,8,9,10,11,12,13,14,15,16,17
3579,2,2,3,6,5,6,7,8,9,10,11,12,13,14,15,9,12
3580,1,2,3,4,5,6,7,8,9,10,11,12,13,14,15,16,17
3581,1,2,3,4,5,6,7,8,9,10,11,12,13,14,15,16,17
3582,1,2,3,4,5,6,7,8,9,10,11,12,13,14,15,16,17
3583,1,2,3,4,5,6,7,8,9,10,11,12,13,14,15,16,17
3584,1,2,3,4,5,6,7,8,9,10,11,12,13,14,15,16,17
3585,1,2,3,4,5,6,7,8,9,10,11,12,13,14,15,16,17
3586,1,2,3,4,5,6,7,8,9,10,11,12,13,14,15,16,17
3587,1,2,3,4,5,6,7,8,9,10,11,12,13,14,15,16,17
3588,1,2,3,4,5,6,7,8,9,10,11,12,13,14,15,16,17
3589,1,2,3,4,5,6,7,8,9,10,11,12,13,14,15,16,17
3590,1,2,3,4,5,6,7,8,9,10,11,12,13,14,15,16,17
3591,1,1,11,12,13,14,15,16,16,17,11,12,13,14,15,16,17
3592,11,2,11,4,11,12,7,12,9,13,11,12,13,16,15,16,16
3593,11,2,11,4,12,6,7,12,9,12,11,12,13,14,13,16,17
3594,1,11,11,12,13,14,15,16,17,10,11,12,13,14,15,16,17
3595,1,2,3,4,5,6,7,8,9,10,11,12,13,14,15,16,17
3596,1,2,3,4,5,6,7,8,9,10,11,12,13,14,15,16,17
3597,1,2,3,4,5,6,7,8,9,10,11,12,13,14,15,16,17
3598,1,2,3,4,5,6,7,8,9,10,11,12,13,14,15,16,17
3599,1,2,3,4,5,6,7,8,9,10,11,12,13,14,15,16,17
3600,1,2,3,4,5,6,7,8,9,10,11,12,13,14,15,16,17
3601,1,2,8,4,5,6,7,8,9,10,11,12,13,14,15,16,17
3602,1,5,7,10,5,13,7,17,9,10,11,12,13,14,15,16,17
3603,1,2,3,4,5,6,7,8,9,10,11,12,13,14,15,16,17
3604,1,2,3,4,5,6,7,8,9,10,11,12,13,14,15,16,17
3605,1,2,3,4,5,6,7,8,9,10,11,12,13,14,15,16,17
3606,1,2,3,4,3,6,7,8,9,3,3,12,6,14,8,16,8
3607,5,2,5,4,5,6,5,10,9,10,11,12,13,11,15,16,13
3608,12,2,3,4,5,12,7,8,9,12,11,12,13,12,15,16,17
3609,1,1,5,5,5,6,10,10,13,10,11,12,13,14,15,16,17
3610,2,2,3,4,2,6,7,2,9,3,11,12,3,14,15,3,17
3611,1,2,3,4,5,6,3,8,9,3,11,12,13,3,15,16,3
3612,1,2,3,2,5,6,2,8,9,3,11,3,13,3,15,16,8
3613,1,3,3,6,5,6,6,8,9,6,11,8,13,8,15,8,17
3614,1,2,3,4,5,6,7,8,9,10,11,12,13,14,15,16,17
3615,1,2,3,4,5,6,7,8,9,10,11,12,13,14,15,16,17
3616,1,2,3,4,5,6,7,8,9,10,11,12,13,14,15,16,17
3617,1,2,3,4,5,6,7,8,9,10,11,12,13,14,15,16,17
3618,1,2,3,4,5,6,7,8,9,10,11,12,13,14,15,16,17
3619,1,2,3,4,5,6,7,8,9,10,11,12,13,14,15,16,17
3620,1,2,3,4,5,6,7,8,9,10,11,12,13,14,15,16,17
3621,1,2,3,4,5,6,7,8,9,10,11,12,13,14,15,16,17
3622,1,2,3,4,5,6,7,8,9,10,11,12,13,14,15,16,17
3623,1,2,3,4,5,6,7,8,9,10,11,12,13,14,15,16,17
3624,1,2,3,4,5,6,7,8,9,10,11,12,13,14,15,16,17
3625,1,2,3,4,5,6,7,8,9,10,11,12,13,14,15,16,17
3626,1,2,3,4,5,6,7,8,9,10,11,12,13,14,15,16,17
3627,1,2,3,4,5,6,7,8,9,10,11,12,13,14,15,16,17
3628,1,2,3,4,5,6,7,8,9,10,11,12,13,14,15,16,17
3629,1,2,3,4,5,6,7,8,9,10,11,12,13,14,15,16,17
3630,1,2,3,4,5,6,7,8,9,10,11,12,13,14,15,16,17
3631,1,2,3,4,5,6,7,8,9,10,11,12,13,14,15,16,17
3632,1,2,3,4,5,6,7,8,9,10,11,12,13,14,15,16,17
3633,1,2,3,4,5,6,7,8,9,10,11,12,13,14,15,16,17
3634,1,2,3,4,5,6,7,8,9,10,11,12,13,14,15,16,17
3635,1,2,3,4,5,6,7,8,9,10,11,12,13,14,15,16,17
3636,1,2,3,4,5,6,7,8,9,10,11,12,13,14,15,16,17
3637,1,2,3,4,5,6,7,8,9,10,11,12,13,14,15,16,17
3638,1,2,3,4,5,6,7,8,9,10,11,12,13,14,15,16,17
3639,1,2,3,4,5,6,7,8,9,10,11,12,13,14,15,16,17
3640,1,2,3,4,5,6,7,8,9,10,11,12,13,14,15,16,17
3641,1,2,3,4,5,6,7,8,9,10,11,12,13,14,15,16,17
3642,1,2,3,4,5,6,7,8,9,10,11,12,13,14,15,16,17
3643,1,2,3,4,5,6,7,8,9,10,11,12,13,14,15,16,17
3644,1,2,3,4,5,6,7,8,9,10,11,12,13,14,15,16,17
3645,1,2,3,4,5,6,7,8,9,10,11,12,13,14,15,16,17
3646,1,2,3,4,5,6,7,8,9,10,11,12,13,14,15,16,17
3647,1,2,3,4,5,6,7,8,9,10,11,12,13,14,15,16,17
3648,1,2,3,4,5,6,7,8,9,10,11,12,13,14,15,16,17
3649,1,2,3,4,5,6,7,8,9,10,11,12,13,14,15,16,17
3650,1,2,3,4,5,6,7,8,9,10,11,12,13,14,15,16,17
3651,1,2,3,4,5,6,7,8,9,10,11,12,13,14,15,16,17
3652,1,2,3,4,5,6,7,8,9,10,11,12,13,14,15,16,17
3653,1,2,3,4,5,6,7,8,9,10,11,12,13,14,15,16,17
3654,1,2,3,4,5,6,7,8,9,10,11,12,13,14,15,16,17
3655,1,2,3,4,5,6,7,8,9,10,11,12,13,14,15,16,17
3656,1,2,3,4,5,6,7,8,9,10,11,12,13,14,15,16,17
3657,1,2,3,4,5,6,7,8,9,10,11,12,13,14,15,16,17
3658,1,2,3,4,5,6,7,8,9,10,11,12,13,14,15,16,17
3659,1,2,3,4,5,6,7,8,9,10,11,12,13,14,15,16,17
3660,1,2,3,4,5,6,7,8,9,10,11,12,13,14,15,16,17
3661,1,2,3,4,5,6,7,8,9,10,11,12,13,14,15,16,17
3662,1,2,3,4,5,6,7,8,9,10,11,12,13,14,15,16,17
3663,1,2,3,4,5,6,7,8,9,10,11,12,13,14,15,16,17
3664,1,2,3,4,5,6,7,8,9,10,11,12,13,14,15,16,17
3665,1,2,3,4,5,6,7,8,9,10,11,12,13,14,15,16,17
3666,1,2,3,4,5,6,7,8,9,10,11,12,13,14,15,16,17
3667,1,2,3,4,5,6,7,8,9,10,11,12,13,14,15,16,17
3668,1,2,3,4,5,6,7,8,9,10,11,12,13,14,15,16,17
3669,1,2,3,4,5,6,7,8,9,10,11,12,13,14,15,16,17
3670,1,2,3,4,5,6,7,8,9,10,11,12,13,14,15,16,17
3671,1,2,3,4,5,6,7,8,9,10,11,12,13,14,15,16,17
3672,1,2,3,4,5,6,7,8,9,10,11,12,13,14,15,16,17
3673,1,2,3,4,5,6,7,8,9,10,11,12,13,14,15,16,17
3674,1,2,3,4,5,6,7,8,9,10,11,12,13,14,15,16,17
3675,1,2,3,4,5,6,7,8,9,10,11,12,13,14,15,16,17
3676,1,2,3,4,5,6,7,8,9,10,11,12,13,14,15,16,17
3677,1,2,2,4,5,6,7,8,9,10,11,12,13,14,15,16,17
3678,1,2,2,4,5,6,7,8,2,10,11,12,2,14,15,16,2
3679,1,2,4,4,5,6,7,8,9,10,11,12,13,14,15,16,17
3680,1,1,5,10,5,12,14,16,9,10,11,12,13,14,15,16,17
3681,1,1,10,11,12,14,15,16,17,10,11,12,13,14,15,16,17
3682,1,5,11,4,5,16,7,8,9,10,11,12,13,14,15,16,17
3683,1,15,3,4,5,6,7,8,9,10,11,12,13,14,15,16,17
3684,1,2,3,4,5,6,7,8,9,10,11,12,13,14,15,16,17
3685,1,2,3,4,5,6,7,8,9,10,11,12,13,14,15,16,17
3686,1,2,3,4,5,6,7,8,9,10,11,12,13,14,15,16,17
3687,1,2,3,4,5,6,7,8,9,10,11,12,13,14,15,16,17
3688,1,2,3,4,5,6,7,8,9,10,11,12,13,14,15,16,17
3689,1,2,3,4,5,6,7,8,9,10,11,12,13,14,15,16,17
3690,1,2,3,4,5,6,7,8,9,10,11,12,13,14,15,16,17
3691,1,2,3,4,5,6,7,8,9,10,11,12,13,14,15,16,17
3692,1,2,3,4,5,6,7,8,9,10,11,12,13,14,15,16,17
3693,1,2,3,4,5,6,7,8,9,10,11,12,13,14,15,16,17
3694,1,2,3,4,5,6,7,8,9,10,11,12,13,14,15,16,17
3695,1,2,3,4,5,6,7,8,9,10,11,12,13,14,15,16,17
3696,1,2,3,4,5,6,7,8,9,10,11,12,13,14,15,16,17
3697,1,2,3,4,5,6,7,8,9,10,11,12,13,14,15,16,17
3698,1,2,3,4,5,6,7,8,9,10,11,12,13,14,15,16,17
3699,1,2,3,4,5,6,7,8,9,10,11,12,13,14,15,16,17
3700,1,2,3,4,5,6,7,8,9,10,11,12,13,14,15,16,17
3701,1,2,3,4,5,6,7,8,9,10,11,12,13,14,15,16,17
3702,1,2,3,4,5,6,7,8,9,10,11,12,13,14,15,16,17
3703,1,2,3,4,5,6,7,8,9,10,11,12,13,14,15,16,17
3704,1,2,3,4,5,6,7,8,9,10,11,12,13,14,15,16,17
3705,1,2,3,4,5,6,7,8,9,10,11,12,13,14,15,16,17
3706,1,2,3,4,5,6,7,8,9,10,11,12,13,14,15,16,17
3707,1,2,3,4,5,6,7,8,9,10,11,12,13,14,15,16,17
3708,1,2,3,4,5,6,7,8,9,10,11,12,13,14,15,16,17
3709,1,2,3,4,5,6,7,8,9,10,11,12,13,14,15,16,17
3710,1,2,3,4,5,6,7,8,9,10,11,12,13,14,15,16,17
3711,1,2,3,4,5,6,7,8,9,10,11,12,13,14,15,16,17
3712,1,2,3,4,5,6,7,8,9,10,11,12,13,14,15,16,17
3713,1,2,3,4,5,6,7,8,9,10,11,12,13,14,15,16,17
3714,1,2,3,4,5,6,7,8,9,10,11,12,13,14,15,16,17
3715,1,2,3,4,5,6,7,8,9,10,11,12,13,14,15,16,17
3716,1,2,3,4,5,6,7,8,9,10,11,12,13,14,15,16,17
3717,1,2,3,4,5,6,7,8,9,10,11,12,13,14,15,16,17
3718,1,2,3,4,5,6,7,8,9,10,11,12,13,14,15,16,17
3719,1,2,3,4,5,6,7,8,9,10,11,12,13,14,15,16,17
3720,1,2,3,4,5,6,7,8,9,10,11,12,13,14,15,16,17
3721,1,2,3,4,5,6,7,8,9,10,11,12,13,14,15,16,17
3722,5,2,3,4,5,6,7,8,9,10,11,12,13,14,15,11,17
3723,1,2,3,4,5,6,7,8,9,10,11,12,13,14,15,16,17
3724,1,2,3,4,5,6,7,8,9,10,11,12,13,14,15,16,17
3725,1,2,3,4,5,6,7,8,9,10,11,12,13,14,15,16,17
3726,1,2,3,4,5,6,7,8,9,10,11,12,13,14,15,16,17
3727,1,2,3,4,5,6,7,8,9,10,11,12,13,14,15,16,17
3728,1,2,3,4,5,6,7,8,9,10,11,12,13,14,15,16,17
3729,1,2,3,4,5,6,7,8,9,10,11,12,13,14,15,16,17
3730,1,2,3,4,5,6,7,8,9,10,11,12,13,14,15,16,17
3731,1,2,2,2,2,7,7,12,16,10,11,12,13,14,15,16,17
3732,1,2,3,4,5,6,7,8,9,10,11,12,13,14,15,16,17
3733,1,2,3,4,5,6,7,8,9,10,11,12,13,14,15,16,17
3734,1,1,1,11,5,12,12,13,9,16,11,12,13,16,17,16,17
3735,1,1,11,12,13,14,15,16,17,17,11,12,13,14,15,16,17
3736,1,1,10,11,12,14,15,17,9,10,11,12,13,14,15,16,17
3737,1,2,3,4,5,6,7,8,9,10,11,12,13,14,15,16,17
3738,1,2,3,4,5,6,7,8,9,10,11,12,13,14,15,16,17
3739,1,2,3,4,5,6,7,8,9,10,11,12,13,14,15,16,17
3740,1,2,3,4,5,6,7,8,9,10,11,12,13,14,15,16,17
3741,1,2,3,4,5,6,7,8,9,10,11,12,13,14,15,16,17
3742,1,2,3,4,5,6,7,8,9,10,11,12,13,14,15,16,17
3743,1,2,3,4,5,6,7,8,9,10,11,12,13,14,15,16,17
3744,1,2,3,4,5,6,7,8,9,10,11,12,13,14,15,16,17
3745,1,7,9,12,5,14,7,17,9,10,11,12,13,14,15,16,17
3746,1,2,3,4,5,6,7,8,9,10,11,12,13,14,15,16,17
3747,1,2,3,4,5,6,7,8,9,10,11,12,13,14,15,16,17
3748,1,2,3,4,5,6,7,8,9,10,11,12,13,14,15,16,17
3749,1,2,3,4,5,6,2,8,9,10,8,12,13,14,15,16,17
3750,1,1,11,11,12,12,13,14,15,16,11,12,13,14,15,16,17
3751,12,2,3,12,5,6,7,12,9,10,11,12,13,12,15,16,17
3752,1,7,11,13,5,15,7,17,9,10,11,12,13,14,15,16,17
3753,1,2,3,4,5,6,7,8,9,10,11,12,13,14,15,16,17
3754,1,2,3,4,5,6,7,8,9,10,11,12,13,14,15,16,17
3755,1,2,3,4,5,6,7,8,9,10,11,12,13,14,15,16,17
3756,1,2,3,3,5,6,7,8,9,3,11,12,13,14,15,3,17
3757,1,2,3,4,6,6,7,8,9,6,11,6,13,14,6,16,8
3758,1,2,3,4,5,6,7,8,9,10,11,12,13,14,15,16,17
3759,1,2,3,4,5,6,7,8,9,10,11,12,13,14,15,16,17
3760,1,2,3,4,5,6,7,8,9,10,11,12,13,14,15,16,17
3761,1,2,3,4,5,6,7,8,9,10,11,12,13,14,15,16,17
3762,1,2,3,4,5,6,7,8,9,10,11,12,13,14,15,16,17
3763,1,2,3,4,5,6,7,8,9,10,11,12,13,14,15,16,17
3764,1,2,3,4,5,6,7,8,9,10,11,12,13,14,15,16,17
3765,1,2,3,4,5,6,7,8,9,10,11,12,13,14,15,16,17
3766,1,2,3,4,5,6,7,8,9,10,11,12,13,14,15,16,17
3767,1,2,3,4,5,6,7,8,9,10,11,12,13,14,15,16,17
3768,1,2,3,4,5,6,7,8,9,10,11,12,13,14,15,16,17
3769,1,2,3,4,5,6,7,8,9,10,11,12,13,14,15,16,17
3770,1,2,3,4,5,6,7,8,9,10,11,12,13,14,15,16,17
3771,1,2,3,4,5,6,7,8,9,10,11,12,13,14,15,16,17
3772,1,2,3,4,5,6,7,8,9,10,11,12,13,14,15,16,17
3773,1,2,3,4,5,6,7,8,9,10,11,12,13,14,15,16,17
3774,1,2,3,4,5,6,7,8,9,10,11,12,13,14,15,16,17
3775,1,2,3,4,5,6,7,8,9,10,11,12,13,14,15,16,17
3776,1,2,3,4,5,6,7,8,9,10,11,12,13,14,15,16,17
3777,1,2,3,4,5,6,7,8,9,10,11,12,13,14,15,16,17
3778,1,2,3,4,5,6,7,8,9,10,11,12,13,14,15,16,17
3779,1,2,3,4,5,6,7,8,9,10,11,12,13,14,15,16,17
3780,1,2,3,4,5,6,7,8,9,10,11,12,13,14,15,16,17
3781,1,2,3,4,5,6,7,8,9,10,11,12,13,14,15,16,17
3782,1,2,3,4,5,6,7,8,9,10,11,12,13,14,15,16,17
3783,1,2,3,4,5,6,7,8,9,10,11,12,13,14,15,16,17
3784,1,2,3,4,5,6,7,8,9,10,11,12,13,14,15,16,17
3785,1,2,3,4,5,6,7,8,9,10,11,12,13,14,15,16,17
3786,1,2,3,4,5,6,7,8,9,10,11,12,13,14,15,16,17
3787,1,2,3,4,5,6,7,8,9,10,11,12,13,14,15,16,17
3788,1,2,3,4,5,6,7,8,9,10,11,12,13,14,15,16,17
3789,1,2,3,4,5,6,7,8,9,10,11,12,13,14,15,16,17
3790,1,2,3,4,5,6,7,8,9,10,11,12,13,14,15,16,17
3791,1,2,3,4,5,6,7,8,9,10,11,12,13,14,15,16,17
3792,1,2,3,4,5,6,7,8,9,10,11,12,13,14,15,16,17
3793,1,2,3,4,5,6,7,8,9,10,11,12,13,14,15,16,17
3794,1,2,3,4,5,6,7,8,9,10,11,12,13,14,15,16,17
3795,1,2,3,4,5,6,7,8,9,10,11,12,13,14,15,16,17
3796,1,2,3,4,5,6,7,8,9,10,11,12,13,14,15,16,17
3797,1,2,3,4,5,6,7,8,9,10,11,12,13,14,15,16,17
3798,1,2,3,4,5,6,7,8,9,10,11,12,13,14,15,16,17
3799,1,2,3,4,5,6,7,8,9,10,11,12,13,14,15,16,17
3800,1,2,3,4,5,6,7,8,9,10,11,12,13,14,15,16,17
3801,1,2,3,4,5,6,7,8,9,10,11,12,13,14,15,16,17
3802,1,2,3,4,5,6,7,8,9,10,11,12,13,14,15,16,17
3803,1,2,3,4,5,6,7,8,9,10,11,12,13,14,15,16,17
3804,1,2,3,4,5,6,7,8,9,10,11,12,13,14,15,16,17
3805,1,2,3,4,5,6,7,8,9,10,11,12,13,14,15,16,17
3806,1,2,3,4,5,6,7,8,9,10,11,12,13,14,15,16,17
3807,1,2,3,4,5,6,7,8,9,10,11,12,13,14,15,16,17
3808,1,2,3,4,5,6,7,8,9,10,11,12,13,14,15,16,17
3809,1,2,3,4,5,6,7,8,9,10,11,12,13,14,15,16,17
3810,1,2,3,4,5,6,7,8,9,10,11,12,13,14,15,16,17
3811,1,2,3,4,5,6,7,8,9,10,11,12,13,14,15,16,17
3812,1,2,3,4,5,6,7,8,9,10,11,12,13,14,15,16,17
3813,1,2,3,4,5,6,7,8,9,10,11,12,13,14,15,16,17
3814,1,2,3,4,5,6,7,8,9,10,11,12,13,14,15,16,17
3815,1,2,3,4,5,6,7,8,9,10,11,12,13,14,15,16,17
3816,1,2,3,4,5,6,7,8,9,10,11,12,13,14,15,16,17
3817,1,2,3,4,5,6,7,8,9,10,11,12,13,14,15,16,17
3818,1,2,3,4,5,6,7,8,9,10,11,12,13,14,15,16,17
3819,1,2,3,4,5,6,7,8,9,10,11,12,13,14,15,16,17
3820,1,2,3,4,5,6,7,8,9,10,11,12,13,14,15,16,17
3821,1,2,2,4,5,2,7,8,9,10,11,12,2,14,15,16,17
3822,1,5,10,12,5,13,15,17,9,10,11,12,13,14,15,16,17
3823,1,1,11,11,12,13,14,15,16,17,11,12,13,14,15,16,17
3824,1,10,11,12,13,14,15,16,17,10,11,12,13,14,15,16,17
3825,1,2,12,4,5,6,7,8,9,10,11,12,13,14,15,16,17
3826,1,2,3,4,5,6,7,8,9,10,11,12,13,14,15,16,17
3827,1,2,3,4,5,6,7,8,9,10,11,12,13,14,15,16,17
3828,1,2,3,4,5,6,7,8,9,10,11,12,13,14,15,16,17
3829,1,2,3,4,5,6,7,8,9,10,11,12,13,14,15,16,17
3830,1,2,3,4,5,6,7,8,9,10,11,12,13,14,15,16,17
3831,1,2,3,4,5,6,7,8,9,10,11,12,13,14,15,16,17
3832,1,2,3,4,5,6,7,8,9,10,11,12,13,14,15,16,17
3833,1,2,3,4,5,6,7,8,9,10,11,12,13,14,15,16,17
3834,1,2,3,4,5,6,7,8,9,10,11,12,13,14,15,16,17
3835,1,2,3,4,5,6,7,8,9,10,11,12,13,14,15,16,17
3836,1,2,3,4,5,6,7,8,9,10,11,12,13,14,15,16,17
3837,1,2,3,4,5,6,7,8,9,10,11,12,13,14,15,16,17
3838,1,2,3,4,5,6,7,8,9,10,11,12,13,14,15,16,17
3839,1,2,3,4,5,6,7,8,9,10,11,12,13,14,15,16,17
3840,1,2,3,4,5,6,7,8,9,10,11,12,13,14,15,16,17
3841,1,2,3,4,5,6,7,8,9,10,11,12,13,14,15,16,17
3842,1,2,3,4,5,6,7,8,9,10,11,12,13,14,15,16,17
3843,1,2,3,4,5,6,7,8,9,10,11,12,13,14,15,16,17
3844,1,2,3,4,5,6,7,8,9,10,11,12,13,14,15,16,17
3845,1,2,3,4,5,6,7,8,9,10,11,12,13,14,15,16,17
3846,1,2,3,4,5,6,7,8,9,10,11,12,13,14,15,16,17
3847,1,2,3,4,5,6,7,8,9,10,11,12,13,14,15,16,17
3848,1,2,3,4,5,6,7,8,9,10,11,12,13,14,15,16,17
3849,1,2,3,4,5,6,7,8,9,10,11,12,13,14,15,16,17
3850,1,2,3,4,5,6,7,8,9,10,11,12,13,14,15,16,17
3851,1,2,3,4,5,6,7,8,9,10,11,12,13,14,15,16,17
3852,1,2,3,4,5,6,7,8,9,10,11,12,13,14,15,16,17
3853,1,2,3,4,5,6,7,8,9,10,11,12,13,14,15,16,17
3854,1,2,3,4,5,6,7,8,9,10,11,12,13,14,15,16,17
3855,1,2,3,4,5,6,7,8,9,10,11,12,13,14,15,16,17
3856,1,2,3,4,5,6,7,8,9,10,11,12,13,14,15,16,17
3857,1,2,3,4,5,6,7,8,9,10,11,12,13,14,15,16,17
3858,1,2,3,4,5,6,7,8,9,10,11,12,13,14,15,16,17
3859,1,2,3,4,5,6,7,8,9,10,11,12,13,14,15,16,17
3860,1,2,3,4,5,6,7,8,9,10,11,12,13,14,15,16,17
3861,1,2,3,4,5,6,7,8,9,10,11,12,13,14,15,16,17
3862,1,2,3,4,5,6,7,8,9,10,11,12,13,14,15,16,17
3863,1,2,3,4,5,6,7,8,9,10,11,12,13,14,15,16,17
3864,2,2,3,5,5,6,7,8,9,6,11,12,8,14,15,11,14
3865,1,2,3,4,5,6,7,8,9,10,11,12,13,14,15,16,17
3866,1,2,3,4,5,6,7,8,9,10,11,12,13,14,15,16,17
3867,1,2,3,4,5,6,7,8,9,10,11,12,13,14,15,16,17
3868,2,2,3,4,5,6,7,8,9,3,5,6,7,14,15,9,14
3869,1,2,3,4,5,6,7,8,9,10,11,12,13,14,15,16,17
3870,1,2,3,4,5,6,7,8,9,10,11,12,13,14,15,16,17
3871,1,2,3,4,5,6,7,8,9,10,11,12,13,14,15,16,17
3872,1,2,3,4,5,6,7,8,9,10,11,12,13,14,15,16,17
3873,1,2,3,4,5,6,7,8,9,10,11,12,13,14,15,16,17
3874,1,2,10,10,13,6,15,15,9,10,11,12,13,15,15,16,17
3875,1,2,3,4,5,6,7,8,9,10,11,12,13,14,15,16,17
3876,1,2,3,4,5,6,7,8,9,10,11,12,13,14,15,16,17
3877,1,1,9,11,12,13,15,16,9,10,11,12,13,14,15,16,17
3878,1,2,3,4,5,6,7,8,9,10,11,12,13,14,15,16,17
3879,1,2,3,4,5,6,7,8,9,10,11,12,13,14,15,16,17
3880,1,2,3,4,5,6,7,8,9,10,11,12,13,14,15,16,17
3881,1,2,3,4,5,6,7,8,9,10,11,12,13,14,15,16,17
3882,1,2,3,4,5,6,7,8,9,10,11,12,13,14,15,16,17
3883,1,2,3,4,5,6,7,8,9,10,11,12,13,14,15,16,17
3884,1,2,3,4,5,6,7,8,9,10,11,12,13,14,15,16,17
3885,1,2,3,4,5,6,7,8,9,10,11,12,13,14,15,16,17
3886,1,2,3,4,5,6,7,8,9,10,11,12,13,14,15,16,17
3887,1,2,3,4,5,6,7,8,9,10,11,12,13,14,15,16,17
3888,1,12,3,4,5,6,7,8,9,10,11,12,13,14,15,16,17
3889,1,2,3,4,5,6,7,8,9,10,11,12,13,14,15,16,17
3890,1,2,3,4,5,6,7,8,9,10,11,12,13,14,15,16,17
3891,1,2,3,4,5,6,7,8,9,10,11,12,13,14,15,16,17
3892,1,2,8,4,5,6,7,8,9,10,11,12,13,14,15,16,17
3893,1,1,12,14,5,14,15,16,17,17,11,12,13,14,15,16,17
3894,1,2,12,4,5,6,12,8,9,10,12,12,13,14,15,12,17
3895,1,10,12,14,5,17,7,8,9,10,11,12,13,14,15,16,17
3896,1,2,3,4,5,6,7,8,9,10,11,12,13,14,15,16,17
3897,1,2,3,4,5,6,7,8,9,10,11,12,13,14,15,16,17
3898,1,2,3,4,5,6,7,8,9,10,11,12,13,14,15,16,17
3899,1,2,3,4,5,6,7,8,9,10,11,12,13,14,15,16,17
3900,1,2,3,3,5,6,7,6,9,10,6,12,13,6,15,16,6
3901,1,2,3,4,5,6,7,8,9,10,11,12,13,14,15,16,17
3902,1,2,3,4,5,6,7,8,9,10,11,12,13,14,15,16,17
3903,1,2,3,4,5,6,7,8,9,10,11,12,13,14,15,16,17
3904,1,2,3,4,5,6,7,8,9,10,11,12,13,14,15,16,17
3905,1,2,3,4,5,6,7,8,9,10,11,12,13,14,15,16,17
3906,1,2,3,4,5,6,7,8,9,10,11,12,13,14,15,16,17
3907,1,2,3,4,5,6,7,8,9,10,11,12,13,14,15,16,17
3908,1,2,3,4,5,6,7,8,9,10,11,12,13,14,15,16,17
3909,1,2,3,4,5,6,7,8,9,10,11,12,13,14,15,16,17
3910,1,2,3,4,5,6,7,8,9,10,11,12,13,14,15,16,17
3911,1,2,3,4,5,6,7,8,9,10,11,12,13,14,15,16,17
3912,1,2,3,4,5,6,7,8,9,10,11,12,13,14,15,16,17
3913,1,2,3,4,5,6,7,8,9,10,11,12,13,14,15,16,17
3914,1,17,3,4,5,6,7,8,9,10,11,12,13,14,15,16,17
3915,1,2,3,4,5,6,7,8,9,10,11,12,13,14,15,16,17
3916,1,2,3,4,5,6,7,8,9,10,11,12,13,14,15,16,17
3917,1,2,3,4,5,6,7,8,9,10,11,12,13,14,15,16,17
3918,1,2,3,4,5,6,7,8,9,10,11,12,13,14,15,16,17
3919,1,2,3,4,5,6,7,8,9,10,11,12,13,14,15,16,17
3920,1,2,3,4,5,6,7,8,9,10,11,12,13,14,15,16,17
3921,1,2,3,4,5,6,7,8,9,10,11,12,13,14,15,16,17
3922,1,2,3,4,5,6,7,8,9,10,11,12,13,14,15,16,17
3923,1,2,3,4,5,6,7,8,9,10,11,12,13,14,15,16,17
3924,1,2,3,4,5,6,7,8,9,10,11,12,13,14,15,16,17
3925,1,2,3,4,5,6,7,8,9,10,11,12,13,14,15,16,17
3926,1,2,3,4,5,6,7,8,9,10,11,12,13,14,15,16,17
3927,1,2,3,4,5,6,7,8,9,10,11,12,13,14,15,16,17
3928,1,2,3,4,5,6,7,8,9,10,11,12,13,14,15,16,17
3929,1,2,3,4,5,6,7,8,9,10,11,12,13,14,15,16,17
3930,1,2,3,4,5,6,7,8,9,10,11,12,13,14,15,16,17
3931,1,2,3,4,5,6,7,8,9,10,11,12,13,14,15,16,17
3932,1,2,3,4,5,6,7,8,9,10,11,12,13,14,15,16,17
3933,1,2,3,4,5,6,7,8,9,10,11,12,13,14,15,16,17
3934,1,2,3,4,5,6,7,8,9,10,11,12,13,14,15,16,17
3935,1,2,3,4,5,6,7,8,9,10,11,12,13,14,15,16,17
3936,1,2,3,4,5,6,7,8,9,10,11,12,13,14,15,16,17
3937,1,2,3,4,5,6,7,8,9,10,11,12,13,14,15,16,17
3938,1,2,3,4,5,6,7,8,9,10,11,12,13,14,15,16,17
3939,1,2,3,4,5,6,7,8,9,10,11,12,13,14,15,16,17
3940,1,2,3,4,5,6,7,8,9,10,11,12,13,14,15,16,17
3941,1,2,3,4,5,6,7,8,9,10,11,12,13,14,15,16,17
3942,1,2,3,4,5,6,7,8,9,10,11,12,13,14,15,16,17
3943,1,2,3,4,5,6,7,8,9,10,11,12,13,14,15,16,17
3944,1,2,3,4,5,6,7,8,9,10,11,12,13,14,15,16,17
3945,1,2,3,4,5,6,7,8,9,10,11,12,13,14,15,16,17
3946,1,2,3,4,5,6,7,8,9,10,11,12,13,14,15,16,17
3947,1,2,3,4,5,6,7,8,9,10,11,12,13,14,15,16,17
3948,1,2,3,4,5,6,7,8,9,10,11,12,13,14,15,16,17
3949,1,2,3,4,5,6,7,8,9,10,11,12,13,14,15,16,17
3950,1,2,3,4,5,6,7,8,9,10,11,12,13,14,15,16,17
3951,1,2,3,4,5,6,7,8,9,10,11,12,13,14,15,16,17
3952,1,2,3,4,5,6,7,8,9,10,11,12,13,14,15,16,17
3953,1,2,3,4,5,6,7,8,9,10,11,12,13,14,15,16,17
3954,1,2,3,4,5,6,7,8,9,10,11,12,13,14,15,16,17
3955,1,2,3,4,5,6,7,8,9,10,11,12,13,14,15,16,17
3956,1,2,3,3,5,6,7,3,9,10,11,3,13,14,15,3,17
3957,1,2,3,4,5,6,7,8,9,10,11,12,13,14,15,16,17
3958,1,2,3,4,5,6,7,8,9,10,11,12,13,14,15,16,17
3959,1,2,3,4,5,6,7,8,9,10,11,12,13,14,15,16,17
3960,1,2,3,4,5,6,7,8,9,10,11,12,13,14,15,16,17
3961,1,2,3,4,5,6,7,8,9,10,11,12,13,14,15,16,17
3962,1,2,3,4,5,6,7,8,9,10,11,12,13,14,15,16,17
3963,1,2,3,4,5,6,7,8,9,10,11,12,13,14,15,16,17
3964,1,2,9,4,5,6,7,8,9,10,11,12,13,14,15,16,17
3965,1,1,9,12,5,15,7,8,9,10,11,12,13,14,15,16,17
3966,1,1,10,12,13,14,15,16,17,10,11,12,13,14,15,16,17
3967,1,7,10,11,13,15,7,17,9,10,11,12,13,14,15,16,17
3968,1,2,3,4,5,6,7,8,9,10,11,12,13,14,15,16,17
3969,1,2,3,4,5,6,7,8,9,10,11,12,13,14,15,16,17
3970,1,2,3,4,5,6,7,8,9,10,11,12,13,14,15,16,17
3971,1,2,3,4,5,6,7,8,9,10,11,12,13,14,15,16,17
3972,1,2,3,4,5,6,7,8,9,10,11,12,13,14,15,16,17
3973,1,2,3,4,5,6,7,8,9,10,11,12,13,14,15,16,17
3974,1,2,3,4,5,6,7,8,9,10,11,12,13,14,15,16,17
3975,1,2,3,4,5,6,7,8,9,10,11,12,13,14,15,16,17
3976,1,2,3,4,5,6,7,8,9,10,11,12,13,14,15,16,17
3977,1,2,3,4,5,6,7,8,9,10,11,12,13,14,15,16,17
3978,1,2,3,4,5,6,7,8,9,10,11,12,13,14,15,16,17
3979,1,2,3,4,5,6,7,8,9,10,11,12,13,14,15,16,17
3980,1,2,3,4,5,6,7,8,9,10,11,12,13,14,15,16,17
3981,1,2,3,4,5,6,7,8,9,10,11,12,13,14,15,16,17
3982,1,2,3,4,5,6,7,8,9,10,11,12,13,14,15,16,17
3983,1,2,3,4,5,6,7,8,9,10,11,12,13,14,15,16,17
3984,1,2,3,4,5,6,7,8,9,10,11,12,13,14,15,16,17
3985,1,2,3,4,5,6,7,8,9,10,11,12,13,14,15,16,17
3986,1,2,3,4,5,6,7,8,9,10,11,12,13,14,15,16,17
3987,1,2,3,4,5,6,7,8,9,10,11,12,13,14,15,16,17
3988,1,2,3,4,5,6,7,8,9,10,11,12,13,14,15,16,17
3989,1,2,3,4,5,6,7,8,9,10,11,12,13,14,15,16,17
3990,1,2,3,4,5,6,7,8,9,10,11,12,13,14,15,16,17
3991,1,2,3,4,5,6,7,8,9,10,11,12,13,14,15,16,17
3992,1,2,3,4,5,6,7,8,9,10,11,12,13,14,15,16,17
3993,1,2,3,4,5,6,7,8,9,10,11,12,13,14,15,16,17
3994,1,2,3,4,5,6,7,8,9,10,11,12,13,14,15,16,17
3995,1,2,3,4,5,6,7,8,9,10,11,12,13,14,15,16,17
3996,1,2,3,4,5,6,7,8,9,10,11,12,13,14,15,16,17
3997,1,2,3,4,5,6,7,8,9,10,11,12,13,14,15,16,17
3998,1,2,3,4,5,6,7,8,9,10,11,12,13,14,15,16,17
3999,1,2,3,4,5,6,7,8,9,10,11,12,13,14,15,16,17
4000,1,2,3,4,5,6,7,8,9,10,11,12,13,14,15,16,17
4001,1,2,3,4,5,6,7,8,9,10,11,12,13,14,15,16,17
4002,1,2,3,4,5,6,7,8,9,10,11,12,13,14,15,16,17
4003,1,2,3,4,5,6,7,8,9,10,11,12,13,14,15,16,17
4004,1,2,3,4,5,6,7,8,9,10,11,12,13,14,15,16,17
4005,1,2,3,4,5,6,7,8,9,10,11,12,13,14,15,16,17
4006,1,2,3,4,5,6,7,8,9,10,11,12,13,14,15,16,17
4007,1,2,3,4,5,6,7,8,9,10,11,12,13,14,15,16,17
4008,1,2,3,4,5,6,7,8,9,10,11,12,13,14,15,16,17
4009,1,2,3,4,5,6,7,8,9,10,11,12,13,14,15,16,17
4010,1,2,3,4,5,6,7,8,9,10,11,12,13,14,15,16,17
4011,1,2,3,4,5,6,7,8,9,10,11,12,13,14,15,16,17
4012,1,2,3,4,5,6,7,8,9,10,11,12,13,14,15,16,17
4013,1,2,3,4,5,6,7,8,9,10,11,12,13,14,15,16,17
4014,1,2,3,4,5,6,7,8,9,10,11,12,13,14,15,16,17
4015,1,2,3,4,5,6,7,8,9,10,11,12,13,14,15,16,17
4016,1,2,3,4,5,6,7,8,9,10,11,12,13,14,15,16,17
4017,1,2,3,4,5,6,7,8,9,10,11,12,13,14,15,16,17
4018,1,2,3,4,5,6,7,8,9,10,11,12,13,14,15,16,17
4019,1,2,3,4,5,6,7,8,9,10,11,12,13,14,15,16,17
4020,1,2,6,4,5,6,7,8,9,10,11,12,13,14,15,16,17
4021,1,2,3,4,5,6,7,8,9,10,11,12,13,14,15,16,17
4022,1,2,3,4,5,6,7,8,9,10,11,12,13,14,15,16,17
4023,1,2,3,4,5,6,7,8,9,10,11,12,13,14,15,16,17
4024,1,2,3,4,5,6,7,8,9,10,11,12,13,14,15,16,17
4025,1,2,3,4,5,6,7,8,9,10,11,12,13,14,15,16,17
4026,1,2,3,4,5,6,7,8,9,10,11,12,13,14,15,16,17
4027,1,2,3,4,5,6,7,8,9,10,11,12,13,14,15,16,17
4028,1,2,3,4,5,6,7,8,9,10,11,12,13,14,15,16,17
4029,1,2,3,4,5,6,7,8,9,10,11,12,13,14,15,16,17
4030,1,2,3,4,5,6,7,8,9,10,11,12,13,14,15,16,17
4031,1,2,3,4,5,6,7,8,9,10,11,12,13,14,15,16,17
4032,1,2,3,4,5,6,7,8,9,10,11,12,13,14,15,16,17
4033,1,2,3,4,5,6,7,8,9,10,11,12,13,14,15,16,17
4034,1,2,3,4,5,6,7,8,9,10,11,12,13,14,15,16,17
4035,1,2,3,4,5,6,7,8,9,10,11,12,13,14,15,16,17
4036,1,1,10,11,12,13,14,15,17,10,11,12,13,14,15,16,17
4037,1,1,11,12,13,13,14,8,15,15,11,12,13,14,15,16,17
4038,1,2,3,4,5,6,7,8,9,10,11,12,2,14,15,16,17
4039,1,2,3,4,5,6,7,8,9,10,11,12,13,14,15,16,17
4040,1,2,3,4,5,6,7,8,9,10,11,12,13,14,15,16,17
4041,1,2,3,4,5,6,7,8,9,10,11,12,13,14,15,16,17
4042,1,2,3,4,5,6,7,8,9,10,11,12,13,14,15,16,17
4043,1,3,3,4,5,6,3,8,9,3,11,12,3,14,15,6,17
4044,1,2,3,4,5,6,7,8,9,10,11,12,13,14,15,16,17
4045,1,2,3,4,5,6,7,8,9,10,11,12,13,14,15,16,17
4046,1,2,3,4,5,6,7,8,9,10,11,12,13,14,15,16,17
4047,1,2,3,4,5,6,7,8,9,10,11,12,13,14,15,16,17
4048,1,2,3,4,5,6,7,8,9,10,11,12,13,14,15,16,17
4049,1,2,3,4,5,6,7,8,9,10,11,12,13,14,15,16,17
4050,1,2,3,4,5,6,7,8,9,10,11,12,13,14,15,16,17
4051,1,2,3,4,5,6,7,8,9,10,11,12,13,14,15,16,17
4052,1,2,3,4,5,6,7,8,9,10,11,12,13,14,15,16,17
4053,1,2,3,4,5,6,7,8,9,10,11,12,13,14,15,16,17
4054,1,2,3,4,5,6,7,8,9,10,11,12,13,14,15,16,17
4055,1,2,3,4,5,6,7,8,9,10,11,12,13,14,15,16,17
4056,1,2,3,4,5,6,7,8,9,10,11,12,13,14,15,16,17
4057,1,1,10,4,5,6,7,8,9,10,11,12,13,14,15,16,17
4058,1,2,3,4,5,6,7,8,9,10,11,12,13,14,15,16,17
4059,1,7,10,12,14,17,7,8,9,10,11,12,13,14,15,16,17
4060,1,7,14,4,5,6,7,8,9,10,11,12,13,14,15,16,17
4061,1,2,3,4,5,6,7,8,9,10,11,12,13,14,15,16,17
4062,1,2,3,4,5,6,7,8,9,10,11,12,13,14,15,16,17
4063,1,2,3,4,5,6,7,8,9,10,11,12,13,14,15,16,17
4064,1,2,3,4,5,6,7,8,9,10,11,12,13,14,15,16,17
4065,1,2,3,4,5,6,7,8,9,10,11,12,13,14,15,16,17
4066,1,2,3,4,5,6,7,8,9,10,11,12,13,14,15,16,17
4067,1,2,3,4,5,6,7,8,9,10,11,12,13,14,15,16,17
4068,1,2,3,4,5,6,7,8,9,10,11,12,13,14,15,16,17
4069,1,2,3,4,5,6,7,8,9,10,11,12,13,14,15,16,17
4070,1,2,3,4,5,6,7,8,9,10,11,12,13,14,15,16,17
4071,1,2,3,4,5,6,7,8,9,10,11,12,13,14,15,16,17
4072,1,2,3,4,5,6,7,8,9,10,11,12,13,14,15,16,17
4073,1,2,3,4,5,6,7,8,9,10,11,12,13,14,15,16,17
4074,1,2,3,4,5,6,7,8,9,10,11,12,13,14,15,16,17
4075,1,2,3,4,5,6,7,8,9,10,11,12,13,14,15,16,17
4076,1,2,3,4,5,6,7,8,9,10,11,12,13,14,15,16,17
4077,1,2,3,4,5,6,7,8,9,10,11,12,13,14,15,16,17
4078,1,2,3,4,5,6,7,8,9,10,11,12,13,14,15,16,17
4079,1,2,3,4,5,6,7,8,9,10,11,12,13,14,15,16,17
4080,1,2,3,4,5,6,7,8,9,10,11,12,13,14,15,16,17
4081,1,2,3,4,5,6,7,8,9,10,11,12,13,14,15,16,17
4082,1,2,3,4,5,6,7,8,9,10,11,12,13,14,15,16,17
4083,1,2,3,4,5,6,7,8,9,10,11,12,13,14,15,16,17
4084,1,2,3,4,5,6,7,8,9,10,11,12,13,14,15,16,17
4085,1,3,3,3,5,6,7,3,9,10,3,12,13,14,3,16,17
4086,1,3,3,4,3,6,7,3,9,3,11,12,6,14,15,6,17
4087,1,2,3,4,5,6,7,8,9,10,11,12,13,14,15,16,17
4088,1,2,3,4,5,6,7,8,9,10,11,12,13,14,15,16,17
4089,1,2,3,4,5,6,7,8,9,10,11,12,13,14,15,16,17
4090,1,2,3,4,5,6,7,8,9,10,11,12,13,14,15,16,17
4091,1,2,3,4,5,6,7,8,9,10,11,12,13,14,15,16,17
4092,1,2,3,4,5,6,7,8,9,10,11,12,13,14,15,16,17
4093,1,2,3,4,5,6,7,8,9,10,11,12,13,14,15,16,17
4094,1,2,3,4,5,6,7,8,9,10,11,12,13,14,15,16,17
4095,1,2,3,4,5,6,7,8,9,10,11,12,13,14,15,16,17
4096,1,2,3,4,5,6,7,8,9,10,11,12,13,14,15,16,17
4097,1,2,3,4,5,6,7,8,9,10,11,12,13,14,15,16,17
4098,1,2,3,4,5,6,7,8,9,10,11,12,13,14,15,16,17
4099,1,2,3,4,5,6,7,8,9,10,11,12,13,14,15,16,17
4100,1,2,3,4,5,6,7,8,9,10,11,12,13,14,15,16,17
4101,1,2,3,4,5,6,7,8,9,10,11,12,13,14,15,16,17
4102,1,2,3,4,5,6,7,8,9,10,11,12,13,14,15,16,17
4103,1,2,3,4,5,6,7,8,9,10,11,12,13,14,15,16,17
4104,1,2,3,4,5,6,7,8,9,10,11,12,13,14,15,16,17
4105,1,2,3,4,5,6,7,8,9,10,11,12,13,14,15,16,17
4106,1,2,3,4,5,6,7,8,9,10,11,12,13,14,15,16,17
4107,1,5,3,4,5,6,7,8,9,10,11,12,13,14,15,16,17
4108,1,2,3,4,5,6,7,8,9,10,11,12,13,14,15,16,17
4109,1,2,10,4,5,6,7,8,9,10,11,12,13,14,15,16,17
4110,1,2,3,4,5,6,7,8,9,10,11,12,13,14,15,16,17
4111,1,2,3,4,5,6,7,8,9,10,11,12,13,14,15,16,17
4112,1,2,3,4,5,6,7,8,9,10,11,12,13,14,15,16,17
4113,1,2,3,4,5,6,7,8,9,10,11,12,13,14,15,16,17
4114,1,2,3,4,5,6,7,8,9,10,11,12,13,14,15,16,17
4115,1,2,3,4,5,6,7,8,9,10,11,12,13,14,15,16,17
4116,1,2,3,4,5,6,7,8,9,10,11,12,13,14,15,16,17
4117,1,2,3,4,5,6,7,8,9,10,11,12,13,14,15,16,17
4118,1,2,3,4,5,6,7,8,9,10,11,12,13,14,15,16,17
4119,1,2,3,4,5,6,7,8,9,10,11,12,13,14,15,16,17
4120,1,2,3,4,5,6,7,8,9,10,11,12,13,14,15,16,17
4121,1,2,3,4,5,6,7,8,9,10,11,12,13,14,15,16,17
4122,1,2,3,4,5,6,7,8,9,10,11,12,13,14,15,16,17
4123,1,2,3,4,5,6,7,8,9,10,11,12,13,14,15,16,17
4124,1,2,3,4,5,6,7,8,9,10,11,12,13,14,15,16,17
4125,1,2,3,4,5,6,7,8,9,10,11,12,13,14,15,16,17
4126,1,2,3,4,5,6,7,8,9,10,11,12,13,14,15,16,17
4127,1,2,3,4,5,6,7,8,9,10,11,12,13,14,15,16,17
4128,1,2,3,4,5,6,7,8,9,10,11,12,13,14,15,16,17
4129,1,2,3,4,5,6,7,8,9,10,11,12,13,14,15,16,17
4130,1,2,3,4,5,6,7,8,9,10,11,12,13,14,15,16,17
4131,1,2,3,4,5,6,7,8,9,10,11,12,13,14,15,16,17
4132,1,2,3,4,5,6,7,8,9,10,11,12,13,14,15,16,17
4133,1,2,3,4,5,6,7,8,9,10,11,12,13,14,15,16,17
4134,1,2,3,4,5,6,7,8,9,10,11,12,13,14,15,16,17
4135,1,2,3,4,5,6,7,8,9,10,11,12,13,14,15,16,17
4136,1,2,3,4,5,6,7,8,9,10,11,12,13,14,15,16,17
4137,1,2,3,4,5,6,7,8,9,10,11,12,13,14,15,16,17
4138,1,2,3,4,5,6,7,8,9,10,11,12,13,14,15,16,17
4139,1,2,3,4,5,6,7,8,9,10,11,12,13,14,15,16,17
4140,1,2,3,4,5,6,7,8,9,10,11,12,13,14,15,16,17
4141,1,2,3,4,5,6,7,8,9,10,11,12,13,14,15,16,17
4142,1,2,3,4,5,6,7,8,9,10,11,12,13,14,15,16,17
4143,1,2,3,4,5,6,7,8,9,10,11,12,13,14,15,16,17
4144,1,2,3,4,5,6,7,8,9,10,11,12,13,14,15,16,17
4145,1,2,3,4,5,6,7,8,9,10,11,12,13,14,15,16,17
4146,1,2,3,4,5,6,7,8,9,10,11,12,13,14,15,16,17
4147,1,2,3,4,5,6,7,8,9,10,11,12,13,14,15,16,17
4148,1,2,3,4,5,6,7,8,9,10,11,12,13,14,15,16,17
4149,1,2,3,4,5,6,7,8,9,10,11,12,13,14,15,16,17
4150,1,2,3,4,5,6,7,8,9,10,11,12,13,14,15,16,17
4151,1,2,3,4,5,6,7,8,9,10,11,12,13,14,15,16,17
4152,1,2,3,4,5,6,7,8,9,10,11,12,13,14,15,16,17
4153,1,2,3,4,5,6,7,8,9,10,11,12,13,14,15,16,17
4154,1,2,3,4,5,6,7,8,9,10,11,12,13,14,15,16,17
4155,1,2,3,4,5,6,7,8,9,10,11,12,13,14,15,16,17
4156,1,2,3,4,5,6,7,8,9,10,11,12,13,14,15,16,17
4157,1,2,3,4,5,6,7,8,9,10,11,12,13,14,15,16,17
4158,1,2,3,4,5,6,7,8,9,10,11,12,13,14,15,16,17
4159,1,2,3,4,5,6,7,8,9,10,11,12,13,14,15,16,17
4160,11,2,11,4,12,6,12,8,16,10,11,12,13,16,15,16,17
4161,1,2,3,4,5,6,7,8,9,10,11,12,13,14,15,16,17
4162,1,2,3,4,5,6,7,8,9,10,11,12,13,14,15,16,17
4163,1,2,3,4,5,6,7,8,9,10,11,12,13,14,15,16,17
4164,1,2,3,4,5,6,7,8,9,10,11,12,13,14,15,16,17
4165,1,2,3,4,5,6,7,8,9,10,11,12,13,14,15,16,17
4166,1,2,3,4,5,6,7,8,9,10,11,12,13,14,15,16,17
4167,1,2,3,4,5,6,7,8,9,10,11,12,13,14,15,16,17
4168,1,2,3,4,5,6,7,8,9,10,11,12,13,14,15,16,17
4169,1,2,3,4,5,6,7,8,9,10,11,12,13,14,15,16,17
4170,1,2,3,4,5,6,7,8,9,10,11,12,13,14,15,16,17
4171,1,2,3,4,5,6,7,8,9,10,11,12,13,14,15,16,17
4172,1,2,3,4,5,6,7,8,9,10,11,12,13,14,15,16,17
4173,1,2,3,4,5,6,7,8,9,10,11,12,13,14,15,16,17
4174,1,2,3,4,5,6,7,8,9,10,11,12,13,14,15,16,17
4175,1,2,3,4,5,6,7,8,9,10,11,12,13,14,15,16,17
4176,1,2,3,4,5,6,7,8,9,10,11,12,13,14,15,16,17
4177,1,2,3,4,5,6,7,8,9,10,11,12,13,14,15,16,17
4178,1,2,3,4,5,6,7,8,9,10,11,12,13,14,15,16,17
4179,1,2,3,4,5,6,7,8,9,10,11,12,13,14,15,16,17
4180,1,2,3,4,5,6,7,8,9,10,11,12,13,14,15,16,17
4181,1,2,3,4,5,6,7,8,9,10,11,12,13,14,15,16,17
4182,1,2,3,4,5,6,7,8,9,10,11,12,13,14,15,16,17
4183,1,2,3,4,5,6,7,8,9,10,11,12,13,14,15,16,17
4184,1,2,3,4,5,6,7,8,9,10,11,12,13,14,15,16,17
4185,1,2,3,4,5,6,7,8,9,10,11,12,13,14,15,16,17
4186,1,2,3,4,5,6,7,8,9,10,11,12,13,14,15,16,17
4187,1,3,3,4,4,6,7,8,6,10,6,12,13,6,15,6,17
4188,1,2,3,4,5,6,7,8,9,10,11,12,13,14,15,16,17
4189,1,2,3,4,5,6,7,8,9,10,11,12,13,14,15,16,17
4190,1,2,3,4,5,6,7,8,9,10,11,12,13,14,15,16,17
4191,3,2,3,4,5,6,7,8,3,4,6,12,6,7,8,16,8
4192,1,3,3,4,5,6,7,8,9,4,5,6,13,7,7,7,8
4193,3,2,3,4,5,6,7,3,9,4,11,4,13,6,15,6,17
4194,1,2,3,4,5,6,7,3,9,10,11,3,13,14,15,3,17
4195,1,3,3,4,5,6,7,3,9,10,11,12,13,14,15,16,17
4196,2,2,3,2,5,3,7,8,3,10,11,3,13,14,3,16,17
4197,1,2,3,4,5,6,3,8,9,10,3,12,13,3,15,16,3
4198,1,2,3,4,2,6,7,3,9,10,3,12,13,3,15,16,3
4199,1,2,3,4,5,6,6,8,9,6,11,12,13,6,15,16,6
4200,1,2,8,12,5,16,7,8,9,10,11,12,13,14,15,16,17
4201,1,2,5,7,5,12,7,8,9,10,11,12,13,14,15,16,17
4202,1,8,10,11,13,14,16,8,17,10,11,12,13,14,15,16,17
4203,1,2,3,4,5,6,7,8,9,10,11,12,13,14,15,16,17
4204,1,2,3,4,5,6,7,8,9,10,11,12,13,14,15,16,17
4205,1,2,3,4,5,6,7,8,9,10,11,12,13,14,15,16,17
4206,1,2,3,4,5,6,7,8,9,10,11,12,13,14,15,16,17
4207,1,2,3,4,5,6,7,8,9,10,11,12,13,14,15,16,17
4208,1,2,3,4,5,6,7,8,9,10,11,12,13,14,15,16,17
4209,1,2,3,4,5,6,7,8,9,10,11,12,13,14,15,16,17
4210,1,2,3,4,5,6,7,8,9,10,11,12,13,14,15,16,17
4211,1,2,3,4,5,6,7,8,9,10,11,12,13,14,15,16,17
4212,1,2,3,4,5,6,7,8,9,10,11,12,13,14,15,16,17
4213,1,8,3,4,5,6,7,8,9,10,11,12,13,14,15,16,17
4214,1,11,16,4,5,6,7,8,9,10,11,12,13,14,15,16,17
4215,1,2,3,4,5,6,7,8,9,10,11,12,13,14,15,16,17
4216,1,2,3,4,5,6,7,8,9,10,11,12,13,14,15,16,17
4217,1,2,3,4,5,6,7,8,9,10,11,12,13,14,15,16,17
4218,1,2,3,4,5,6,7,8,9,10,11,12,13,14,15,16,17
4219,1,2,3,4,5,6,7,8,9,10,11,12,13,14,15,16,17
4220,1,2,3,4,5,6,7,8,9,10,11,12,13,14,15,16,17
4221,1,2,3,4,5,6,7,8,9,10,11,12,13,14,15,16,17
4222,1,2,3,4,5,6,7,8,9,10,11,12,13,14,15,16,17
4223,1,2,3,4,5,6,7,8,9,10,11,12,13,14,15,16,17
4224,1,2,3,4,5,6,7,8,9,10,11,12,13,14,15,16,17
4225,1,2,3,4,5,6,7,8,9,10,11,12,13,14,15,16,17
4226,1,2,3,4,5,6,7,8,9,10,11,12,13,14,15,16,17
4227,1,2,3,4,5,6,7,8,9,10,11,12,13,14,15,16,17
4228,1,2,6,4,5,6,7,8,9,10,11,12,13,14,15,16,17
4229,1,2,3,2,5,6,3,8,9,3,11,12,13,3,15,16,3
4230,3,2,3,4,3,6,3,8,9,10,3,12,13,6,15,16,17
4231,1,2,3,3,5,6,7,3,9,10,11,3,13,14,15,3,17
4232,1,2,3,4,5,6,7,8,9,10,11,12,13,14,15,16,17
4233,1,2,3,4,5,6,7,8,9,10,11,12,13,14,15,16,17
4234,1,2,3,4,5,6,7,8,9,10,11,12,13,14,15,16,17
4235,1,2,3,4,5,6,7,8,9,10,11,12,13,14,15,16,17
4236,1,2,3,4,5,6,7,8,9,10,11,12,13,14,15,16,17
4237,1,2,3,4,5,6,7,8,9,10,11,12,13,14,15,16,17
4238,1,2,2,6,5,6,7,8,9,10,11,12,13,14,15,16,17
4239,1,2,15,4,5,6,7,8,9,10,11,12,13,14,15,16,17
4240,1,2,3,4,5,6,7,8,9,10,11,12,13,14,15,16,17
4241,1,2,3,4,5,6,7,8,9,10,11,12,13,14,15,16,17
4242,1,2,3,4,5,6,7,8,9,10,11,12,13,14,15,16,17
4243,1,2,3,4,5,6,7,8,9,10,11,12,13,14,15,16,17
4244,1,2,3,4,5,6,7,8,9,10,11,12,13,14,15,16,17
4245,1,2,3,4,5,6,7,8,9,10,11,12,13,14,15,16,17
4246,1,2,3,4,5,6,7,8,9,10,11,12,13,14,15,16,17
4247,1,2,3,4,5,6,7,8,9,10,11,12,13,14,15,16,17
4248,1,2,3,4,5,6,7,8,9,10,11,12,13,14,15,16,17
4249,1,2,3,4,5,6,7,8,9,10,11,12,13,14,15,16,17
4250,1,2,3,4,5,6,7,8,9,10,11,12,13,14,15,16,17
4251,1,2,3,4,5,6,7,8,9,10,11,12,13,14,15,16,17
4252,1,5,13,4,5,6,7,8,9,10,11,12,13,14,15,16,17
4253,1,2,3,4,5,6,7,8,9,10,11,12,13,14,15,16,17
4254,1,2,3,4,5,6,7,8,9,10,11,12,13,14,15,16,17
4255,1,2,3,4,5,6,7,8,9,10,11,12,13,14,15,16,17
4256,1,2,3,4,5,6,7,8,9,10,11,12,13,14,15,16,17
4257,1,2,3,4,5,6,7,8,9,10,11,12,13,14,15,16,17
4258,1,2,3,4,5,6,7,8,9,10,11,12,13,14,15,16,17
4259,1,2,3,4,5,6,7,8,9,10,11,12,13,14,15,16,17
4260,1,2,3,4,5,6,7,8,9,10,11,12,13,14,15,16,17
4261,1,2,3,4,5,6,7,8,9,10,11,12,13,14,15,16,17
4262,1,2,3,4,5,6,7,8,9,10,11,12,13,14,15,16,17
4263,1,2,3,4,5,6,7,8,9,10,11,12,13,14,15,16,17
4264,1,2,3,4,5,6,7,8,9,10,11,12,13,14,15,16,17
4265,1,2,3,4,5,6,7,8,9,10,11,12,13,14,15,16,17
4266,1,2,3,4,5,6,7,8,9,10,11,12,13,14,15,16,17
4267,1,2,3,4,5,6,7,8,9,10,11,12,13,14,15,16,17
4268,1,2,3,4,5,6,7,8,9,10,11,12,13,14,15,16,17
4269,1,2,3,4,5,6,7,8,9,10,11,12,13,14,15,16,17
4270,1,2,3,4,5,6,7,8,9,10,11,12,13,14,15,16,17
4271,1,2,3,4,5,6,7,8,9,10,11,12,13,14,15,16,17
4272,1,2,3,4,5,6,7,8,9,10,11,12,13,14,15,16,17
4273,1,2,3,4,5,6,7,8,9,10,11,12,13,14,15,16,17
4274,1,2,3,4,5,6,7,8,9,10,11,12,13,14,15,16,17
4275,1,2,3,4,5,6,7,8,9,10,11,12,13,14,15,16,17
4276,1,2,3,4,5,6,7,8,9,10,11,12,13,14,15,16,17
4277,1,2,3,4,5,6,7,8,9,10,11,12,13,14,15,16,17
4278,1,2,3,4,5,6,7,8,9,10,11,12,13,14,15,16,17
4279,1,2,3,4,5,6,7,8,9,10,11,12,13,14,15,16,17
4280,1,2,3,4,5,6,7,8,9,10,11,12,13,14,15,16,17
4281,1,2,3,4,5,6,7,8,9,10,11,12,13,14,15,16,17
4282,1,2,3,4,5,6,7,8,9,10,11,12,13,14,15,16,17
4283,1,2,3,4,5,6,7,8,9,10,11,12,13,14,15,16,17
4284,1,2,3,4,5,6,7,8,9,10,11,12,13,14,15,16,17
4285,1,2,3,4,5,6,7,8,9,10,11,12,13,14,15,16,17
4286,1,2,3,4,5,6,7,8,9,10,11,12,13,14,15,16,17
4287,1,2,3,4,5,6,7,8,9,10,11,12,13,14,15,16,17
4288,1,2,3,4,5,6,7,8,9,10,11,12,13,14,15,16,17
4289,1,2,3,4,5,6,7,8,9,10,11,12,13,14,15,16,17
4290,1,2,3,4,5,6,7,8,9,10,11,12,13,14,15,16,17
4291,1,2,3,4,5,6,7,8,9,10,11,12,13,14,15,16,17
4292,1,2,3,4,5,6,7,8,9,10,11,12,13,14,15,16,17
4293,1,2,3,4,5,6,7,8,9,10,11,12,13,14,15,16,17
4294,1,2,3,4,5,6,7,8,9,10,11,12,13,14,15,16,17
4295,1,2,3,4,5,6,7,8,9,10,11,12,13,14,15,16,17
4296,1,2,3,4,5,6,7,8,9,10,11,12,13,14,15,16,17
4297,1,2,3,4,5,6,7,8,9,10,11,12,13,14,15,16,17
4298,1,2,3,4,5,6,7,8,9,10,11,12,13,14,15,16,17
4299,1,2,3,4,5,6,7,8,9,10,11,12,13,14,15,16,17
4300,1,2,3,4,5,6,7,8,9,10,11,12,13,14,15,16,17
4301,1,2,3,4,5,6,7,8,9,10,11,12,13,14,15,16,17
4302,1,2,3,4,5,6,7,8,9,10,11,12,13,14,15,16,17
4303,1,10,11,12,14,15,7,16,17,10,11,12,13,14,15,16,17
4304,1,2,3,4,5,6,7,8,9,10,11,12,13,14,15,16,17
4305,1,2,3,4,5,6,7,8,9,10,11,12,13,14,15,16,17
4306,1,2,3,4,5,6,7,8,9,10,11,12,13,14,15,16,17
4307,1,2,3,4,5,6,7,8,9,10,11,12,13,14,15,16,17
4308,1,2,3,4,5,6,7,8,9,10,11,12,13,14,15,16,17
4309,1,2,3,4,5,6,7,8,9,10,11,12,13,14,15,16,17
4310,1,2,3,4,5,6,7,8,9,10,11,12,13,14,15,16,17
4311,1,2,3,4,5,6,7,8,9,10,11,12,13,14,15,16,17
4312,1,2,3,4,5,6,7,8,9,10,11,12,13,14,15,16,17
4313,1,2,3,4,5,6,7,8,9,10,11,12,13,14,15,16,17
4314,1,2,3,4,5,6,7,8,9,10,11,12,13,14,15,16,17
4315,1,2,3,4,5,6,7,8,9,10,11,12,13,14,15,16,17
4316,1,2,3,4,5,6,7,8,9,10,11,12,13,14,15,16,17
4317,1,2,3,4,5,6,7,8,9,10,11,12,13,14,15,16,17
4318,1,2,3,4,5,6,7,8,9,10,11,12,13,14,15,16,17
4319,1,2,3,4,5,6,7,8,9,10,11,12,13,14,15,16,17
4320,1,2,3,4,5,6,7,8,9,10,11,12,13,14,15,16,17
4321,1,2,3,4,5,6,7,8,9,10,11,12,13,14,15,16,17
4322,1,2,3,4,5,6,7,8,9,10,11,12,13,14,15,16,17
4323,1,2,3,4,5,6,7,8,9,10,11,12,13,14,15,16,17
4324,1,2,3,4,5,6,7,8,9,10,11,12,13,14,15,16,17
4325,1,2,3,4,5,6,7,8,9,10,11,12,13,14,15,16,17
4326,1,2,3,4,5,6,7,8,9,10,11,12,13,14,15,16,17
4327,1,2,3,4,5,6,7,8,9,10,11,12,13,14,15,16,17
4328,1,2,3,4,5,6,7,8,9,10,11,12,13,14,15,16,17
4329,1,2,3,4,5,6,7,8,9,10,11,12,13,14,15,16,17
4330,1,2,3,4,5,6,7,8,9,10,11,12,13,14,15,16,17
4331,1,2,3,4,5,6,7,8,9,10,11,12,13,14,15,16,17
4332,1,2,3,4,5,6,7,8,9,10,11,12,13,14,15,16,17
4333,1,2,3,4,5,6,7,8,9,10,11,12,13,14,15,16,17
4334,1,2,3,10,5,15,7,8,9,10,11,12,13,14,15,16,17
4335,2,2,3,4,5,6,7,8,2,2,11,3,4,5,15,6,8
4336,3,2,3,4,5,6,3,8,9,4,4,12,6,6,8,16,8
4337,1,3,3,4,4,6,7,8,4,4,11,6,13,6,8,16,8
4338,1,2,3,4,3,6,7,8,3,10,11,3,13,14,15,3,17
4339,1,3,3,4,5,6,3,8,9,10,3,12,13,14,3,16,17
4340,1,2,3,3,5,6,7,3,9,10,11,3,13,14,15,3,17
4341,1,2,3,4,2,6,7,8,2,10,3,12,3,14,3,16,6
4342,1,2,3,2,5,6,2,8,9,2,11,12,2,14,15,5,17
4343,1,2,3,4,3,6,3,8,9,10,3,12,13,3,15,16,6
4344,2,2,3,4,5,6,3,8,9,10,11,12,3,14,15,16,17
4345,1,2,3,4,5,6,7,8,9,10,11,12,13,14,15,16,17
4346,1,2,3,4,5,6,7,8,9,10,11,12,13,14,15,16,17
4347,1,2,3,4,5,6,7,8,9,10,11,12,13,14,15,16,17
4348,1,2,3,4,5,6,7,8,9,10,11,12,13,14,15,16,17
4349,1,2,3,4,5,6,7,8,9,10,11,12,13,14,15,16,17
4350,1,2,3,4,5,6,7,8,9,10,11,12,13,14,15,16,17
4351,1,2,3,4,5,6,7,8,9,10,11,12,13,14,15,16,17
4352,1,2,3,4,5,6,7,8,9,10,11,12,13,14,15,16,17
4353,1,2,3,4,5,6,7,8,9,10,11,12,13,14,15,16,17
4354,1,2,3,4,5,6,7,8,9,10,11,12,13,14,15,16,17
4355,1,2,3,4,5,6,7,8,9,10,11,12,13,14,15,16,17
4356,1,2,8,4,5,6,7,8,9,10,11,12,13,14,15,16,17
4357,1,6,14,4,5,6,7,8,9,10,11,12,13,14,15,16,17
4358,1,2,3,4,5,6,7,8,9,10,11,12,13,14,15,16,17
4359,1,2,3,4,5,6,7,8,9,10,11,12,13,14,15,16,17
4360,1,2,3,4,5,6,7,8,9,10,11,12,13,14,15,16,17
4361,1,2,3,4,5,6,7,8,9,10,11,12,13,14,15,16,17
4362,1,2,3,4,5,6,7,8,9,10,11,12,13,14,15,16,17
4363,1,2,3,4,5,6,7,8,9,10,11,12,13,14,15,16,17
4364,1,2,3,4,5,6,7,8,9,10,11,12,13,14,15,16,17
4365,1,2,3,4,5,6,7,8,9,10,11,12,13,14,15,16,17
4366,1,2,3,4,5,6,7,8,9,10,11,12,13,14,15,16,17
4367,1,2,3,4,5,6,7,8,9,10,11,12,13,14,15,16,17
4368,1,2,3,4,5,6,7,8,9,10,11,12,13,14,15,16,17
4369,1,2,3,4,5,6,7,8,9,10,11,12,13,14,15,16,17
4370,1,2,3,4,5,6,7,8,9,10,11,12,13,14,15,16,17
4371,1,2,3,4,5,6,7,8,9,10,11,12,13,14,15,16,17
4372,1,2,3,4,5,6,7,8,9,10,11,12,13,14,15,16,17
4373,2,2,3,4,2,6,7,2,9,3,11,12,3,14,15,3,17
4374,1,2,2,4,5,6,7,8,9,10,11,12,13,6,15,16,17
4375,1,2,3,4,5,6,7,8,9,10,11,12,13,14,15,16,17
4376,1,2,3,4,5,6,7,8,9,10,11,12,13,14,15,16,17
4377,1,2,3,4,5,6,7,8,9,10,11,12,13,14,15,16,17
4378,1,2,3,4,5,6,7,8,9,10,11,12,13,14,15,16,17
4379,1,2,3,4,5,6,7,8,9,10,11,12,13,14,15,16,17
4380,1,2,3,4,5,6,7,8,9,10,11,12,13,14,15,16,17
4381,1,2,3,4,5,6,7,8,9,10,11,12,13,14,15,16,17
4382,1,2,3,4,5,6,7,8,9,10,11,12,13,14,15,16,17
4383,1,2,3,4,5,6,7,8,9,10,11,12,13,14,15,16,17
4384,1,2,3,4,5,6,7,8,9,10,11,12,13,14,15,16,17
4385,1,2,3,4,5,6,7,8,9,10,11,12,13,14,15,16,17
4386,1,2,3,4,5,6,7,8,9,10,11,12,13,14,15,16,17
4387,1,2,3,4,5,6,7,8,9,10,11,12,13,14,15,16,17
4388,1,2,3,4,5,6,7,8,9,10,11,12,13,14,15,16,17
4389,1,2,3,4,5,6,7,8,9,10,11,12,13,14,15,16,17
4390,1,2,3,4,5,6,7,8,9,10,11,12,13,14,15,16,17
4391,1,2,3,4,5,6,7,8,9,10,11,12,13,14,15,16,17
4392,1,2,3,4,5,6,7,8,9,10,11,12,13,14,15,16,17
4393,1,2,3,4,5,6,7,8,9,10,11,12,13,14,15,16,17
4394,1,6,13,4,5,6,7,8,9,10,11,12,13,14,15,16,17
4395,1,7,10,12,13,15,7,17,9,10,11,12,13,14,15,16,17
4396,1,1,10,4,5,6,7,8,9,10,11,12,13,14,15,16,17
4397,1,2,3,4,5,6,7,8,9,10,11,12,13,14,15,16,17
4398,1,2,3,4,5,6,7,8,9,10,11,12,13,14,15,16,17
4399,1,2,3,4,5,6,7,8,9,10,11,12,13,14,15,16,17
4400,1,2,3,4,5,6,7,8,9,10,11,12,13,14,15,16,17
4401,1,2,3,4,5,6,7,8,9,10,11,12,13,14,15,16,17
4402,1,2,3,4,5,6,7,8,9,10,11,12,13,14,15,16,17
4403,1,2,3,4,5,6,7,8,9,10,11,12,13,14,15,16,17
4404,1,2,3,4,5,6,7,8,9,10,11,12,13,14,15,16,17
4405,1,2,3,4,5,6,7,8,9,10,11,12,13,14,15,16,17
4406,1,2,3,4,5,6,7,8,9,10,11,12,13,14,15,16,17
4407,1,2,3,4,5,6,7,8,9,10,11,12,13,14,15,16,17
4408,1,2,3,4,5,6,7,8,9,10,11,12,13,14,15,16,17
4409,1,2,3,4,5,6,7,8,9,10,11,12,13,14,15,16,17
4410,1,2,3,4,5,6,7,8,9,10,11,12,13,14,15,16,17
4411,1,2,3,4,5,6,7,8,9,10,11,12,13,14,15,16,17
4412,1,2,3,4,5,6,7,8,9,10,11,12,13,14,15,16,17
4413,1,2,3,4,5,6,7,8,9,10,11,12,13,14,15,16,17
4414,1,2,3,4,5,6,7,8,9,10,11,12,13,14,15,16,17
4415,1,2,3,4,5,6,7,8,9,10,11,12,13,14,15,16,17
4416,1,2,3,4,5,6,7,8,9,10,11,12,13,14,15,16,17
4417,1,2,3,4,5,6,7,8,9,10,11,12,13,14,15,16,17
4418,1,2,3,4,5,6,7,8,9,10,11,12,13,14,15,16,17
4419,1,2,3,4,5,6,7,8,9,10,11,12,13,14,15,16,17
4420,1,2,3,4,5,6,7,8,9,10,11,12,13,14,15,16,17
4421,1,2,3,4,5,6,7,8,9,10,11,12,13,14,15,16,17
4422,1,2,3,4,5,6,7,8,9,10,11,12,13,14,15,16,17
4423,1,2,3,4,5,6,7,8,9,10,11,12,13,14,15,16,17
4424,1,2,3,4,5,6,7,8,9,10,11,12,13,14,15,16,17
4425,1,2,3,4,5,6,7,8,9,10,11,12,13,14,15,16,17
4426,1,2,3,4,5,6,7,8,9,10,11,12,13,14,15,16,17
4427,1,2,3,4,5,6,7,8,9,10,11,12,13,14,15,16,17
4428,1,2,3,4,5,6,7,8,9,10,11,12,13,14,15,16,17
4429,1,2,3,4,5,6,7,8,9,10,11,12,13,14,15,16,17
4430,1,2,3,4,5,6,7,8,9,10,11,12,13,14,15,16,17
4431,1,2,3,4,5,6,7,8,9,10,11,12,13,14,15,16,17
4432,1,2,3,4,5,6,7,8,9,10,11,12,13,14,15,16,17
4433,1,2,3,4,5,6,7,8,9,10,11,12,13,14,15,16,17
4434,1,2,3,4,5,6,7,8,9,10,11,12,13,14,15,16,17
4435,1,2,3,4,5,6,7,8,9,10,11,12,13,14,15,16,17
4436,1,2,3,4,5,6,7,8,9,10,11,12,13,14,15,16,17
4437,1,2,3,4,5,6,7,8,9,10,11,12,13,14,15,16,17
4438,1,2,3,4,5,6,7,8,9,10,11,12,13,14,15,16,17
4439,1,2,3,4,5,6,7,8,9,10,11,12,13,14,15,16,17
4440,1,2,3,4,5,6,7,8,9,10,11,12,13,14,15,16,17
4441,1,2,3,4,5,6,7,8,9,10,11,12,13,14,15,16,17
4442,1,2,3,4,5,6,7,8,9,10,11,12,13,14,15,16,17
4443,1,2,3,4,5,6,7,8,9,10,11,12,13,14,15,16,17
4444,1,2,3,4,5,6,7,8,9,10,11,12,13,14,15,16,17
4445,1,2,3,4,5,6,7,8,9,10,11,12,13,14,15,16,17
4446,1,2,3,4,5,6,7,8,9,10,11,12,13,14,15,16,17
4447,1,2,3,4,5,6,7,8,9,10,11,12,13,14,15,16,17
4448,1,2,3,4,5,6,7,8,9,10,11,12,13,14,15,16,17
4449,1,2,3,4,5,6,7,8,9,10,11,12,13,14,15,16,17
4450,1,2,3,4,5,6,7,8,9,10,11,12,13,14,15,16,17
4451,1,2,3,4,5,6,7,8,9,10,11,12,13,14,15,16,17
4452,1,2,3,4,5,6,7,8,9,10,11,12,13,14,15,16,17
4453,1,2,3,4,5,6,7,8,9,10,11,12,13,14,15,16,17
4454,1,2,3,4,5,6,7,8,9,10,11,12,13,14,15,16,17
4455,1,2,3,4,5,6,7,8,9,10,11,12,13,14,15,16,17
4456,1,2,3,4,5,6,7,8,9,10,11,12,13,14,15,16,17
4457,1,2,3,4,5,6,7,8,9,10,11,12,13,14,15,16,17
4458,1,2,3,4,5,6,7,8,9,10,11,12,13,14,15,16,17
4459,1,2,3,4,5,6,7,8,9,10,11,12,13,14,15,16,17
4460,1,2,3,4,5,6,7,8,9,10,11,12,13,14,15,16,17
4461,1,2,3,4,5,6,7,8,9,10,11,12,13,14,15,16,17
4462,1,2,3,4,5,6,7,8,9,10,11,12,13,14,15,16,17
4463,1,2,3,4,5,6,7,8,9,10,11,12,13,14,15,16,17
4464,1,2,3,4,5,6,7,8,9,10,11,12,13,14,15,16,17
4465,1,2,3,4,5,6,7,8,9,10,11,12,13,14,15,16,17
4466,1,2,3,4,5,6,7,8,9,10,11,12,13,14,15,16,17
4467,1,2,3,4,5,6,7,8,9,10,11,12,13,14,15,16,17
4468,1,2,3,4,5,6,7,8,9,10,11,12,13,14,15,16,17
4469,1,2,3,4,5,6,7,8,9,10,11,12,13,14,15,16,17
4470,1,2,3,4,5,6,7,8,9,10,11,12,13,14,15,16,17
4471,1,2,3,4,5,6,7,8,9,10,11,12,13,14,15,16,17
4472,1,2,3,4,5,6,7,8,9,10,11,12,13,14,15,16,17
4473,1,2,3,4,5,6,7,8,9,10,11,12,13,14,15,16,17
4474,1,2,3,4,5,6,7,8,9,10,11,12,13,14,15,16,17
4475,1,2,3,4,5,6,7,8,9,10,11,12,13,14,15,16,17
4476,1,2,3,4,5,6,7,8,9,10,11,12,13,14,15,16,17
4477,1,2,3,4,5,6,7,8,9,10,11,12,13,14,15,16,17
4478,1,2,3,4,5,6,2,8,3,10,3,12,3,14,4,16,6
4479,2,2,3,4,5,6,3,8,9,4,4,6,13,6,8,8,17
4480,2,2,3,4,5,6,2,8,3,10,3,12,3,14,15,6,17
4481,1,2,3,4,5,6,7,8,9,10,11,12,13,14,15,16,17
4482,1,2,3,4,5,6,7,8,9,10,11,12,13,14,15,16,17
4483,1,2,3,4,5,6,7,8,9,10,11,12,13,14,15,16,17
4484,1,2,3,4,5,6,7,8,9,10,11,12,13,14,15,16,17
4485,1,2,3,4,5,6,7,8,9,10,11,12,13,14,15,16,17
4486,1,2,3,4,5,6,7,8,9,10,11,12,13,14,15,16,17
4487,1,2,3,4,5,6,7,8,9,10,11,12,13,14,15,16,17
4488,1,2,3,4,5,6,7,8,9,10,11,12,13,14,15,16,17
4489,1,2,3,4,5,6,7,8,9,10,11,12,13,14,15,16,17
4490,1,2,3,4,5,6,7,8,9,10,11,12,13,14,15,16,17
4491,1,2,3,4,5,6,7,8,9,10,11,12,13,14,15,16,17
4492,1,2,3,4,5,6,7,8,9,10,11,12,13,14,15,16,17
4493,1,2,3,4,5,6,7,8,9,10,11,12,13,14,15,16,17
4494,1,2,3,4,5,6,7,8,9,10,11,12,13,14,15,16,17
4495,1,2,3,4,5,6,7,8,9,10,11,12,13,14,15,16,17
4496,1,2,3,4,5,6,7,8,9,10,11,12,13,14,15,16,17
4497,1,2,3,4,5,6,7,8,9,10,11,12,13,14,15,16,17
4498,1,2,3,4,5,6,7,8,9,10,11,12,13,14,15,16,17
4499,1,2,3,4,5,6,7,8,9,10,11,12,13,14,15,16,17
4500,1,2,3,4,5,6,7,8,9,10,11,12,13,14,15,16,17
4501,1,2,3,4,5,6,7,8,9,10,11,12,13,14,15,16,17
4502,1,2,3,4,5,6,7,8,9,10,11,12,13,14,15,16,17
4503,1,2,3,4,5,6,7,8,9,10,11,12,13,14,15,16,17
4504,1,2,3,4,5,6,7,8,9,10,11,12,13,14,15,16,17
4505,1,2,3,4,5,6,7,8,9,10,11,12,13,14,15,16,17
4506,1,2,3,4,5,6,7,8,9,10,11,12,13,14,15,16,17
4507,1,2,3,4,5,6,7,8,9,10,11,12,13,14,15,16,17
4508,1,2,3,4,5,6,7,8,9,10,11,12,13,14,15,16,17
4509,1,2,3,4,5,6,7,8,9,10,11,12,13,14,15,16,17
4510,1,2,3,4,5,6,7,8,9,10,11,12,13,14,15,16,17
4511,1,2,3,4,5,6,7,8,9,10,11,12,13,14,15,16,17
4512,1,2,3,4,5,6,7,8,9,10,11,12,13,14,15,16,17
4513,1,2,3,4,5,6,7,8,9,10,11,12,13,14,15,16,17
4514,1,2,3,4,5,6,7,8,9,10,11,12,13,14,15,16,17
4515,1,2,3,4,5,6,7,8,9,10,11,12,13,14,15,16,17
4516,1,2,3,4,5,6,7,8,9,10,11,12,13,14,15,16,17
4517,1,2,3,4,5,6,7,8,9,10,11,12,13,14,15,16,17
4518,1,2,3,4,5,6,7,8,9,10,11,12,13,14,15,16,17
4519,1,2,3,4,5,6,7,8,9,10,11,12,13,14,15,16,17
4520,1,2,3,4,5,6,7,8,9,10,11,12,13,14,15,16,17
4521,1,2,3,4,5,6,7,8,9,10,11,12,13,14,15,16,17
4522,1,2,3,4,5,6,7,8,9,10,11,12,13,14,15,16,17
4523,1,2,3,4,5,6,7,8,9,10,11,12,13,14,15,16,17
4524,1,2,3,4,5,6,7,8,9,10,11,12,13,14,15,16,17
4525,1,2,3,4,5,6,7,8,9,10,11,12,13,14,15,16,17
4526,1,2,3,4,5,6,7,8,9,10,11,12,13,14,15,16,17
4527,1,2,3,4,5,6,7,8,9,10,11,12,13,14,15,16,17
4528,1,2,3,4,5,6,7,8,9,10,11,12,13,14,15,16,17
4529,1,2,3,4,5,6,7,8,9,10,11,12,13,14,15,16,17
4530,1,2,3,4,5,6,7,8,9,10,11,12,13,14,15,16,17
4531,1,2,3,4,5,6,7,8,9,10,11,12,13,14,15,16,17
4532,1,2,3,4,5,6,7,8,9,10,11,12,13,14,15,16,17
4533,1,2,3,4,5,6,7,8,9,10,11,12,13,14,15,16,17
4534,1,2,3,4,5,6,7,8,9,10,11,12,13,14,15,16,17
4535,1,2,3,4,5,6,7,8,9,10,11,12,13,14,15,16,17
4536,1,2,3,4,5,6,7,8,9,10,11,12,13,14,15,16,17
4537,1,7,11,4,5,16,7,8,9,10,11,12,13,14,15,16,17
4538,1,7,10,14,5,17,7,8,9,10,11,12,13,14,15,16,17
4539,1,2,3,4,5,6,7,8,9,10,11,12,13,14,15,16,17
4540,1,2,3,4,5,6,7,8,9,10,11,12,13,14,15,16,17
4541,1,2,3,4,5,6,7,8,9,10,11,12,13,14,15,16,17
4542,1,2,3,4,5,6,7,8,9,10,11,12,13,14,15,16,17
4543,1,2,3,4,5,6,7,8,9,10,11,12,13,14,15,16,17
4544,1,2,3,4,5,6,7,8,9,10,11,12,13,14,15,16,17
4545,1,2,3,4,5,6,7,8,9,10,11,12,13,14,15,16,17
4546,1,2,3,4,5,6,7,8,9,10,11,12,13,14,15,16,17
4547,1,2,3,4,5,6,7,8,9,10,11,12,13,14,15,16,17
4548,1,2,3,4,5,6,7,8,9,10,11,12,13,14,15,16,17
4549,1,2,3,4,5,6,7,8,9,10,11,12,13,14,15,16,17
4550,1,2,3,4,5,6,7,8,9,10,11,12,13,14,15,16,17
4551,1,2,3,4,5,6,7,8,9,10,11,12,13,14,15,16,17
4552,1,2,3,4,5,6,7,8,9,10,11,12,13,14,15,16,17
4553,1,2,3,4,5,6,7,8,9,10,11,12,13,14,15,16,17
4554,1,2,3,4,5,6,7,8,9,10,11,12,13,14,15,16,17
4555,1,2,3,4,5,6,7,8,9,10,11,12,13,14,15,16,17
4556,1,2,3,4,5,6,7,8,9,10,11,12,13,14,15,16,17
4557,1,2,3,4,5,6,7,8,9,10,11,12,13,14,15,16,17
4558,1,2,3,4,5,6,7,8,9,10,11,12,13,14,15,16,17
4559,1,2,3,4,5,6,7,8,9,10,11,12,13,14,15,16,17
4560,1,2,3,4,5,6,7,8,9,10,11,12,13,14,15,16,17
4561,1,2,3,4,5,6,7,8,9,10,11,12,13,14,15,16,17
4562,1,2,3,4,5,6,7,8,9,10,11,12,13,14,15,16,17
4563,1,2,3,4,5,6,7,8,9,10,11,12,13,14,15,16,17
4564,1,2,3,4,5,6,7,8,9,10,11,12,13,14,15,16,17
4565,1,2,3,4,5,6,7,8,9,10,11,12,13,14,15,16,17
4566,1,2,3,4,5,6,7,8,9,10,11,12,13,14,15,16,17
4567,1,2,3,4,5,6,7,8,9,10,11,12,13,14,15,16,17
4568,1,2,3,4,5,6,7,8,9,10,11,12,13,14,15,16,17
4569,1,2,3,4,5,6,7,8,9,10,11,12,13,14,15,16,17
4570,1,2,3,4,5,6,7,8,9,10,11,12,13,14,15,16,17
4571,1,2,3,4,5,6,7,8,9,10,11,12,13,14,15,16,17
4572,1,2,3,4,5,6,7,8,9,10,11,12,13,14,15,16,17
4573,1,2,3,4,5,6,7,8,9,10,11,12,13,14,15,16,17
4574,1,2,3,4,5,6,7,8,9,10,11,12,13,14,15,16,17
4575,1,2,3,4,5,6,7,8,9,10,11,12,13,14,15,16,17
4576,1,2,3,4,5,6,7,8,9,10,11,12,13,14,15,16,17
4577,1,2,3,4,5,6,7,8,9,10,11,12,13,14,15,16,17
4578,1,2,3,4,5,6,7,8,9,10,11,12,13,14,15,16,17
4579,1,2,3,4,5,6,7,8,9,10,11,12,13,14,15,16,17
4580,1,2,3,4,5,6,7,8,9,10,11,12,13,14,15,16,17
4581,1,2,3,4,5,6,7,8,9,10,11,12,13,14,15,16,17
4582,1,2,3,4,5,6,7,8,9,10,10,16,17,14,15,16,17
4583,3,2,3,4,4,6,7,8,9,10,6,7,8,14,9,10,14
4584,2,2,3,4,5,6,7,8,9,3,3,4,6,7,7,8,9
4585,1,3,3,4,5,6,7,8,9,3,11,3,4,14,4,16,6
4586,1,2,3,4,5,6,7,8,9,10,11,12,13,14,15,16,17
4587,1,2,3,4,5,6,7,8,9,10,11,12,13,14,15,16,17
4588,1,2,3,4,5,6,7,8,9,10,11,12,13,14,15,16,17
4589,1,2,3,4,5,6,7,8,9,10,11,12,13,14,15,16,17
4590,1,2,3,4,5,6,7,8,9,10,11,12,13,14,15,16,17
4591,1,2,3,4,5,6,7,8,9,10,11,12,13,14,15,16,17
4592,1,2,3,4,5,6,7,8,9,10,11,12,13,14,15,16,17
4593,1,2,3,4,5,6,7,8,9,10,11,12,13,14,15,16,17
4594,1,2,3,4,5,6,7,8,9,10,11,12,13,14,15,16,17
4595,1,2,3,4,5,6,7,8,9,10,11,12,13,14,15,16,17
4596,1,2,3,4,5,6,7,8,9,10,11,12,13,14,15,16,17
4597,1,2,3,4,5,6,7,8,9,10,11,12,13,14,15,16,17
4598,1,2,3,4,5,6,7,8,9,10,11,12,13,14,15,16,17
4599,1,2,3,4,5,6,7,8,9,10,11,12,13,14,15,16,17
4600,1,2,3,4,5,6,7,8,9,10,11,12,13,14,15,16,17
4601,1,2,3,4,5,6,7,8,9,10,11,12,13,14,15,16,17
4602,1,2,3,4,5,6,7,8,9,10,11,12,13,14,15,16,17
4603,1,6,14,4,5,6,7,8,9,10,11,12,13,14,15,16,17
4604,2,2,2,2,5,2,7,8,9,10,11,12,13,14,15,16,17
4605,2,2,2,4,5,2,7,8,5,10,8,12,8,14,15,8,17
4606,2,2,3,4,5,6,2,8,9,10,2,12,13,2,15,16,17
4607,1,2,3,4,5,6,7,8,9,10,11,12,13,14,15,16,17
4608,1,2,3,4,5,6,7,8,9,10,11,12,13,14,15,16,17
4609,1,2,3,4,5,6,7,8,9,10,11,12,13,14,15,16,17
4610,1,2,3,4,5,6,7,8,9,10,11,12,13,14,15,16,17
4611,1,2,3,4,5,6,7,8,9,10,11,12,13,14,15,16,17
4612,1,2,3,4,5,6,7,8,9,10,11,12,13,14,15,16,17
4613,1,2,3,4,5,6,7,8,9,10,11,12,13,14,15,16,17
4614,1,2,3,4,5,6,7,8,9,10,11,12,13,14,15,16,17
4615,1,2,3,4,5,6,7,8,9,10,11,12,13,14,15,16,17
4616,1,2,3,4,5,6,7,8,9,10,11,12,13,14,15,16,17
4617,1,2,3,4,5,6,7,8,9,10,11,12,13,14,15,16,17
4618,1,2,3,4,5,6,7,8,9,10,11,12,13,14,15,16,17
4619,1,2,3,4,5,6,7,8,9,10,11,12,13,14,15,16,17
4620,1,2,3,4,5,6,7,8,9,10,11,12,13,14,15,16,17
4621,3,2,3,4,5,3,7,8,9,3,11,12,13,3,15,16,17
4622,1,2,3,3,5,6,7,3,9,10,11,3,13,14,15,3,17
4623,1,2,3,4,5,6,7,8,9,10,11,12,13,14,15,16,17
4624,1,2,3,4,5,6,7,8,9,10,11,12,13,14,15,16,17
4625,1,2,3,4,5,6,7,8,9,10,11,12,13,14,15,16,17
4626,1,2,3,4,5,6,7,8,9,10,11,12,13,14,15,16,17
4627,1,2,3,4,5,6,7,8,9,10,11,12,13,14,15,16,17
4628,1,2,3,4,5,6,7,8,9,10,11,12,13,14,15,16,17
4629,1,2,3,4,5,6,7,8,9,10,11,12,13,14,15,16,17
4630,1,2,3,4,5,6,7,8,9,10,11,12,13,14,15,16,17
4631,1,2,3,4,5,6,7,8,9,10,11,12,13,14,15,16,17
4632,1,2,3,4,5,6,7,8,9,10,11,12,13,14,15,16,17
4633,1,2,3,4,5,6,7,8,9,10,11,12,13,14,15,16,17
4634,1,2,3,4,5,6,7,8,9,10,11,12,13,14,15,16,17
4635,1,2,3,4,5,6,7,8,9,10,11,12,13,14,15,16,17
4636,1,2,3,4,5,6,7,8,9,10,11,12,13,14,15,16,17
4637,1,2,3,4,5,6,7,8,9,10,11,12,13,14,15,16,17
4638,1,2,3,4,5,6,7,8,9,10,11,12,13,14,15,16,17
4639,1,2,3,4,5,6,7,8,9,10,11,12,13,14,15,16,17
4640,1,2,3,4,5,6,7,8,9,10,11,12,13,14,15,16,17
4641,1,2,3,4,5,6,7,8,9,10,11,12,13,14,15,16,17
4642,1,2,3,4,5,6,7,8,9,10,11,12,13,14,15,16,17
4643,1,2,3,4,5,6,7,8,9,10,11,12,13,14,15,16,17
4644,1,2,3,4,5,6,7,8,9,10,11,12,13,14,15,16,17
4645,1,2,3,4,5,6,7,8,9,10,11,12,13,14,15,16,17
4646,1,2,3,4,5,6,7,8,9,10,11,12,13,14,15,16,17
4647,1,2,3,4,5,6,7,8,9,10,11,12,13,14,15,16,17
4648,1,2,3,4,5,6,7,8,9,10,11,12,13,14,15,16,17
4649,1,2,3,4,5,6,7,8,9,10,11,12,13,14,15,16,17
4650,1,2,3,4,5,6,7,8,9,10,11,12,13,14,15,16,17
4651,1,2,3,4,5,6,7,8,9,10,11,12,13,14,15,16,17
4652,1,2,3,4,5,6,7,8,9,10,11,12,13,14,15,16,17
4653,1,2,3,4,5,6,7,8,9,10,11,12,13,14,15,16,17
4654,1,2,3,4,5,6,7,8,9,10,11,12,13,14,15,16,17
4655,1,2,3,4,5,6,7,8,9,10,11,12,13,14,15,16,17
4656,1,2,3,4,5,6,7,8,9,10,11,12,13,14,15,16,17
4657,1,2,3,4,5,6,7,8,9,10,11,12,13,14,15,16,17
4658,1,2,3,4,5,6,7,8,9,10,11,12,13,14,15,16,17
4659,1,2,3,4,5,6,7,8,9,10,11,12,13,14,15,16,17
4660,1,2,3,4,5,6,7,8,9,10,11,12,13,14,15,16,17
4661,1,2,3,4,5,6,7,8,9,10,11,12,13,14,15,16,17
4662,1,2,3,4,5,6,7,8,9,10,11,12,13,14,15,16,17
4663,1,2,3,4,5,6,7,8,9,10,11,12,13,14,15,16,17
4664,1,2,3,4,5,6,7,8,9,10,11,12,13,14,15,16,17
4665,1,2,3,4,5,6,7,8,9,10,11,12,13,14,15,16,17
4666,1,2,3,4,5,6,7,8,9,10,11,12,13,14,15,16,17
4667,1,2,3,4,5,6,7,8,9,10,11,12,13,14,15,16,17
4668,1,2,3,4,5,6,7,8,9,10,11,12,13,14,15,16,17
4669,1,2,3,4,5,6,7,8,9,10,11,12,13,14,15,16,17
4670,1,2,3,4,5,6,7,8,9,10,11,12,13,14,15,16,17
4671,1,2,3,4,5,6,7,8,9,10,11,12,13,14,15,16,17
4672,1,2,3,4,5,6,7,8,9,10,11,12,13,14,15,16,17
4673,1,2,3,4,5,6,7,8,9,10,11,12,13,14,15,16,17
4674,1,2,3,4,5,6,7,8,9,10,11,12,13,14,15,16,17
4675,1,2,3,4,5,6,7,8,9,10,11,12,13,14,15,16,17
4676,1,2,3,4,5,6,7,8,9,10,11,12,13,14,15,16,17
4677,1,2,3,4,5,6,7,8,9,10,11,12,13,14,15,16,17
4678,1,2,3,4,5,6,7,8,9,10,11,12,13,14,15,16,17
4679,1,2,3,4,5,6,7,8,9,10,11,12,13,14,15,16,17
4680,1,2,3,4,5,6,7,8,9,10,11,12,13,14,15,16,17
4681,1,2,3,4,5,6,7,8,9,10,11,12,13,14,15,16,17
4682,1,2,3,4,5,6,7,8,9,10,11,12,13,14,15,16,17
4683,1,2,3,4,5,6,7,8,9,10,11,12,13,14,15,16,17
4684,1,2,3,4,5,6,7,8,9,10,11,12,13,14,15,16,17
4685,1,2,3,4,5,6,7,8,9,10,11,12,13,14,15,16,17
4686,1,2,3,4,5,6,7,8,9,10,11,12,13,14,15,16,17
4687,1,2,3,4,5,6,7,8,9,10,11,12,13,14,15,16,17
4688,1,2,3,4,5,6,7,8,9,10,11,12,13,14,15,16,17
4689,1,2,3,4,5,6,7,8,9,10,11,12,13,14,15,16,17
4690,1,2,3,4,5,6,7,8,9,10,11,12,13,14,15,16,17
4691,1,2,3,4,5,6,7,8,9,10,11,12,13,14,15,16,17
4692,1,2,3,4,5,6,7,8,9,10,11,12,13,14,15,16,17
4693,1,2,3,4,5,6,7,8,9,10,11,12,13,14,15,16,17
4694,1,2,3,4,5,6,7,8,9,10,11,12,13,14,15,16,17
4695,1,2,3,4,5,6,7,8,9,10,11,12,13,14,15,16,17
4696,1,2,3,4,5,6,7,8,9,10,11,12,13,14,15,16,17
4697,1,2,3,4,5,6,7,8,9,10,11,12,13,14,15,16,17
4698,1,2,3,4,5,6,7,8,9,10,11,12,13,14,15,16,17
4699,1,2,3,4,5,6,7,8,9,10,11,12,13,14,15,16,17
4700,1,2,3,4,5,6,7,8,9,10,11,12,13,14,15,16,17
4701,1,2,3,4,5,6,7,8,9,10,11,12,13,14,15,16,17
4702,1,2,3,4,5,6,7,8,9,10,11,12,13,14,15,16,17
4703,1,2,3,4,5,6,7,8,9,10,11,12,13,14,15,16,17
4704,1,2,3,4,5,6,7,8,9,10,11,12,13,14,15,16,17
4705,1,2,3,4,5,6,7,8,9,10,11,12,13,14,15,16,17
4706,1,2,3,4,5,6,7,8,9,10,11,12,13,14,15,16,17
4707,1,2,3,4,5,6,7,8,9,10,11,12,13,14,15,16,17
4708,1,2,3,4,5,6,7,8,9,10,11,12,13,14,15,16,17
4709,1,2,3,4,5,6,7,8,9,10,11,12,13,14,15,16,17
4710,1,2,3,4,5,6,7,8,9,10,11,12,13,14,15,16,17
4711,1,2,3,4,5,6,7,8,9,10,11,12,13,14,15,16,17
4712,1,2,3,4,5,6,7,8,9,10,11,12,13,14,15,16,17
4713,1,2,3,4,5,6,7,8,9,10,11,12,13,14,15,16,17
4714,1,2,3,4,5,6,7,8,9,10,11,12,13,14,15,16,17
4715,1,2,3,4,5,6,7,8,9,10,11,12,13,14,15,16,17
4716,1,2,3,4,5,6,7,8,9,10,11,12,13,14,15,16,17
4717,1,2,3,4,5,6,7,8,9,10,11,12,13,14,15,16,17
4718,1,2,3,4,5,6,7,8,9,10,11,12,13,14,15,16,17
4719,1,2,3,4,5,6,7,8,9,10,11,12,13,14,15,16,17
4720,1,2,3,4,5,6,7,8,9,10,11,12,13,14,15,16,17
4721,1,2,3,4,5,6,7,8,9,10,11,12,13,14,15,16,17
4722,1,2,3,4,5,6,7,8,9,10,11,12,13,14,15,16,17
4723,1,2,12,4,5,6,7,12,9,10,11,12,13,14,15,12,17
4724,11,2,11,4,5,12,7,12,9,10,11,12,13,14,12,16,17
4725,1,1,1,4,5,5,5,13,16,10,11,12,13,14,17,16,17
4726,4,2,4,4,5,5,7,5,9,10,5,12,13,14,9,16,17
4727,2,2,2,4,5,2,7,2,9,4,11,4,13,7,15,9,17
4728,1,2,3,2,5,6,7,8,9,3,11,3,13,3,8,16,8
4729,2,2,3,4,3,4,7,8,9,4,11,4,13,8,15,8,17
4730,1,2,4,4,5,4,4,8,9,10,5,12,5,14,5,16,9
4731,1,1,3,4,5,6,5,8,9,10,11,5,5,14,10,11,17
4732,1,13,3,4,13,6,7,16,9,10,16,12,13,16,15,16,16
4733,5,2,3,4,5,6,7,8,9,10,11,5,5,11,15,11,17
4734,1,2,3,4,5,6,7,8,9,10,11,12,13,14,15,16,17
4735,1,2,3,4,5,6,7,8,9,10,11,12,13,14,15,16,17
4736,1,2,3,4,5,6,7,8,9,10,11,12,13,14,15,16,17
4737,1,2,3,4,5,6,7,8,9,10,11,12,13,14,15,16,17
4738,1,2,3,4,5,6,7,8,9,10,11,12,13,14,15,16,17
4739,1,2,3,4,5,6,7,8,9,10,11,12,13,14,15,16,17
4740,1,2,3,4,5,6,7,8,9,10,11,12,13,14,15,16,17
4741,1,2,3,4,5,6,7,8,9,10,11,12,13,14,15,16,17
4742,1,2,3,4,5,6,7,8,9,10,11,12,13,14,15,16,17
4743,1,2,3,4,5,6,7,8,9,10,11,12,13,14,15,16,17
4744,1,2,2,4,5,6,7,8,9,10,11,12,13,14,15,16,4
4745,1,1,10,12,5,13,14,15,16,10,11,12,13,14,15,16,17
4746,1,2,1,11,5,11,11,8,12,12,11,12,16,17,15,16,17
4747,1,2,3,12,5,6,7,12,9,10,11,12,13,12,15,16,12
4748,5,2,12,4,5,12,7,12,9,13,11,12,13,14,15,13,17
4749,1,5,3,5,5,5,7,10,9,10,10,12,10,14,15,12,17
4750,2,2,2,4,5,6,7,8,2,6,11,7,13,8,15,8,17
4751,1,2,3,4,5,6,7,8,9,10,11,12,13,14,15,16,17
4752,1,2,3,4,5,6,7,8,9,10,11,12,13,14,15,16,17
4753,1,2,3,4,5,6,7,8,9,10,11,12,13,14,15,16,17
4754,1,2,3,4,5,6,7,8,9,10,11,12,13,14,15,16,17
4755,1,2,3,4,5,6,7,8,9,10,11,12,13,14,15,16,17
4756,1,2,3,4,5,6,7,8,9,10,11,12,13,14,15,16,17
4757,1,2,3,4,5,6,7,8,9,10,11,12,13,14,15,16,17
4758,1,2,3,4,5,6,7,8,9,10,11,12,13,14,15,16,17
4759,1,2,3,4,5,6,7,8,9,10,11,12,13,14,15,16,17
4760,1,2,3,4,5,6,7,8,9,10,11,12,13,14,15,16,17
4761,1,2,3,4,5,6,7,8,9,10,11,12,13,14,15,16,17
4762,1,2,3,4,5,6,7,8,9,10,11,12,13,14,15,16,17
4763,1,2,3,4,5,6,7,8,9,10,11,12,13,14,15,16,17
4764,1,2,3,4,5,6,7,8,9,10,11,12,13,14,15,16,17
4765,1,2,3,4,5,6,7,8,9,10,11,12,13,14,15,16,17
4766,1,2,3,4,5,6,7,8,9,10,11,12,13,14,15,16,17
4767,1,2,3,4,5,6,7,8,9,10,11,12,13,14,15,16,17
4768,1,2,3,4,5,6,7,8,9,10,11,12,13,14,15,16,17
4769,1,2,3,4,5,6,7,8,9,10,11,12,13,14,15,16,17
4770,1,2,3,4,5,6,7,8,9,10,11,12,13,14,15,16,17
4771,1,2,3,4,5,6,7,8,9,10,11,12,13,14,15,16,17
4772,1,2,3,4,5,6,7,8,9,10,11,12,13,14,15,16,17
4773,1,2,3,4,5,6,7,8,9,10,11,12,13,14,15,16,17
4774,1,2,3,4,5,6,7,8,9,10,11,12,13,14,15,16,17
4775,1,2,3,4,5,6,7,8,9,10,11,12,13,14,15,16,17
4776,1,2,3,4,5,6,7,8,9,10,11,12,13,14,15,16,17
4777,1,2,3,4,5,6,7,8,9,10,11,12,13,14,15,16,17
4778,1,2,3,4,5,6,7,8,9,10,11,12,13,14,15,16,17
4779,1,2,3,4,5,6,7,8,9,10,11,12,13,14,15,16,17
4780,1,2,3,4,5,6,7,8,9,10,11,12,13,14,15,16,17
4781,1,2,3,4,5,6,7,8,9,10,11,12,13,14,15,16,17
4782,1,2,3,4,5,6,7,8,9,10,11,12,13,14,15,16,17
4783,1,2,3,4,5,6,7,8,9,10,11,12,13,14,15,16,17
4784,1,2,3,4,5,6,7,8,9,10,11,12,13,14,15,16,17
4785,1,2,3,4,5,6,7,8,9,10,11,12,13,14,15,16,17
4786,1,2,3,4,5,6,7,8,9,10,11,12,13,14,15,16,17
4787,1,2,3,4,5,6,7,8,9,10,11,12,13,14,15,16,17
4788,1,2,3,4,5,6,7,8,9,10,11,12,13,14,15,16,17
4789,1,2,3,4,5,6,7,8,9,10,11,12,13,14,15,16,17
4790,1,2,3,4,5,6,7,8,9,10,11,12,13,14,15,16,17
4791,1,2,3,4,5,6,7,8,9,10,11,12,13,14,15,16,17
4792,1,2,3,4,5,6,7,8,9,10,11,12,13,14,15,16,17
4793,1,2,3,4,5,6,7,8,9,10,11,12,13,14,15,16,17
4794,1,2,3,4,5,6,7,8,9,10,11,12,13,14,15,16,17
4795,1,2,3,4,5,6,7,8,9,10,11,12,13,14,15,16,17
4796,1,2,3,4,5,6,7,8,9,10,11,12,13,14,15,16,17
4797,1,2,3,4,5,6,7,8,9,10,11,12,13,14,15,16,17
4798,2,2,3,4,5,2,7,8,2,10,11,2,13,14,3,16,17
4799,1,2,3,4,2,6,7,2,9,10,11,2,13,14,15,2,17
4800,1,2,3,4,5,6,7,8,9,10,11,12,13,14,15,16,17
4801,1,2,3,4,5,6,7,8,9,10,11,12,13,14,15,16,17
4802,1,2,3,4,5,6,7,8,9,10,11,12,13,14,15,16,17
4803,1,2,3,4,5,6,7,8,9,10,11,12,13,14,15,16,17
4804,1,2,3,4,5,6,7,8,9,10,11,12,13,14,15,16,17
4805,1,2,3,4,5,6,7,8,9,10,11,12,13,14,15,16,17
4806,1,2,3,4,5,6,7,8,9,10,11,12,13,14,15,16,17
4807,1,2,3,4,5,6,7,8,9,10,11,12,13,14,15,16,17
4808,1,2,3,4,5,6,7,8,9,10,11,12,13,14,15,16,17
4809,1,2,3,4,5,6,7,8,9,10,11,12,13,14,15,16,17
4810,1,2,3,4,5,6,7,8,9,10,11,12,13,14,15,16,17
4811,1,2,3,4,5,6,7,8,9,10,11,12,13,14,15,16,17
4812,1,2,3,4,5,6,7,8,9,10,11,12,13,14,15,16,17
4813,1,2,3,4,5,6,7,8,9,10,11,12,13,14,15,16,17
4814,1,2,3,4,5,6,7,8,9,10,11,12,13,14,15,16,17
4815,1,2,3,4,5,6,7,8,9,10,11,12,13,14,15,16,17
4816,1,2,3,4,5,6,7,8,9,10,11,12,13,14,15,16,17
4817,1,2,3,4,5,6,7,8,9,10,11,12,13,14,15,16,17
4818,1,2,3,4,5,6,7,8,9,10,11,12,13,14,15,16,17
4819,1,2,3,4,5,2,7,8,9,10,11,12,13,14,15,16,17
4820,1,2,2,4,5,6,7,8,9,10,11,12,13,14,15,16,17
4821,1,2,3,4,5,6,7,8,9,10,11,12,13,14,15,16,17
4822,1,2,3,4,5,6,7,8,9,10,11,12,13,14,15,16,17
4823,1,2,3,4,5,6,7,8,9,10,11,12,13,14,15,16,17
4824,1,2,3,4,5,6,7,8,9,10,11,12,13,14,15,16,17
4825,1,2,3,4,5,6,7,8,9,10,11,12,13,14,15,16,17
4826,1,2,3,4,5,6,7,8,9,10,11,12,13,14,15,16,17
4827,1,2,3,4,5,6,7,8,9,10,11,12,13,14,15,16,17
4828,1,2,3,4,5,6,7,8,9,10,11,12,13,14,15,16,17
4829,1,2,3,4,5,6,7,8,9,10,11,12,13,14,15,16,17
4830,1,2,3,4,5,6,7,8,9,10,11,12,13,14,15,16,17
4831,1,2,3,4,5,6,7,8,9,10,11,12,13,14,15,16,17
4832,1,2,3,4,5,6,7,8,9,10,11,12,13,14,15,16,17
4833,1,2,3,4,5,6,7,8,9,10,11,12,13,14,15,16,17
4834,1,2,3,4,5,6,7,8,9,10,11,12,13,14,15,16,17
4835,1,2,3,4,5,6,7,8,9,10,11,12,13,14,15,16,17
4836,1,2,3,4,5,6,7,8,9,10,11,12,13,14,15,16,17
4837,1,2,3,4,5,6,7,8,9,10,11,12,13,14,15,16,17
4838,1,2,3,4,5,6,7,8,9,10,11,12,13,14,15,16,17
4839,1,2,3,4,5,6,7,8,9,10,11,12,13,14,15,16,17
4840,1,2,3,4,5,6,7,8,9,10,11,12,13,14,15,16,17
4841,1,2,3,4,5,6,7,8,9,10,11,12,13,14,15,16,17
4842,1,2,3,4,5,6,7,8,9,10,11,12,13,14,15,16,17
4843,1,2,3,4,5,6,7,8,9,10,11,12,13,14,15,16,17
4844,1,2,3,4,5,6,7,8,9,10,11,12,13,14,15,16,17
4845,1,2,3,4,5,6,7,8,9,10,11,12,13,14,15,16,17
4846,1,2,3,4,5,6,7,8,9,10,11,12,13,14,15,16,17
4847,1,2,3,4,5,6,7,8,9,10,11,12,13,14,15,16,17
4848,1,2,3,4,5,6,7,8,9,10,11,12,13,14,15,16,17
4849,1,2,3,4,5,6,7,8,9,10,11,12,13,14,15,16,17
4850,1,2,3,4,5,6,7,8,9,10,11,12,13,14,15,16,17
4851,1,2,3,4,5,6,7,8,9,10,11,12,13,14,15,16,17
4852,1,2,3,4,5,6,7,8,9,10,11,12,13,14,15,16,17
4853,1,2,3,4,5,6,7,8,9,10,11,12,13,14,15,16,17
4854,1,2,3,4,5,6,7,8,9,10,11,12,13,14,15,16,17
4855,1,2,3,4,5,6,7,8,9,10,11,12,13,14,15,16,17
4856,1,2,3,4,5,6,7,8,9,10,11,12,13,14,15,16,17
4857,1,2,3,4,5,6,7,8,9,10,11,12,13,14,15,16,17
4858,1,2,3,4,5,6,7,8,9,10,11,12,13,14,15,16,17
4859,1,2,3,4,5,6,7,8,9,10,11,12,13,14,15,16,17
4860,1,2,3,4,5,6,7,8,9,10,11,12,13,14,15,16,17
4861,1,2,3,4,5,6,7,8,9,10,11,12,13,14,15,16,17
4862,1,2,3,4,5,6,7,8,9,10,11,12,13,14,15,16,17
4863,1,2,3,4,5,6,7,8,9,10,11,12,13,14,15,16,17
4864,1,2,3,4,5,6,7,8,9,10,2,6,9,14,15,15,17
4865,1,11,12,4,12,6,13,8,13,10,11,12,13,14,16,16,16
4866,1,11,3,11,12,6,12,13,9,13,11,12,13,14,16,16,16
4867,1,11,11,4,12,12,7,13,9,13,11,12,13,16,15,16,16
4868,1,1,11,12,12,13,14,15,16,17,11,12,13,14,15,16,17
4869,1,2,2,4,5,6,7,8,9,10,11,12,13,14,15,16,17
4870,1,2,3,4,5,6,7,8,9,10,11,12,13,14,15,16,17
4871,1,2,3,4,5,6,7,8,9,10,11,12,13,14,15,16,17
4872,1,2,3,4,5,6,7,8,9,10,11,12,13,14,15,16,17
4873,1,2,2,4,5,4,7,4,4,10,11,12,5,14,15,5,17
4874,1,5,3,5,5,6,5,5,9,10,11,12,10,14,15,16,17
4875,1,5,5,4,5,10,7,10,10,10,11,12,13,14,15,16,17
4876,2,2,3,4,5,6,5,8,9,6,11,8,9,14,9,9,17
4877,1,2,3,4,5,6,7,8,9,3,3,12,4,4,15,6,8
4878,11,2,3,4,5,11,7,8,9,10,11,11,15,15,15,15,17
4879,1,2,3,4,5,6,14,8,9,10,11,14,14,14,15,14,17
4880,5,2,5,4,5,6,7,5,9,10,11,11,13,11,15,13,17
4881,1,1,5,5,5,5,5,11,13,10,11,12,13,14,15,16,17
4882,1,2,2,7,5,8,7,8,9,10,11,12,13,14,15,16,17
4883,1,2,3,4,5,6,7,8,9,10,11,12,13,14,15,16,17
4884,2,2,2,5,5,6,7,8,9,6,11,12,13,6,15,16,17
4885,1,5,7,11,5,13,7,15,17,10,11,12,13,14,15,16,17
4886,1,2,7,10,5,13,7,16,9,10,11,12,13,14,15,16,17
4887,1,2,5,7,5,9,7,13,9,10,11,12,13,14,15,16,17
4888,1,1,5,11,5,12,13,13,16,17,11,12,13,14,17,16,17
4889,1,11,3,4,12,6,7,8,12,10,11,12,13,14,15,12,17
4890,1,12,3,4,12,6,7,12,9,12,11,12,13,14,15,13,17
4891,1,5,5,10,5,10,11,11,9,10,11,12,13,14,15,16,17
4892,1,2,2,4,5,6,7,8,2,10,11,12,13,14,15,2,17
4893,1,2,3,4,5,6,7,8,9,10,11,12,13,14,15,16,17
4894,1,2,3,4,5,6,7,8,9,10,11,12,13,14,15,16,17
4895,1,2,3,4,5,6,7,8,9,10,11,12,13,14,15,16,17
4896,1,2,3,4,5,6,7,8,9,10,11,12,13,14,15,16,17
4897,1,2,3,4,5,6,7,8,9,10,11,12,13,14,15,16,17
4898,1,2,3,4,5,6,7,8,9,10,11,12,13,14,15,16,17
4899,1,2,3,4,5,6,7,8,9,10,11,12,13,14,15,16,17
4900,1,2,3,4,5,6,7,8,9,10,11,12,13,14,15,16,17
4901,1,2,3,4,5,6,7,8,9,10,11,12,13,14,15,16,17
4902,1,2,3,4,5,6,7,8,9,10,11,12,13,14,15,16,17
4903,1,2,3,4,5,6,7,8,9,10,11,12,13,14,15,16,17
4904,1,2,3,4,5,6,7,8,9,10,11,12,13,14,15,16,17
4905,1,2,3,4,5,6,7,8,9,10,11,12,13,14,15,16,17
4906,1,2,3,4,5,6,7,8,9,10,11,12,13,14,15,16,17
4907,1,2,3,4,5,6,7,8,9,10,11,12,13,14,15,16,17
4908,1,2,3,4,5,6,7,8,9,10,11,12,13,14,15,16,17
4909,1,2,3,4,5,6,7,8,9,10,11,12,13,14,15,16,17
4910,1,2,3,4,5,6,7,8,9,10,11,12,13,14,15,16,17
4911,2,2,3,4,3,6,7,8,3,10,11,3,13,14,3,16,17
4912,1,2,3,4,3,6,3,8,4,10,4,12,6,6,15,8,8
4913,1,2,3,4,5,6,7,3,9,10,3,12,3,14,4,16,4
4914,3,2,3,3,5,6,7,3,9,10,3,12,13,14,3,16,17
4915,1,2,3,4,5,6,7,8,9,10,11,12,13,14,15,16,17
4916,1,2,3,4,5,6,7,8,9,10,11,12,13,14,15,16,17
4917,1,2,3,4,5,6,7,8,9,10,11,12,13,14,15,16,17
4918,1,2,3,4,5,6,7,8,9,10,11,12,13,14,15,16,17
4919,1,6,17,4,5,6,7,8,9,10,11,12,13,14,15,16,17
4920,1,2,3,4,5,6,7,8,9,10,11,12,13,14,15,16,17
4921,1,2,3,4,5,6,7,8,9,10,11,12,13,14,15,16,17
4922,1,2,3,4,5,6,7,8,9,10,11,12,13,14,15,16,17
4923,1,2,3,4,5,6,7,8,9,10,11,12,13,14,15,16,17
4924,1,2,3,4,5,6,7,8,9,10,11,12,13,14,15,16,17
4925,1,2,3,4,5,6,7,8,9,10,11,12,13,14,15,16,17
4926,1,2,3,4,5,6,7,8,9,10,11,12,13,14,15,16,17
4927,1,2,3,4,5,6,7,8,9,10,11,12,13,14,15,16,17
4928,1,2,3,4,5,6,7,8,9,10,11,12,13,14,15,16,17
4929,1,2,3,4,5,6,7,8,9,10,11,12,13,14,15,16,17
4930,1,2,3,4,5,6,7,8,9,10,11,12,13,14,15,16,17
4931,1,2,3,4,5,6,7,8,9,10,11,12,13,14,15,16,17
4932,1,2,3,4,5,6,7,8,9,10,11,12,13,14,15,16,17
4933,1,2,3,4,5,6,7,8,9,10,11,12,13,14,15,16,17
4934,1,2,3,4,5,6,7,8,9,10,11,12,13,14,15,16,17
4935,1,2,3,4,5,6,7,8,9,10,11,12,13,14,15,16,17
4936,1,2,3,4,5,6,7,8,9,10,11,12,13,14,15,16,17
4937,1,2,3,4,5,6,7,8,9,10,11,12,13,14,15,16,17
4938,1,2,3,4,5,6,7,8,9,10,11,12,13,14,15,16,17
4939,1,2,3,4,5,6,7,8,9,10,11,12,13,14,15,16,17
4940,1,2,3,4,5,6,7,8,9,10,11,12,13,14,15,16,17
4941,1,2,3,4,5,6,7,8,9,10,11,12,13,14,15,16,17
4942,1,2,3,4,5,6,7,8,9,10,11,12,13,14,15,16,17
4943,1,2,3,4,5,6,7,8,9,10,11,12,13,14,15,16,17
4944,1,2,3,4,5,6,7,8,9,10,11,12,13,14,15,16,17
4945,1,2,3,4,5,6,7,8,9,10,11,12,13,14,15,16,17
4946,1,2,3,4,5,6,7,8,9,10,11,12,13,14,15,16,17
4947,1,2,3,4,5,6,7,8,9,10,11,12,13,14,15,16,17
4948,1,2,3,4,5,6,7,8,9,10,11,12,13,14,15,16,17
4949,1,2,3,4,5,6,7,8,9,10,11,12,13,14,15,16,17
4950,1,2,3,4,5,6,7,8,9,10,11,12,13,14,15,16,17
4951,1,2,3,4,5,6,7,8,9,10,11,12,13,14,15,16,17
4952,1,2,3,4,5,6,7,8,9,10,11,12,13,14,15,16,17
4953,1,2,3,4,5,6,7,8,9,10,11,12,13,14,15,16,17
4954,1,2,3,4,5,6,7,8,9,10,11,12,13,14,15,16,17
4955,1,2,3,4,5,6,7,8,9,10,11,12,13,14,15,16,17
4956,1,2,3,4,5,6,7,8,9,10,11,12,13,14,15,16,17
4957,1,2,3,4,5,6,7,8,9,10,11,12,13,14,15,16,17
4958,1,2,3,4,5,6,7,8,9,10,11,12,13,14,15,16,17
4959,1,2,3,4,5,6,7,8,9,10,11,12,13,14,15,16,17
4960,1,2,3,4,5,6,7,8,9,10,11,12,13,14,15,16,17
4961,1,2,3,4,3,6,7,8,3,10,11,12,3,14,15,3,17
4962,2,2,2,2,5,6,7,8,9,6,11,12,6,14,7,16,17
4963,1,2,2,4,5,6,7,8,9,4,11,12,8,14,15,16,8
4964,1,4,10,4,5,15,7,8,9,10,11,12,13,14,15,16,17
4965,1,2,3,4,5,6,7,8,9,10,11,12,13,14,15,16,17
4966,1,2,3,4,5,6,7,8,9,10,11,12,13,14,15,16,17
4967,1,2,3,4,5,6,7,8,9,10,11,12,13,14,15,16,17
4968,1,2,3,4,5,6,7,8,9,10,11,12,13,14,15,16,17
4969,1,2,3,4,5,6,7,8,9,10,11,12,13,14,15,16,17
4970,1,2,3,4,5,6,7,8,9,10,11,12,13,14,15,16,17
4971,1,2,3,4,5,6,7,8,9,10,11,12,13,14,15,16,17
4972,1,2,3,4,5,6,7,8,9,10,11,12,13,14,15,16,17
4973,1,2,3,4,5,6,7,8,9,10,11,12,13,14,15,16,17
4974,1,2,3,4,5,6,7,8,9,10,11,12,13,14,15,16,17
4975,1,2,3,4,5,6,7,8,9,10,11,12,13,14,15,16,17
4976,1,2,3,4,5,6,7,8,9,10,11,12,13,14,15,16,17
4977,1,2,3,4,5,6,7,8,9,10,11,12,13,14,15,16,17
4978,1,2,3,4,5,6,7,8,9,10,11,12,13,14,15,16,17
4979,1,2,3,4,5,6,7,8,9,10,11,12,13,14,15,16,17
4980,1,2,3,4,5,6,7,8,9,10,11,12,13,14,15,16,17
4981,1,2,3,4,5,6,7,8,9,10,11,12,13,14,15,16,17
4982,1,2,3,4,5,6,7,8,9,10,11,12,13,14,15,16,17
4983,1,2,3,4,5,6,7,8,9,10,11,12,13,14,15,16,17
4984,1,2,3,4,5,6,7,8,9,10,11,12,13,14,15,16,17
4985,1,2,3,4,5,6,7,8,9,10,11,12,13,14,15,16,17
4986,1,2,3,4,5,6,7,8,9,10,11,12,13,14,15,16,17
4987,1,2,3,4,5,6,7,8,9,10,11,12,13,14,15,16,17
4988,1,2,3,4,5,6,7,8,9,10,11,12,13,14,15,16,17
4989,1,2,3,4,5,6,7,8,9,10,11,12,13,14,15,16,17
4990,1,2,3,4,5,6,7,8,9,10,11,12,13,14,15,16,17
4991,1,2,3,4,5,6,7,8,9,10,11,12,13,14,15,16,17
4992,1,2,3,4,5,6,7,8,9,10,11,12,13,14,15,16,17
4993,1,2,3,4,5,6,7,8,9,10,11,12,13,14,15,16,17
4994,1,2,3,4,5,6,7,8,9,10,11,12,13,14,15,16,17
4995,1,2,3,4,5,6,7,8,9,10,11,12,13,14,15,16,17
4996,1,2,3,4,5,6,7,8,9,10,11,12,13,14,15,16,17
4997,1,2,3,4,5,6,7,8,9,10,11,12,13,14,15,16,17
4998,1,2,3,4,5,6,7,8,9,10,11,12,13,14,15,16,17
4999,1,2,3,4,5,6,7,8,9,10,11,12,13,14,15,16,17
5000,1,2,3,4,5,6,7,8,9,10,11,12,13,14,15,16,17
5001,1,2,3,4,5,6,7,8,9,10,11,12,13,14,15,16,17
5002,1,2,3,4,5,6,7,8,9,10,11,12,13,14,15,16,17
5003,1,2,3,4,5,6,7,8,9,10,11,12,13,14,15,16,17
5004,1,2,3,4,5,6,7,8,9,10,11,12,13,14,15,16,17
5005,1,2,3,4,5,6,7,8,9,10,11,12,13,14,15,16,17
5006,1,2,3,4,5,6,7,8,9,10,11,12,13,14,15,16,17
5007,1,2,3,1,5,6,7,8,1,10,1,17,13,14,17,17,17
5008,1,1,5,10,5,10,10,11,13,10,11,12,13,16,15,16,17
5009,1,1,10,11,12,13,13,15,16,10,11,12,13,17,15,16,17
5010,1,1,11,4,12,13,15,15,16,10,11,12,13,17,15,16,17
5011,1,1,10,11,13,14,15,16,17,10,11,12,13,14,15,16,17
5012,1,2,3,4,5,6,7,8,9,10,11,12,13,14,15,16,17
5013,1,2,3,4,5,6,7,8,9,10,11,12,13,14,15,16,17
5014,1,2,3,4,5,6,7,8,9,10,11,12,13,14,15,16,17
5015,1,2,3,4,5,6,7,8,9,10,11,12,13,14,15,16,17
5016,1,2,2,4,5,6,2,8,9,10,11,2,13,14,15,16,2
5017,1,4,4,4,5,4,7,8,5,10,5,12,13,8,15,16,8
5018,1,2,3,4,5,2,7,8,2,10,11,2,13,14,3,16,17
5019,1,2,3,4,5,6,7,8,9,10,11,12,13,14,15,16,17
5020,1,2,3,4,5,6,7,8,9,10,11,12,13,14,15,16,17
5021,1,2,3,4,5,6,7,8,9,10,11,12,13,14,15,16,17
5022,1,2,2,4,2,6,7,8,9,10,11,12,13,4,15,16,17
5023,1,2,3,4,5,6,7,8,9,10,11,12,13,14,15,16,17
5024,1,2,3,4,5,6,7,8,9,10,11,12,13,14,15,16,17
5025,1,2,3,4,5,6,7,8,9,10,11,12,13,14,15,16,17
5026,1,2,3,4,5,6,7,8,9,10,11,12,13,14,15,16,17
5027,1,2,3,4,5,6,7,8,9,10,11,12,13,14,15,16,17
5028,1,2,9,13,5,17,7,8,9,10,11,12,13,14,15,16,17
5029,1,6,16,4,5,6,7,8,9,10,11,12,13,14,15,16,17
5030,1,1,6,12,5,6,7,8,9,10,11,12,13,14,15,16,17
5031,1,1,11,12,12,13,14,15,16,17,11,12,13,14,15,16,17
5032,1,1,11,4,12,12,7,12,9,13,11,12,13,13,15,16,17
5033,11,2,11,4,12,6,12,8,12,13,11,12,13,13,15,16,16
5034,1,2,3,4,5,6,7,8,9,10,11,12,13,14,15,16,17
5035,1,2,3,4,5,6,7,8,9,10,11,12,13,14,15,16,17
5036,1,2,3,4,5,6,7,8,9,10,11,12,13,14,15,16,17
5037,1,2,3,4,5,6,7,8,9,10,11,12,13,14,15,16,17
5038,1,2,3,4,5,6,7,8,9,10,11,12,13,14,15,16,17
5039,1,2,3,4,5,6,7,8,9,10,11,12,13,14,15,16,17
5040,1,1,10,13,5,6,7,16,9,10,11,12,13,14,15,16,17
5041,1,7,3,4,5,6,7,8,9,10,11,12,13,14,15,16,17
5042,1,2,3,4,5,6,7,8,9,10,11,12,13,14,15,16,17
5043,1,2,3,4,5,6,7,8,9,10,11,12,13,14,15,16,17
5044,1,2,3,4,5,6,7,8,9,10,11,12,13,14,15,16,17
5045,1,2,3,4,5,6,7,8,9,10,11,12,13,14,15,16,17
5046,1,2,3,4,5,6,7,8,9,10,11,12,13,14,15,16,17
5047,1,2,3,4,5,6,7,8,9,10,11,12,13,14,15,16,17
5048,1,2,3,4,5,6,7,8,9,10,11,12,13,14,15,16,17
5049,1,2,3,4,5,6,7,8,9,10,11,12,13,14,15,16,17
5050,1,2,3,4,5,6,7,8,9,10,11,12,13,14,15,16,17
5051,1,2,3,4,5,6,7,8,9,10,11,12,13,14,15,16,17
5052,1,2,3,4,5,6,7,8,9,10,11,12,13,14,15,16,17
5053,1,2,3,4,5,6,7,8,9,10,11,12,13,14,15,16,17
5054,1,2,3,4,2,6,7,8,9,10,11,12,13,14,15,16,17
5055,2,2,3,4,5,6,3,8,4,10,4,6,13,6,8,16,8
5056,2,2,3,4,5,6,7,8,9,2,3,4,4,14,6,8,8
5057,1,2,3,4,5,6,7,8,9,3,3,4,4,14,6,8,8
5058,1,2,3,4,3,6,7,8,3,10,11,12,3,14,15,16,3
5059,1,2,3,4,5,6,7,8,9,10,11,12,13,14,15,16,17
5060,1,2,3,4,5,6,7,8,9,10,11,12,13,14,15,16,17
5061,1,2,3,4,5,6,7,8,9,10,11,12,13,14,15,16,17
5062,1,2,3,4,5,6,7,8,9,10,11,12,13,14,15,16,17
5063,1,2,3,4,5,6,7,8,9,10,11,12,13,14,15,16,17
5064,1,2,3,4,5,6,7,8,9,10,11,12,13,14,15,16,17
5065,1,2,3,4,5,6,7,8,9,10,11,12,13,14,15,16,17
5066,1,2,3,4,5,6,7,8,9,10,11,12,13,14,15,16,17
5067,1,2,3,4,5,6,7,8,9,10,11,12,13,14,15,16,17
5068,1,2,3,4,5,6,7,8,9,10,11,12,13,14,15,16,17
5069,1,2,3,4,5,6,7,8,9,10,11,12,13,14,15,16,17
5070,1,2,3,4,5,6,7,8,9,10,11,12,13,14,15,16,17
5071,1,2,3,4,5,6,7,8,9,10,11,12,13,14,15,16,17
5072,1,2,3,4,5,6,7,8,9,10,11,12,13,14,15,16,17
5073,1,2,3,4,5,6,7,8,9,10,11,12,13,14,15,16,17
5074,1,2,3,4,5,6,7,8,9,10,11,12,13,14,15,16,17
5075,1,2,3,4,5,6,7,8,9,10,11,12,13,14,15,16,17
5076,1,2,3,4,5,6,7,8,9,10,11,12,13,14,15,16,17
5077,1,2,3,4,5,6,7,8,9,10,11,12,13,14,15,16,17
5078,1,2,3,4,5,6,7,8,9,10,11,12,13,14,15,16,17
5079,1,2,3,4,5,6,7,8,9,10,11,12,13,14,15,16,17
5080,1,2,3,4,5,6,7,8,9,10,11,12,13,14,15,16,17
5081,1,2,3,4,5,6,7,8,9,10,11,12,13,14,15,16,17
5082,1,2,3,4,5,6,7,8,9,10,11,12,13,14,15,16,17
5083,1,2,3,4,5,6,7,8,9,10,11,12,13,14,15,16,17
5084,1,2,3,4,5,6,7,8,9,10,11,12,13,14,15,16,17
5085,1,2,3,4,5,6,7,8,9,10,11,12,13,14,15,16,17
5086,1,2,3,4,5,6,7,8,9,10,11,12,13,14,15,16,17
5087,1,2,3,4,5,6,7,8,9,10,11,12,13,14,15,16,17
5088,1,2,3,4,5,6,7,8,9,10,11,12,13,14,15,16,17
5089,1,2,3,4,5,6,7,8,9,10,11,12,13,14,15,16,17
5090,1,2,3,4,5,6,7,8,9,10,11,12,13,14,15,16,17
5091,1,2,3,4,5,6,7,8,9,10,11,12,13,14,15,16,17
5092,1,2,3,4,5,6,7,8,9,10,11,12,13,14,15,16,17
5093,1,2,3,4,5,6,7,8,9,10,11,12,13,14,15,16,17
5094,1,2,3,4,5,6,7,8,9,10,11,12,13,14,15,16,17
5095,1,2,3,4,5,6,7,8,9,10,11,12,13,14,15,16,17
5096,1,2,3,4,5,6,7,8,9,10,11,12,13,14,15,16,17
5097,1,2,3,4,5,6,7,8,9,10,11,12,13,14,15,16,17
5098,1,2,3,4,5,6,7,8,9,10,11,12,13,14,15,16,17
5099,1,2,3,4,5,6,7,8,9,10,11,12,13,14,15,16,17
5100,1,2,3,4,5,6,7,8,9,10,11,12,13,14,15,16,17
5101,1,2,3,4,5,6,7,8,9,10,11,12,13,14,15,16,17
5102,1,2,3,4,5,6,7,8,9,10,11,12,13,14,15,16,17
5103,1,2,3,4,5,6,7,8,9,10,11,12,13,14,15,16,17
5104,1,2,3,4,5,6,7,8,9,10,11,12,13,14,15,16,17
5105,1,1,5,4,5,10,7,14,9,10,11,12,13,14,15,16,17
5106,1,1,5,12,5,13,15,16,17,10,11,12,13,14,15,16,17
5107,1,10,16,4,5,6,7,8,9,10,11,12,13,14,15,16,17
5108,1,2,3,4,5,6,7,8,9,10,11,12,13,14,15,16,17
5109,1,2,3,4,5,6,7,8,9,10,11,12,13,14,15,16,17
5110,1,2,3,4,5,6,7,8,9,10,11,12,13,14,15,16,17
5111,1,2,3,4,5,6,7,8,9,10,11,12,13,14,15,16,17
5112,1,2,3,4,5,6,7,8,9,10,11,12,13,14,15,16,17
5113,1,2,3,4,5,6,7,8,9,10,11,12,13,14,15,16,17
5114,1,2,3,4,5,6,7,8,9,10,11,12,13,14,15,16,17
5115,1,2,3,4,5,6,7,8,9,10,11,12,13,14,15,16,17
5116,1,2,3,4,5,6,7,8,9,10,11,12,13,14,15,16,17
5117,1,2,3,4,5,6,7,8,9,10,11,12,13,14,15,16,17
5118,1,2,3,4,5,6,7,8,9,10,11,12,13,14,15,16,17
5119,1,2,3,4,5,6,7,8,9,10,11,12,13,14,15,16,17
5120,1,2,3,4,5,6,7,8,9,10,11,12,13,14,15,16,17
5121,1,2,3,4,5,6,7,8,9,10,11,12,13,14,15,16,17
5122,1,2,3,4,5,6,7,8,9,10,11,12,13,14,15,16,17
5123,1,2,3,4,5,6,7,8,9,10,11,12,13,14,15,16,17
5124,1,2,3,4,5,6,7,8,9,10,11,12,13,14,15,16,17
5125,1,2,3,4,5,6,7,8,9,10,11,12,13,14,15,16,17
5126,1,2,3,4,5,6,7,8,9,10,11,12,13,14,15,16,17
5127,1,2,3,4,5,6,7,8,9,10,11,12,13,14,15,16,17
5128,1,2,3,4,5,6,7,8,9,10,11,12,13,14,15,16,17
5129,1,2,3,4,5,6,7,8,9,10,11,12,13,14,15,16,17
5130,1,2,3,4,5,6,7,8,9,10,11,12,13,14,15,16,17
5131,1,2,3,4,5,6,7,8,9,10,11,12,13,14,15,16,17
5132,1,2,3,4,5,6,7,8,9,10,11,12,13,14,15,16,17
5133,1,2,3,4,5,6,7,8,9,10,11,12,13,14,15,16,17
5134,1,2,3,4,5,6,7,8,9,10,11,12,13,14,15,16,17
5135,1,2,3,4,5,6,7,8,9,10,11,12,13,14,15,16,17
5136,1,2,3,4,5,6,7,8,9,10,11,12,13,14,15,16,17
5137,1,2,3,4,5,6,7,8,9,10,11,12,13,14,15,16,17
5138,1,2,3,4,5,6,7,8,9,10,11,12,13,14,15,16,17
5139,1,2,3,4,5,6,7,8,9,10,11,12,13,14,15,16,17
5140,1,2,3,4,5,6,7,8,9,10,11,12,13,14,15,16,17
5141,1,2,3,4,5,6,7,8,9,10,11,12,13,14,15,16,17
5142,1,2,3,4,5,6,7,8,9,10,11,12,13,14,15,16,17
5143,1,2,3,4,5,6,7,8,9,10,11,12,13,14,15,16,17
5144,1,2,3,4,5,6,7,8,9,10,11,12,13,14,15,16,17
5145,1,2,3,4,5,6,7,8,9,10,11,12,13,14,15,16,17
5146,1,2,3,4,5,6,7,8,9,10,11,12,13,14,15,16,17
5147,1,2,3,4,5,6,7,8,9,10,11,12,13,14,15,16,17
5148,1,2,3,4,5,6,7,8,9,10,11,12,13,14,15,16,17
5149,1,2,3,4,5,6,7,8,9,10,11,12,13,14,15,16,17
5150,1,1,11,4,12,12,13,16,9,17,11,12,13,14,17,16,17
5151,1,1,10,10,5,12,14,15,17,10,11,12,13,14,15,16,17
5152,1,1,10,11,12,13,14,15,17,10,11,12,13,14,15,16,17
5153,1,1,11,12,13,14,15,16,17,10,11,12,13,14,15,16,17
5154,1,1,10,12,13,14,15,16,9,10,11,12,13,14,15,16,17
5155,1,2,3,4,5,6,7,8,9,10,11,12,13,14,15,16,17
5156,1,2,3,4,5,6,7,8,9,10,11,12,13,14,15,16,17
5157,1,2,3,4,5,6,7,8,9,10,11,12,13,14,15,16,17
5158,1,2,3,4,5,6,7,8,9,10,11,12,13,14,15,16,17
5159,1,2,2,4,5,6,7,8,9,10,11,12,13,14,15,16,17
5160,1,2,7,4,5,6,7,8,9,10,11,12,13,14,15,16,17
5161,1,2,3,4,5,6,7,8,9,10,11,12,13,14,15,16,17
5162,1,2,3,4,5,6,7,8,9,10,11,12,13,14,15,16,17
5163,1,2,3,4,5,6,7,8,9,10,11,12,13,14,15,16,17
5164,1,2,3,4,5,6,7,8,9,10,11,12,13,14,15,16,17
5165,1,2,3,4,5,6,7,8,9,10,11,12,13,14,15,16,17
5166,1,2,3,4,5,6,7,8,9,10,11,12,13,14,15,16,17
5167,1,2,3,4,5,6,7,8,9,10,11,12,13,14,15,16,17
5168,1,2,3,4,5,6,7,8,9,10,11,12,13,14,15,16,17
5169,1,2,3,4,5,6,7,8,9,10,11,12,13,14,15,16,17
5170,1,2,3,4,5,6,7,8,9,10,11,12,13,14,15,16,17
5171,1,1,7,4,5,6,7,8,9,10,11,12,13,14,15,16,17
5172,1,2,3,4,5,6,7,8,9,10,11,12,13,14,15,16,17
5173,1,2,12,4,5,6,7,8,9,10,11,12,13,14,15,16,17
5174,1,1,9,11,12,14,15,16,9,10,11,12,13,14,15,16,17
5175,1,1,3,12,12,6,13,13,16,10,11,12,13,16,17,16,17
5176,1,2,11,12,12,6,13,14,14,10,11,12,13,14,16,16,16
5177,1,2,3,4,5,6,7,8,9,10,11,12,13,14,15,16,17
5178,1,2,3,4,5,6,7,8,9,10,11,12,13,14,15,16,17
5179,1,2,3,4,5,6,7,8,9,10,11,12,13,14,15,16,17
5180,1,2,3,4,5,6,7,8,9,10,11,12,13,14,15,16,17
5181,1,2,3,4,5,6,7,8,9,10,11,12,13,14,15,16,17
5182,1,2,3,4,5,6,7,8,9,10,11,12,13,14,15,16,17
5183,1,1,10,12,5,14,7,16,9,10,11,12,13,14,15,16,17
5184,1,2,3,4,5,6,7,8,9,10,11,12,13,14,15,16,17
5185,1,2,3,4,5,6,7,8,9,10,11,12,13,14,15,16,17
5186,1,2,3,4,5,6,7,8,9,10,11,12,13,14,15,16,17
5187,1,2,3,4,5,6,7,8,9,10,11,12,13,14,15,16,17
5188,1,2,3,4,5,6,7,8,9,10,11,12,13,14,15,16,17
5189,1,2,3,4,5,6,7,8,9,10,11,12,13,14,15,16,17
5190,1,2,3,4,5,6,7,8,9,10,11,12,13,14,15,16,17
5191,1,2,3,4,5,6,7,8,9,10,11,12,13,14,15,16,17
5192,1,2,3,4,5,6,7,8,9,10,11,12,13,14,15,16,17
5193,1,2,3,4,5,6,7,8,9,10,11,12,13,14,15,16,17
5194,1,2,3,4,5,3,7,8,9,10,11,12,13,14,15,16,17
5195,1,2,3,4,5,6,7,8,9,10,11,12,13,14,15,16,17
5196,1,2,3,4,5,6,7,8,9,10,11,12,13,14,15,16,17
5197,1,2,3,4,5,6,7,8,9,10,11,12,13,14,15,16,17
5198,1,2,3,2,5,6,7,8,9,2,11,12,13,14,2,16,17
5199,2,2,3,4,5,6,7,8,2,10,3,4,6,6,15,6,8
5200,2,2,3,4,5,6,3,8,9,3,11,3,13,6,15,6,17
5201,1,2,3,4,5,6,7,8,9,10,11,12,13,14,15,16,17
5202,1,2,3,4,5,6,7,8,9,10,11,12,13,14,15,16,17
5203,1,2,3,4,5,6,7,8,9,10,11,12,13,14,15,16,17
5204,1,2,3,4,5,6,7,8,9,10,11,12,13,14,15,16,17
5205,1,2,3,4,5,6,7,8,9,10,11,12,13,14,15,16,17
5206,1,2,3,4,5,6,7,8,9,10,11,12,13,14,15,16,17
5207,1,2,3,4,5,6,7,8,9,10,11,12,13,14,15,16,17
5208,1,2,3,4,5,6,7,8,9,10,11,12,13,14,15,16,17
5209,1,2,3,4,5,6,7,8,9,10,11,12,13,14,15,16,17
5210,1,2,3,4,5,6,7,8,9,10,11,12,13,14,15,16,17
5211,1,2,3,4,5,6,7,8,9,10,11,12,13,14,15,16,17
5212,1,2,3,4,5,6,7,8,9,10,11,12,13,14,15,16,17
5213,1,2,3,4,5,6,7,8,9,10,11,12,13,14,15,16,17
5214,1,2,3,4,5,6,7,8,9,10,11,12,13,14,15,16,17
5215,1,2,3,4,5,6,7,8,9,10,11,12,13,14,15,16,17
5216,1,2,3,4,5,6,7,8,9,10,11,12,13,14,15,16,17
5217,1,2,3,4,5,6,7,8,9,10,11,12,13,14,15,16,17
5218,1,2,3,4,5,6,7,8,9,10,11,12,13,14,15,16,17
5219,1,2,3,4,5,6,7,8,9,10,11,12,13,14,15,16,17
5220,1,2,3,4,5,6,7,8,9,10,11,12,13,14,15,16,17
5221,1,2,3,4,5,6,7,8,9,10,11,12,13,14,15,16,17
5222,1,2,3,4,5,6,7,8,9,10,11,12,13,14,15,16,17
5223,1,2,3,4,5,6,7,8,9,10,11,12,13,14,15,16,17
5224,1,2,3,4,5,6,7,8,9,10,11,12,13,14,15,16,17
5225,1,2,3,4,5,6,7,8,9,10,11,12,13,14,15,16,17
5226,1,2,3,4,5,6,7,8,9,10,11,12,13,14,15,16,17
5227,1,2,3,4,5,6,7,8,9,10,11,12,13,14,15,16,17
5228,1,2,3,4,5,6,7,8,9,10,11,12,13,14,15,16,17
5229,1,2,3,4,5,6,7,8,9,10,11,12,13,14,15,16,17
5230,1,2,3,4,5,6,7,8,9,10,11,12,13,14,15,16,17
5231,1,2,3,4,5,6,7,8,9,10,11,12,13,14,15,16,17
5232,1,2,3,4,5,6,7,8,9,10,11,12,13,14,15,16,17
5233,1,2,3,4,5,6,7,8,9,10,11,12,13,14,15,16,17
5234,1,2,3,4,5,6,7,8,9,10,11,12,13,14,15,16,17
5235,1,2,3,4,5,6,7,8,9,10,11,12,13,14,15,16,17
5236,1,2,3,4,5,6,7,8,9,10,11,12,13,14,15,16,17
5237,1,2,3,4,5,6,7,8,9,10,11,12,13,14,15,16,17
5238,1,2,3,4,5,6,7,8,9,10,11,12,13,14,15,16,17
5239,1,2,3,4,5,6,7,8,9,10,11,12,13,14,15,16,17
5240,1,2,3,4,5,6,7,8,9,10,11,12,13,14,15,16,17
5241,1,2,3,4,5,6,7,8,9,10,11,12,13,14,15,16,17
5242,1,2,3,4,5,6,7,8,9,10,11,12,13,14,15,16,17
5243,1,2,3,4,5,6,7,8,9,10,11,12,13,14,15,16,17
5244,1,2,3,4,5,6,7,8,9,10,11,12,13,14,15,16,17
5245,1,2,3,4,5,6,7,8,9,10,11,12,13,14,15,16,17
5246,1,2,3,4,5,6,7,8,9,10,11,12,13,14,15,16,17
5247,1,7,15,4,5,6,7,8,9,10,11,12,13,14,15,16,17
5248,1,5,9,11,5,14,7,16,9,10,11,12,13,14,15,16,17
5249,1,2,3,4,5,6,7,8,9,10,11,12,13,14,15,16,17
5250,1,2,3,4,5,6,7,8,9,10,11,12,13,14,15,16,17
5251,1,2,3,4,5,6,7,8,9,10,11,12,13,14,15,16,17
5252,1,2,3,4,5,6,7,8,9,10,11,12,13,14,15,16,17
5253,1,2,3,4,5,6,7,8,9,10,11,12,13,14,15,16,17
5254,1,2,3,4,5,6,7,8,9,10,11,12,13,14,15,16,17
5255,1,2,3,4,5,6,7,8,9,10,11,12,13,14,15,16,17
5256,1,10,3,4,5,6,7,8,9,10,11,12,13,14,15,16,17
5257,1,2,3,4,5,6,7,8,9,10,11,12,13,14,15,16,17
5258,1,2,3,4,5,6,7,8,9,10,11,12,13,14,15,16,17
5259,1,2,3,4,5,6,7,8,9,10,11,12,13,14,15,16,17
5260,1,2,3,4,5,6,7,8,9,10,11,12,13,14,15,16,17
5261,1,2,3,4,5,6,7,8,9,10,11,12,13,14,15,16,17
5262,1,2,3,4,5,6,7,8,9,10,11,12,13,14,15,16,17
5263,1,2,3,4,5,6,7,8,9,10,11,12,13,14,15,16,17
5264,1,2,3,4,5,6,7,8,9,10,11,12,13,14,15,16,17
5265,1,2,3,4,5,6,7,8,9,10,11,12,13,14,15,16,17
5266,1,2,3,4,5,6,7,8,9,10,11,12,13,14,15,16,17
5267,1,2,3,4,5,6,7,8,9,10,11,12,13,14,15,16,17
5268,1,2,3,4,5,6,7,8,9,10,11,12,13,14,15,16,17
5269,1,2,3,4,5,6,7,8,9,10,11,12,13,14,15,16,17
5270,1,2,3,4,5,6,7,8,9,10,11,12,13,14,15,16,17
5271,1,2,3,4,5,6,7,8,9,10,11,12,13,14,15,16,17
5272,1,2,3,4,5,6,7,8,9,10,11,12,13,14,15,16,17
5273,1,2,3,4,5,6,7,8,9,10,11,12,13,14,15,16,17
5274,1,2,3,4,5,6,7,8,9,10,11,12,13,14,15,16,17
5275,1,2,3,4,5,6,7,8,9,10,11,12,13,14,15,16,17
5276,1,2,3,4,5,6,7,8,9,10,11,12,13,14,15,16,17
5277,1,2,3,4,5,6,7,8,9,10,11,12,13,14,15,16,17
5278,1,2,3,4,5,6,7,8,9,10,11,12,13,14,15,16,17
5279,1,2,3,4,5,6,7,8,9,10,11,12,13,14,15,16,17
5280,1,2,3,4,5,6,7,8,9,10,11,12,13,14,15,16,17
5281,1,2,3,4,5,6,7,8,9,10,11,12,13,14,15,16,17
5282,1,2,3,4,5,6,7,8,9,10,11,12,13,14,15,16,17
5283,1,2,3,4,5,6,7,8,9,10,11,12,13,14,15,16,17
5284,1,2,3,4,5,6,7,8,9,10,11,12,13,14,15,16,17
5285,1,2,3,4,5,6,7,8,9,10,11,12,13,14,15,16,17
5286,1,2,3,4,5,6,7,8,9,10,11,12,13,14,15,16,17
5287,1,2,3,4,5,6,7,8,9,10,11,12,13,14,15,16,17
5288,1,2,3,4,5,6,7,8,9,10,11,12,13,14,15,16,17
5289,1,2,3,4,5,6,7,8,9,10,11,12,13,14,15,16,17
5290,1,2,3,4,5,6,7,8,9,10,11,12,13,14,15,16,17
5291,1,2,3,4,5,6,7,8,9,10,11,12,13,14,15,16,17
5292,1,2,3,4,5,6,7,8,9,10,11,12,13,14,15,16,17
5293,1,2,3,4,5,6,7,8,9,10,11,12,13,14,15,16,17
5294,1,2,1,10,11,12,14,15,17,10,11,12,13,14,15,16,17
5295,1,2,10,12,13,15,16,17,9,10,11,12,13,14,15,16,17
5296,1,1,10,11,13,14,15,17,9,10,11,12,13,14,15,16,17
5297,1,1,10,12,13,14,15,16,17,10,11,12,13,14,15,16,17
5298,1,13,3,4,5,6,7,8,9,10,11,12,13,14,15,16,17
5299,1,2,3,4,5,6,7,8,9,10,11,12,13,14,15,16,17
5300,1,2,3,4,5,6,7,8,9,10,11,12,13,14,15,16,17
5301,1,2,11,4,5,6,7,8,9,10,11,12,13,14,15,16,17
5302,1,6,13,4,5,6,7,8,9,10,11,12,13,14,15,16,17
5303,1,2,11,4,5,6,7,8,9,10,11,12,13,14,15,16,17
5304,1,2,3,4,5,6,7,8,9,10,11,12,13,14,15,16,17
5305,1,2,3,4,5,6,7,8,9,10,11,12,13,14,15,16,17
5306,1,2,3,4,5,6,7,8,9,10,11,12,13,14,15,16,17
5307,1,2,3,4,5,6,7,8,9,10,11,12,13,14,15,16,17
5308,1,2,3,4,5,6,7,8,9,10,11,12,13,14,15,16,17
5309,1,2,3,4,5,6,7,8,9,10,11,12,13,14,15,16,17
5310,1,2,3,4,5,6,7,8,9,10,11,12,13,14,15,16,17
5311,1,2,3,4,5,6,7,8,9,10,11,12,13,14,15,16,17
5312,1,2,3,4,5,6,7,8,9,10,11,12,13,14,15,16,17
5313,1,2,3,4,5,6,7,8,9,10,11,12,13,14,15,16,17
5314,1,1,9,12,5,15,7,8,9,10,11,12,13,14,15,16,17
5315,1,8,13,17,5,6,7,8,9,10,11,12,13,14,15,16,17
5316,1,1,9,12,5,15,7,8,9,10,11,12,13,14,15,16,17
5317,1,1,11,12,13,14,15,15,16,17,11,12,13,14,15,16,17
5318,11,12,3,12,5,13,13,8,16,10,11,12,13,16,15,16,17
5319,1,1,11,12,13,14,15,16,17,17,11,12,13,14,15,16,17
5320,1,2,3,4,5,6,7,8,9,10,11,12,13,14,15,16,17
5321,1,2,3,4,5,6,7,8,9,10,11,12,13,14,15,16,17
5322,1,2,3,4,5,6,7,8,9,10,11,12,13,14,15,16,17
5323,1,2,3,4,5,6,7,8,9,10,11,12,13,14,15,16,17
5324,1,2,3,4,5,6,7,8,9,10,11,12,13,14,15,16,17
5325,1,8,13,17,5,6,7,8,9,10,11,12,13,14,15,16,17
5326,1,3,3,4,5,6,7,8,9,10,11,12,13,14,15,16,17
5327,1,2,3,4,5,6,7,8,9,10,11,12,13,14,15,16,17
5328,1,2,3,4,5,6,7,8,9,10,11,12,13,14,15,16,17
5329,1,2,3,4,5,6,7,8,9,10,11,12,13,14,15,16,17
5330,1,2,3,4,5,6,7,8,9,10,11,12,13,14,15,16,17
5331,1,2,3,4,5,6,7,8,9,10,11,12,13,14,15,16,17
5332,1,2,3,4,5,6,7,8,9,10,11,12,13,14,15,16,17
5333,1,2,3,4,5,6,7,8,9,10,11,12,13,14,15,16,17
5334,1,2,3,4,5,6,7,8,9,10,11,12,13,14,15,16,17
5335,1,2,3,4,5,6,7,8,9,10,11,12,13,14,15,16,17
5336,1,2,3,4,5,6,7,8,9,10,11,12,13,14,15,16,17
5337,1,2,3,4,5,6,7,8,9,10,11,12,13,14,15,16,17
5338,1,2,3,4,5,6,7,8,9,10,11,12,13,14,15,16,17
5339,1,2,3,4,5,6,7,8,9,10,11,12,13,14,15,16,17
5340,1,2,3,4,5,6,7,8,9,10,11,12,13,14,15,16,17
5341,1,2,3,4,5,6,7,8,9,10,11,12,13,14,15,16,17
5342,1,2,3,4,5,6,7,8,9,10,11,12,13,14,15,16,17
5343,1,2,3,4,5,6,7,8,9,10,11,12,13,14,15,16,17
5344,1,2,3,4,5,6,7,8,9,10,11,12,13,14,15,16,17
5345,1,2,3,4,5,6,7,8,9,10,11,12,13,14,15,16,17
5346,1,2,3,4,5,6,7,8,9,10,11,12,13,14,15,16,17
5347,1,2,3,4,5,6,7,8,9,10,11,12,13,14,15,16,17
5348,1,2,3,4,5,6,7,8,9,10,11,12,13,14,15,16,17
5349,1,2,3,4,5,6,7,8,9,10,11,12,13,14,15,16,17
5350,1,2,3,4,5,6,7,8,9,10,11,12,13,14,15,16,17
5351,1,2,3,4,5,6,7,8,9,10,11,12,13,14,15,16,17
5352,1,2,3,4,5,6,7,8,9,10,11,12,13,14,15,16,17
5353,1,2,3,4,5,6,7,8,9,10,11,12,13,14,15,16,17
5354,1,2,3,4,5,6,7,8,9,10,11,12,13,14,15,16,17
5355,1,2,3,4,5,6,7,8,9,10,11,12,13,14,15,16,17
5356,1,2,3,4,5,6,7,8,9,10,11,12,13,14,15,16,17
5357,1,2,3,4,5,6,7,8,9,10,11,12,13,14,15,16,17
5358,1,2,3,4,5,6,7,8,9,10,11,12,13,14,15,16,17
5359,1,2,3,4,5,6,7,8,9,10,11,12,13,14,15,16,17
5360,1,2,3,4,5,6,7,8,9,10,11,12,13,14,15,16,17
5361,1,2,3,4,5,6,7,8,9,10,11,12,13,14,15,16,17
5362,1,2,3,4,5,6,7,8,9,10,11,12,13,14,15,16,17
5363,1,2,3,4,5,6,7,8,9,10,11,12,13,14,15,16,17
5364,1,2,3,4,5,6,7,8,9,10,11,12,13,14,15,16,17
5365,1,2,3,4,5,6,7,8,9,10,11,12,13,14,15,16,17
5366,1,2,3,4,5,6,7,8,9,10,11,12,13,14,15,16,17
5367,1,2,3,4,5,6,7,8,9,10,11,12,13,14,15,16,17
5368,1,2,3,4,5,6,7,8,9,10,11,12,13,14,15,16,17
5369,1,2,3,4,5,6,7,8,9,10,11,12,13,14,15,16,17
5370,1,2,3,4,5,6,7,8,9,10,11,12,13,14,15,16,17
5371,1,2,3,4,5,6,7,8,9,10,11,12,13,14,15,16,17
5372,1,2,3,4,5,6,7,8,9,10,11,12,13,14,15,16,17
5373,1,2,3,4,5,6,7,8,9,10,11,12,13,14,15,16,17
5374,1,2,3,4,5,6,7,8,9,10,11,12,13,14,15,16,17
5375,1,2,3,4,5,6,7,8,9,10,11,12,13,14,15,16,17
5376,1,2,3,4,5,6,7,8,9,10,11,12,13,14,15,16,17
5377,1,2,3,4,5,6,7,8,9,10,11,12,13,14,15,16,17
5378,1,2,3,4,5,6,7,8,9,10,11,12,13,14,15,16,17
5379,1,2,3,4,5,6,7,8,9,10,11,12,13,14,15,16,17
5380,1,2,3,4,5,6,7,8,9,10,11,12,13,14,15,16,17
5381,1,2,3,4,5,6,7,8,9,10,11,12,13,14,15,16,17
5382,1,2,3,4,5,6,7,8,9,10,11,12,13,14,15,16,17
5383,1,2,3,4,5,6,7,8,9,10,11,12,13,14,15,16,17
5384,1,2,3,4,5,6,7,8,9,10,11,12,13,14,15,16,17
5385,1,2,3,4,5,6,7,8,9,10,11,12,13,14,15,16,17
5386,1,2,3,4,5,6,7,8,9,10,11,12,13,14,15,16,17
5387,1,2,3,4,5,6,7,8,9,10,11,12,13,14,15,16,17
5388,1,2,3,4,5,6,7,8,9,10,11,12,13,14,15,16,17
5389,1,2,3,4,5,6,7,8,9,10,11,12,13,14,15,16,17
5390,1,2,3,4,5,6,7,8,9,10,11,12,13,14,15,16,17
5391,1,2,3,4,5,6,7,8,9,10,11,12,13,14,15,16,17
5392,1,2,3,4,5,6,7,8,9,10,11,12,13,14,15,16,17
5393,1,2,3,4,5,6,7,8,9,10,11,12,13,14,15,16,17
5394,1,2,3,4,5,6,7,8,9,10,11,12,13,14,15,16,17
5395,1,2,3,4,5,6,7,8,9,10,11,12,13,14,15,16,17
5396,1,2,3,4,5,6,7,8,9,10,11,12,13,14,15,16,17
5397,1,2,3,4,5,6,7,8,9,10,11,12,13,14,15,16,17
5398,1,2,3,4,5,6,7,8,9,10,11,12,13,14,15,16,17
5399,1,2,3,4,5,6,7,8,9,10,11,12,13,14,15,16,17
5400,1,2,3,4,5,6,7,8,9,10,11,12,13,14,15,16,17
5401,1,2,3,4,5,6,7,8,9,10,11,12,13,14,15,16,17
5402,1,2,3,4,5,6,7,8,9,10,11,12,13,14,15,16,17
5403,1,2,3,4,5,6,7,8,9,10,11,12,13,14,15,16,17
5404,1,2,3,4,5,6,7,8,9,10,11,12,13,14,15,16,17
5405,1,2,3,4,5,6,7,8,9,10,11,12,13,14,15,16,17
5406,1,2,3,4,5,6,7,8,9,10,11,12,13,14,15,16,17
5407,1,2,3,4,5,6,7,8,9,10,11,12,13,14,15,16,17
5408,1,2,3,4,5,6,7,8,9,10,11,12,13,14,15,16,17
5409,1,2,3,4,5,6,7,8,9,10,11,12,13,14,15,16,17
5410,1,2,3,4,5,6,7,8,9,10,11,12,13,14,15,16,17
5411,1,2,3,4,5,6,7,8,9,10,11,12,13,14,15,16,17
5412,1,2,3,4,5,6,7,8,9,10,11,12,13,14,15,16,17
5413,1,2,3,4,5,6,7,8,9,10,11,12,13,14,15,16,17
5414,1,2,3,4,5,6,7,8,9,10,11,12,13,14,15,16,17
5415,1,2,3,4,5,6,7,8,9,10,11,12,13,14,15,16,17
5416,1,2,3,4,5,6,7,8,9,10,11,12,13,14,15,16,17
5417,1,2,3,4,5,6,7,8,9,10,11,12,13,14,15,16,17
5418,1,2,3,4,5,6,7,8,9,10,11,12,13,14,15,16,17
5419,1,2,3,4,5,6,7,8,9,10,11,12,13,14,15,16,17
5420,1,2,3,4,5,6,7,8,9,10,11,12,13,14,15,16,17
5421,1,2,3,4,5,6,7,8,9,10,11,12,13,14,15,16,17
5422,1,2,3,4,5,6,7,8,9,10,11,12,13,14,15,16,17
5423,1,2,3,4,5,6,7,8,9,10,11,12,13,14,15,16,17
5424,1,2,3,4,5,6,7,8,9,10,11,12,13,14,15,16,17
5425,1,2,3,4,5,6,7,8,9,10,11,12,13,14,15,16,17
5426,1,2,3,4,5,6,7,8,9,10,11,12,13,14,15,16,17
5427,1,2,3,4,5,6,7,8,9,10,11,12,13,14,15,16,17
5428,1,2,3,4,5,6,7,8,9,10,11,12,13,14,15,16,17
5429,1,2,3,4,5,6,7,8,9,10,11,12,13,14,15,16,17
5430,1,2,3,4,5,6,7,8,9,10,11,12,13,14,15,16,17
5431,1,2,3,4,5,6,7,8,9,10,11,12,13,14,15,16,17
5432,1,2,3,4,5,6,7,8,9,10,11,12,13,14,15,16,17
5433,1,2,3,4,5,6,7,8,9,10,11,12,13,14,15,16,17
5434,1,2,3,4,5,6,7,8,9,10,11,12,13,14,15,16,17
5435,1,2,3,4,5,6,7,8,9,10,11,12,13,14,15,16,17
5436,1,2,3,4,5,6,7,8,9,10,11,12,13,14,15,16,17
5437,1,2,3,4,5,6,7,8,9,10,11,12,13,14,15,16,17
5438,1,2,7,12,5,17,7,8,9,10,11,12,13,14,15,16,17
5439,1,9,11,14,5,17,7,8,9,10,11,12,13,14,15,16,17
5440,1,1,9,10,12,13,15,16,9,10,11,12,13,14,15,16,17
5441,1,2,7,11,5,15,7,8,9,10,11,12,13,14,15,16,17
5442,1,2,3,4,5,6,7,8,9,10,11,12,13,14,15,16,17
5443,1,2,3,4,5,6,7,8,9,10,11,12,13,14,15,16,17
5444,1,2,10,4,5,6,7,8,9,10,11,12,13,14,15,16,17
5445,1,2,8,4,5,14,7,8,9,10,11,12,13,14,15,16,17
5446,1,2,3,4,5,6,7,8,9,10,11,12,13,14,15,16,17
5447,1,2,3,4,5,6,7,8,9,10,11,12,13,14,15,16,17
5448,1,2,3,4,5,6,7,8,9,10,11,12,13,14,15,16,17
5449,1,2,3,4,5,6,7,8,9,10,11,12,13,14,15,16,17
5450,1,2,3,4,5,6,7,8,9,10,11,12,13,14,15,16,17
5451,1,2,3,4,5,6,7,8,9,10,11,12,13,14,15,16,17
5452,1,2,3,4,5,6,7,8,9,10,11,12,13,14,15,16,17
5453,1,2,3,4,5,6,7,8,9,10,11,12,13,14,15,16,17
5454,1,2,3,4,5,6,7,8,9,10,11,12,13,14,15,16,17
5455,1,2,3,4,5,6,7,8,9,10,11,12,13,14,15,16,17
5456,1,2,3,4,5,6,7,8,9,10,11,12,13,14,15,16,17
5457,1,8,10,12,5,15,17,8,9,10,11,12,13,14,15,16,17
5458,1,1,9,12,5,14,7,16,9,10,11,12,13,14,15,16,17
5459,1,1,10,13,5,15,7,8,9,10,11,12,13,14,15,16,17
5460,1,1,11,12,13,14,15,16,16,17,11,12,13,14,15,16,17
5461,1,2,11,4,12,6,7,12,9,12,11,12,13,14,12,16,13
5462,1,7,15,4,5,6,7,8,9,10,11,12,13,14,15,16,17
5463,1,2,3,4,5,6,7,8,9,10,11,12,13,14,15,16,17
5464,1,2,3,4,5,6,7,8,9,10,11,12,13,14,15,16,17
5465,1,2,3,4,5,6,7,8,9,10,11,12,13,14,15,16,17
5466,1,2,3,4,5,6,7,8,9,10,11,12,13,14,15,16,17
5467,1,10,3,4,5,6,7,8,9,10,11,12,13,14,15,16,17
5468,1,14,3,4,5,6,7,8,9,10,11,12,13,14,15,16,17
5469,1,2,3,4,5,6,7,8,9,10,11,12,13,14,15,16,17
5470,1,2,3,4,5,6,7,8,9,10,11,12,13,14,15,16,17
5471,1,2,3,4,5,6,7,8,9,10,11,12,13,14,15,16,17
5472,1,2,3,4,5,6,7,8,9,10,11,12,13,14,15,16,17
5473,1,2,3,4,5,6,7,8,9,10,11,12,13,14,15,16,17
5474,1,2,3,4,5,6,7,8,9,10,11,12,13,14,15,16,17
5475,1,2,3,4,5,6,7,8,9,10,11,12,13,14,15,16,17
5476,1,2,3,4,5,6,7,8,9,10,11,12,13,14,15,16,17
5477,1,2,3,4,5,6,7,8,9,10,11,12,13,14,15,16,17
5478,1,2,3,4,5,6,7,8,9,10,11,12,13,14,15,16,17
5479,1,2,3,4,5,6,7,8,9,10,11,12,13,14,15,16,17
5480,1,2,3,4,5,6,7,8,9,10,11,12,13,14,15,16,17
5481,1,2,3,4,5,6,7,8,9,10,11,12,13,14,15,16,17
5482,1,2,3,4,5,6,7,8,9,10,11,12,13,14,15,16,17
5483,1,2,3,4,5,6,7,8,9,10,11,12,13,14,15,16,17
5484,1,4,12,4,5,6,7,8,9,10,11,12,13,14,15,16,17
5485,1,2,3,4,5,6,7,8,9,10,11,12,13,14,15,16,17
5486,1,2,3,4,5,6,7,8,9,10,11,12,13,14,15,16,17
5487,1,2,3,4,5,6,7,8,9,10,11,12,13,14,15,16,17
5488,1,2,3,4,5,6,7,8,9,10,11,12,13,14,15,16,17
5489,1,2,3,4,5,6,7,8,9,10,11,12,13,14,15,16,17
5490,1,2,3,4,5,6,7,8,9,10,11,12,13,14,15,16,17
5491,1,2,3,4,5,6,7,8,9,10,11,12,13,14,15,16,17
5492,1,2,3,4,5,6,7,8,9,10,11,12,13,14,15,16,17
5493,1,2,3,4,5,6,7,8,9,10,11,12,13,14,15,16,17
5494,1,2,3,4,5,6,7,8,9,10,11,12,13,14,15,16,17
5495,1,1,8,10,12,14,7,8,16,10,11,12,13,14,15,16,17
5496,1,17,3,4,5,6,7,8,9,10,11,12,13,14,15,16,17
5497,1,2,3,4,5,6,7,8,9,10,11,12,13,14,15,16,17
5498,1,2,3,4,5,6,7,8,9,10,11,12,13,14,15,16,17
5499,1,2,3,4,5,6,7,8,9,10,11,12,13,14,15,16,17
5500,1,2,3,4,5,6,7,8,9,10,11,12,13,14,15,16,17
5501,1,2,3,4,5,6,7,8,9,10,11,12,13,14,15,16,17
5502,1,2,3,4,5,6,7,8,9,10,11,12,13,14,15,16,17
5503,1,2,3,4,5,6,7,8,9,10,11,12,13,14,15,16,17
5504,1,2,3,4,5,6,7,8,9,10,11,12,13,14,15,16,17
5505,1,2,3,4,5,6,7,8,9,10,11,12,13,14,15,16,17
5506,1,2,3,4,5,6,7,8,9,10,11,12,13,14,15,16,17
5507,1,2,3,4,5,6,7,8,9,10,11,12,13,14,15,16,17
5508,1,2,3,4,5,6,7,8,9,10,11,12,13,14,15,16,17
5509,1,2,3,4,5,6,7,8,9,10,11,12,13,14,15,16,17
5510,1,2,3,4,5,6,7,8,9,10,11,12,13,14,15,16,17
5511,1,2,3,4,5,6,7,8,9,10,11,12,13,14,15,16,17
5512,1,2,3,4,5,6,7,8,9,10,11,12,13,14,15,16,17
5513,1,2,3,4,5,6,7,8,9,10,11,12,13,14,15,16,17
5514,1,2,3,4,5,6,7,8,9,10,11,12,13,14,15,16,17
5515,1,2,3,4,5,6,7,8,9,10,11,12,13,14,15,16,17
5516,1,2,3,4,5,6,7,8,9,10,11,12,13,14,15,16,17
5517,1,2,3,4,5,6,7,8,9,10,11,12,13,14,15,16,17
5518,1,2,3,4,5,6,7,8,9,10,11,12,13,14,15,16,17
5519,1,2,3,4,5,6,7,8,9,10,11,12,13,14,15,16,17
5520,1,2,3,4,5,6,7,8,9,10,11,12,13,14,15,16,17
5521,1,2,3,4,5,6,7,8,9,10,11,12,13,14,15,16,17
5522,1,2,3,4,5,6,7,8,9,10,11,12,13,14,15,16,17
5523,1,2,3,4,5,6,7,8,9,10,11,12,13,14,15,16,17
5524,1,2,3,4,5,6,7,8,9,10,11,12,13,14,15,16,17
5525,1,2,3,4,5,6,7,8,9,10,11,12,13,14,15,16,17
5526,1,2,3,4,5,6,7,8,9,10,11,12,13,14,15,16,17
5527,1,2,3,4,5,6,7,8,9,10,11,12,13,14,15,16,17
5528,1,2,3,4,5,6,7,8,9,10,11,12,13,14,15,16,17
5529,1,2,3,4,5,6,7,8,9,10,11,12,13,14,15,16,17
5530,1,2,3,4,5,6,7,8,9,10,11,12,13,14,15,16,17
5531,1,2,3,4,5,6,7,8,9,10,11,12,13,14,15,16,17
5532,1,2,3,4,5,6,7,8,9,10,11,12,13,14,15,16,17
5533,1,2,3,4,5,6,7,8,9,10,11,12,13,14,15,16,17
5534,1,2,3,4,5,6,7,8,9,10,11,12,13,14,15,16,17
5535,1,2,3,4,5,6,7,8,9,10,11,12,13,14,15,16,17
5536,1,2,3,4,5,6,7,8,9,10,11,12,13,14,15,16,17
5537,1,2,3,4,5,6,7,8,9,10,11,12,13,14,15,16,17
5538,1,2,3,4,5,6,7,8,9,10,11,12,13,14,15,16,17
5539,1,2,3,4,5,6,7,8,9,10,11,12,13,14,15,16,17
5540,1,2,3,4,5,6,7,8,9,10,11,12,13,14,15,16,17
5541,1,2,3,4,5,6,7,8,9,10,11,12,13,14,15,16,17
5542,1,2,3,4,5,6,7,8,9,10,11,12,13,14,15,16,17
5543,1,2,3,4,5,6,7,8,9,10,11,12,13,14,15,16,17
5544,1,2,3,4,5,6,7,8,9,10,11,12,13,14,15,16,17
5545,1,2,3,4,5,6,7,8,9,10,11,12,13,14,15,16,17
5546,1,2,3,4,5,6,7,8,9,10,11,12,13,14,15,16,17
5547,1,2,3,4,5,6,7,8,9,10,11,12,13,14,15,16,17
5548,1,2,3,4,5,6,7,8,9,10,11,12,13,14,15,16,17
5549,1,2,3,4,5,6,7,8,9,10,11,12,13,14,15,16,17
5550,1,2,3,4,5,6,7,8,9,10,11,12,13,14,15,16,17
5551,1,2,3,4,5,6,7,8,9,10,11,12,13,14,15,16,17
5552,1,2,3,4,5,6,7,8,9,10,11,12,13,14,15,16,17
5553,1,2,3,4,5,6,7,8,9,10,11,12,13,14,15,16,17
5554,1,2,3,4,5,6,7,8,9,10,11,12,13,14,15,16,17
5555,1,2,3,4,5,6,7,8,9,10,11,12,13,14,15,16,17
5556,1,2,3,4,5,6,7,8,9,10,11,12,13,14,15,16,17
5557,1,2,3,4,5,6,7,8,9,10,11,12,13,14,15,16,17
5558,1,2,3,4,5,6,7,8,9,10,11,12,13,14,15,16,17
5559,1,2,3,4,5,6,7,8,9,10,11,12,13,14,15,16,17
5560,1,2,3,4,5,6,7,8,9,10,11,12,13,14,15,16,17
5561,1,2,3,4,5,6,7,8,9,10,11,12,13,14,15,16,17
5562,1,2,3,4,5,6,7,8,9,10,11,12,13,14,15,16,17
5563,1,2,3,4,5,6,7,8,9,10,11,12,13,14,15,16,17
5564,1,2,3,4,5,6,7,8,9,10,11,12,13,14,15,16,17
5565,1,2,3,4,5,6,7,8,9,10,11,12,13,14,15,16,17
5566,1,2,3,4,5,6,7,8,9,10,11,12,13,14,15,16,17
5567,1,2,3,4,5,6,7,8,9,10,11,12,13,14,15,16,17
5568,1,2,3,4,5,6,7,8,9,10,11,12,13,14,15,16,17
5569,1,2,3,4,5,6,7,8,9,10,11,12,13,14,15,16,17
5570,1,2,3,4,5,6,7,8,9,10,11,12,13,14,15,16,17
5571,1,2,3,4,5,6,7,8,9,10,11,12,13,14,15,16,17
5572,1,2,3,4,5,6,7,8,9,10,11,12,13,14,15,16,17
5573,1,2,3,4,5,6,7,8,9,10,11,12,13,14,15,16,17
5574,1,2,3,4,5,6,7,8,9,10,11,12,13,14,15,16,17
5575,1,2,3,4,5,6,7,8,9,10,11,12,13,14,15,16,17
5576,1,2,3,4,5,6,7,8,9,10,11,12,13,14,15,16,17
5577,1,2,3,4,5,6,7,8,9,10,11,12,13,14,15,16,17
5578,1,2,3,4,5,6,7,8,9,10,11,12,13,14,15,16,17
5579,1,2,3,4,5,6,7,8,9,10,11,12,13,14,15,16,17
5580,1,2,3,4,5,6,7,8,9,10,11,12,13,14,15,16,17
5581,1,2,3,4,5,6,7,8,9,10,11,12,13,14,15,16,17
5582,1,2,3,4,5,6,7,8,9,10,11,12,13,14,15,16,17
5583,1,7,11,13,15,17,7,8,9,10,11,12,13,14,15,16,17
5584,1,1,8,10,13,15,7,8,9,10,11,12,13,14,15,16,17
5585,1,17,3,4,5,6,7,8,9,10,11,12,13,14,15,16,17
5586,1,2,3,4,5,6,7,8,9,10,11,12,13,14,15,16,17
5587,1,5,14,4,5,6,7,8,9,10,11,12,13,14,15,16,17
5588,1,2,3,4,5,6,7,8,9,10,11,12,13,14,15,16,17
5589,1,2,3,4,5,6,7,8,9,10,11,12,13,14,15,16,17
5590,1,2,3,4,5,6,7,8,9,10,11,12,13,14,15,16,17
5591,1,2,3,4,5,6,7,8,9,10,11,12,13,14,15,16,17
5592,1,2,3,4,5,6,7,8,9,10,11,12,13,14,15,16,17
5593,1,2,3,4,5,6,7,8,9,10,11,12,13,14,15,16,17
5594,1,2,3,4,5,6,7,8,9,10,11,12,13,14,15,16,17
5595,1,2,3,4,5,6,7,8,9,10,11,12,13,14,15,16,17
5596,1,2,3,4,5,6,7,8,9,10,11,12,13,14,15,16,17
5597,1,2,3,4,5,6,7,8,9,10,11,12,13,14,15,16,17
5598,1,2,3,4,5,6,7,8,9,10,11,12,13,14,15,16,17
5599,1,2,3,4,5,6,7,8,9,10,11,12,13,14,15,16,17
5600,1,1,9,11,5,14,16,8,9,10,11,12,13,14,15,16,17
5601,1,1,7,9,12,15,7,8,9,10,11,12,13,14,15,16,17
5602,1,2,3,4,5,6,7,8,9,10,11,12,13,14,15,16,17
5603,1,1,1,11,12,13,14,15,16,17,11,12,13,14,15,16,17
5604,1,1,11,12,12,13,14,15,16,17,11,12,13,14,15,16,17
5605,1,2,3,4,5,6,7,8,9,10,11,12,13,14,15,16,17
5606,1,2,3,4,5,6,7,8,9,10,11,12,13,14,15,16,17
5607,1,2,3,4,5,6,7,8,9,10,11,12,13,14,15,16,17
5608,1,2,3,4,5,6,7,8,9,10,11,12,13,14,15,16,17
5609,1,2,3,4,5,6,7,8,9,10,11,12,13,14,15,16,17
5610,1,3,3,4,5,6,7,8,9,10,11,12,13,14,15,16,17
5611,1,2,3,4,5,6,7,8,9,10,11,12,13,14,15,16,17
5612,1,2,3,4,5,6,7,8,9,10,11,12,13,14,15,16,17
5613,1,2,3,4,5,6,7,8,9,10,11,12,13,14,15,16,17
5614,1,2,3,4,5,6,7,8,9,10,11,12,13,14,15,16,17
5615,1,2,3,4,5,6,7,8,9,10,11,12,13,14,15,16,17
5616,1,2,3,4,5,6,7,8,9,10,11,12,13,14,15,16,17
5617,1,2,3,4,5,6,7,8,9,10,11,12,13,14,15,16,17
5618,1,2,3,4,5,6,7,8,9,10,11,12,13,14,15,16,17
5619,1,2,3,4,5,6,7,8,9,10,11,12,13,14,15,16,17
5620,1,2,3,4,5,6,7,8,9,10,11,12,13,14,15,16,17
5621,1,2,3,4,5,6,7,8,9,10,11,12,13,14,15,16,17
5622,1,2,3,4,5,6,7,8,9,10,11,12,13,14,15,16,17
5623,1,2,3,4,5,6,7,8,9,10,11,12,13,14,15,16,17
5624,1,2,3,4,5,6,7,8,9,10,11,12,13,14,15,16,17
5625,1,2,3,4,5,6,7,8,9,10,11,12,13,14,15,16,17
5626,1,2,3,4,5,6,7,8,9,10,11,12,13,14,15,16,17
5627,1,2,3,4,5,6,7,8,9,10,11,12,13,14,15,16,17
5628,1,2,3,4,5,6,7,8,9,10,11,12,13,14,15,16,17
5629,1,2,3,4,5,6,7,8,9,10,11,12,13,14,15,16,17
5630,1,2,3,4,5,6,7,8,9,10,11,12,13,14,15,16,17
5631,1,2,3,4,5,6,7,8,9,10,11,12,13,14,15,16,17
5632,1,2,3,4,5,6,7,8,9,10,11,12,13,14,15,16,17
5633,1,2,3,4,5,6,7,8,9,10,11,12,13,14,15,16,17
5634,1,2,3,4,5,6,7,8,9,10,11,12,13,14,15,16,17
5635,1,2,3,4,5,6,7,8,9,10,11,12,13,14,15,16,17
5636,1,2,3,4,5,6,7,8,9,10,11,12,13,14,15,16,17
5637,1,2,3,4,5,6,7,8,9,10,11,12,13,14,15,16,17
5638,1,1,10,11,13,14,15,8,17,10,11,12,13,14,15,16,17
5639,1,2,3,4,5,6,7,8,9,10,11,12,13,14,15,16,17
5640,1,2,3,4,5,6,7,8,9,10,11,12,13,14,15,16,17
5641,1,2,3,4,5,6,7,8,9,10,11,12,13,14,15,16,17
5642,1,2,3,4,5,6,7,8,9,10,11,12,13,14,15,16,17
5643,1,2,3,4,5,6,7,8,9,10,11,12,13,14,15,16,17
5644,1,2,3,4,5,6,7,8,9,10,11,12,13,14,15,16,17
5645,1,2,3,4,5,6,7,8,9,10,11,12,13,14,15,16,17
5646,1,2,3,4,5,6,7,8,9,10,11,12,13,14,15,16,17
5647,1,2,3,4,5,6,7,8,9,10,11,12,13,14,15,16,17
5648,1,2,3,4,5,6,7,8,9,10,11,12,13,14,15,16,17
5649,1,2,3,4,5,6,7,8,9,10,11,12,13,14,15,16,17
5650,1,2,3,4,5,6,7,8,9,10,11,12,13,14,15,16,17
5651,1,2,3,4,5,6,7,8,9,10,11,12,13,14,15,16,17
5652,1,2,3,4,5,6,7,8,9,10,11,12,13,14,15,16,17
5653,1,2,3,4,5,6,7,8,9,10,11,12,13,14,15,16,17
5654,1,2,3,4,5,6,7,8,9,10,11,12,13,14,15,16,17
5655,1,2,3,4,5,6,7,8,9,10,11,12,13,14,15,16,17
5656,1,2,3,4,5,6,7,8,9,10,11,12,13,14,15,16,17
5657,1,2,3,4,5,6,7,8,9,10,11,12,13,14,15,16,17
5658,1,2,3,4,5,6,7,8,9,10,11,12,13,14,15,16,17
5659,1,6,3,4,5,6,7,8,9,10,11,12,13,14,15,16,17
5660,1,7,3,4,5,6,7,8,9,10,11,12,13,14,15,16,17
5661,1,2,3,4,5,6,7,8,9,10,11,12,13,14,15,16,17
5662,1,2,3,4,5,6,7,8,9,10,11,12,13,14,15,16,17
5663,1,2,3,4,5,6,7,8,9,10,11,12,13,14,15,16,17
5664,1,2,3,4,5,6,7,8,9,10,11,12,13,14,15,16,17
5665,1,2,3,4,5,6,7,8,9,10,11,12,13,14,15,16,17
5666,1,2,3,4,5,6,7,8,9,10,11,12,13,14,15,16,17
5667,1,2,3,4,5,6,7,8,9,10,11,12,13,14,15,16,17
5668,1,2,3,4,5,6,7,8,9,10,11,12,13,14,15,16,17
5669,1,2,3,4,5,6,7,8,9,10,11,12,13,14,15,16,17
5670,1,2,3,4,5,6,7,8,9,10,11,12,13,14,15,16,17
5671,1,2,3,4,5,6,7,8,9,10,11,12,13,14,15,16,17
5672,1,2,3,4,5,6,7,8,9,10,11,12,13,14,15,16,17
5673,1,2,3,4,5,6,7,8,9,10,11,12,13,14,15,16,17
5674,1,2,3,4,5,6,7,8,9,10,11,12,13,14,15,16,17
5675,1,2,3,4,5,6,7,8,9,10,11,12,13,14,15,16,17
5676,1,2,3,4,5,6,7,8,9,10,11,12,13,14,15,16,17
5677,1,2,3,4,5,6,7,8,9,10,11,12,13,14,15,16,17
5678,1,2,3,4,5,6,7,8,9,10,11,12,13,14,15,16,17
5679,1,2,3,4,5,6,7,8,9,10,11,12,13,14,15,16,17
5680,1,2,3,4,5,6,7,8,9,10,11,12,13,14,15,16,17
5681,1,2,3,4,5,6,7,8,9,10,11,12,13,14,15,16,17
5682,1,2,3,4,5,6,7,8,9,10,11,12,13,14,15,16,17
5683,1,2,3,4,5,6,7,8,9,10,11,12,13,14,15,16,17
5684,1,2,3,4,5,6,7,8,9,10,11,12,13,14,15,16,17
5685,1,2,3,4,5,6,7,8,9,10,11,12,13,14,15,16,17
5686,1,2,3,4,5,6,7,8,9,10,11,12,13,14,15,16,17
5687,1,2,3,4,5,6,7,8,9,10,11,12,13,14,15,16,17
5688,1,2,3,4,5,6,7,8,9,10,11,12,13,14,15,16,17
5689,1,2,3,4,5,6,7,8,9,10,11,12,13,14,15,16,17
5690,1,2,3,4,5,6,7,8,9,10,11,12,13,14,15,16,17
5691,1,2,3,4,5,6,7,8,9,10,11,12,13,14,15,16,17
5692,1,2,3,4,5,6,7,8,9,10,11,12,13,14,15,16,17
5693,1,2,3,4,5,6,7,8,9,10,11,12,13,14,15,16,17
5694,1,2,3,4,5,6,7,8,9,10,11,12,13,14,15,16,17
5695,1,2,3,4,5,6,7,8,9,10,11,12,13,14,15,16,17
5696,1,2,3,4,5,6,7,8,9,10,11,12,13,14,15,16,17
5697,1,2,3,4,5,6,7,8,9,10,11,12,13,14,15,16,17
5698,1,2,3,4,5,6,7,8,9,10,11,12,13,14,15,16,17
5699,1,2,3,4,5,6,7,8,9,10,11,12,13,14,15,16,17
5700,1,2,3,4,5,6,7,8,9,10,11,12,13,14,15,16,17
5701,1,2,3,4,5,6,7,8,9,10,11,12,13,14,15,16,17
5702,1,2,3,4,5,6,7,8,9,10,11,12,13,14,15,16,17
5703,1,2,3,4,5,6,7,8,9,10,11,12,13,14,15,16,17
5704,1,2,3,4,5,6,7,8,9,10,11,12,13,14,15,16,17
5705,1,2,3,4,5,6,7,8,9,10,11,12,13,14,15,16,17
5706,1,2,3,4,5,6,7,8,9,10,11,12,13,14,15,16,17
5707,1,2,3,4,5,6,7,8,9,10,11,12,13,14,15,16,17
5708,1,2,3,4,5,6,7,8,9,10,11,12,13,14,15,16,17
5709,1,2,3,4,5,6,7,8,9,10,11,12,13,14,15,16,17
5710,1,2,3,4,5,6,7,8,9,10,11,12,13,14,15,16,17
5711,1,2,3,4,5,6,7,8,9,10,11,12,13,14,15,16,17
5712,1,2,3,4,5,6,7,8,9,10,11,12,13,14,15,16,17
5713,1,2,3,4,5,6,7,8,9,10,11,12,13,14,15,16,17
5714,1,2,3,4,5,6,7,8,9,10,11,12,13,14,15,16,17
5715,1,2,3,4,5,6,7,8,9,10,11,12,13,14,15,16,17
5716,1,2,3,4,5,6,7,8,9,10,11,12,13,14,15,16,17
5717,1,2,3,4,5,6,7,8,9,10,11,12,13,14,15,16,17
5718,1,2,3,4,5,6,7,8,9,10,11,12,13,14,15,16,17
5719,1,2,3,4,5,6,7,8,9,10,11,12,13,14,15,16,17
5720,1,2,3,4,5,6,7,8,9,10,11,12,13,14,15,16,17
5721,1,2,3,4,5,6,7,8,9,10,11,12,13,14,15,16,17
5722,1,2,3,4,5,6,7,8,9,10,11,12,13,14,15,16,17
5723,1,2,3,4,5,6,7,8,9,10,11,12,13,14,15,16,17
5724,1,2,3,4,5,6,7,8,9,10,11,12,13,14,15,16,17
5725,1,2,3,4,5,6,7,8,9,10,11,12,13,14,15,16,17
5726,1,2,3,4,5,6,7,8,9,10,11,12,13,14,15,16,17
5727,1,1,8,11,12,14,7,8,16,10,11,12,13,14,15,16,17
5728,1,2,9,4,5,6,7,8,9,10,11,12,13,14,15,16,17
5729,1,2,3,4,5,6,7,8,9,10,11,12,13,14,15,16,17
5730,1,2,3,4,5,6,7,8,9,10,11,12,13,14,15,16,17
5731,1,2,3,4,5,6,7,8,9,10,11,12,13,14,15,16,17
5732,1,2,3,4,5,6,7,8,9,10,11,12,13,14,15,16,17
5733,1,2,3,4,5,6,7,8,9,10,11,12,13,14,15,16,17
5734,1,2,3,4,5,6,7,8,9,10,11,12,13,14,15,16,17
5735,1,2,3,4,5,6,7,8,9,10,11,12,13,14,15,16,17
5736,1,2,3,4,5,6,7,8,9,10,11,12,13,14,15,16,17
5737,1,2,3,4,5,6,7,8,9,10,11,12,13,14,15,16,17
5738,1,2,3,4,5,6,7,8,9,10,11,12,13,14,15,16,17
5739,1,2,3,4,5,6,7,8,9,10,11,12,13,14,15,16,17
5740,1,2,3,4,5,6,7,8,9,10,11,12,13,14,15,16,17
5741,1,2,3,4,5,6,7,8,9,10,11,12,13,14,15,16,17
5742,1,2,3,4,5,6,7,8,9,10,11,12,13,14,15,16,17
5743,1,8,10,13,5,15,17,8,9,10,11,12,13,14,15,16,17
5744,1,8,11,13,5,16,7,8,9,10,11,12,13,14,15,16,17
5745,1,2,3,4,5,6,7,8,9,10,11,12,13,14,15,16,17
5746,1,7,10,4,13,17,7,8,9,10,11,12,13,14,15,16,17
5747,1,10,11,12,13,14,15,16,17,10,11,12,13,14,15,16,17
5748,1,2,3,4,5,6,7,8,9,10,11,12,13,14,15,16,17
5749,1,2,3,4,5,6,7,8,9,10,11,12,13,14,15,16,17
5750,1,2,3,4,5,6,7,8,9,10,11,12,13,14,15,16,17
5751,1,2,3,4,5,6,7,8,9,10,11,12,13,14,15,16,17
5752,1,2,3,4,5,6,7,8,9,10,11,12,13,14,15,16,17
5753,1,2,3,4,5,6,7,8,9,10,11,12,13,14,15,16,17
5754,1,2,3,4,5,6,7,8,9,10,11,12,13,14,15,16,17
5755,1,2,3,4,5,6,7,8,9,10,11,12,13,14,15,16,17
5756,1,2,3,4,5,6,7,8,9,10,11,12,13,14,15,16,17
5757,1,2,3,4,5,6,7,8,9,10,11,12,13,14,15,16,17
5758,1,2,3,4,5,6,7,8,9,10,11,12,13,14,15,16,17
5759,1,2,3,4,5,6,7,8,9,10,11,12,13,14,15,16,17
5760,1,2,3,4,5,6,7,8,9,10,11,12,13,14,15,16,17
5761,1,2,3,4,5,6,7,8,9,10,11,12,13,14,15,16,17
5762,1,2,3,4,5,6,7,8,9,10,11,12,13,14,15,16,17
5763,1,2,3,4,5,6,7,8,9,10,11,12,13,14,15,16,17
5764,1,2,3,4,5,6,7,8,9,10,11,12,13,14,15,16,17
5765,1,2,3,4,5,6,7,8,9,10,11,12,13,14,15,16,17
5766,1,2,3,4,5,6,7,8,9,10,11,12,13,14,15,16,17
5767,1,2,3,4,5,6,7,8,9,10,11,12,13,14,15,16,17
5768,1,2,3,4,5,6,7,8,9,10,11,12,13,14,15,16,17
5769,1,2,3,4,5,6,7,8,9,10,11,12,13,14,15,16,17
5770,1,2,3,4,5,6,7,8,9,10,11,12,13,14,15,16,17
5771,1,2,3,4,5,6,7,8,9,10,11,12,13,14,15,16,17
5772,1,2,3,4,5,6,7,8,9,10,11,12,13,14,15,16,17
5773,1,2,3,4,5,6,7,8,9,10,11,12,13,14,15,16,17
5774,1,2,3,4,5,6,7,8,9,10,11,12,13,14,15,16,17
5775,1,2,3,4,5,6,7,8,9,10,11,12,13,14,15,16,17
5776,2,2,3,4,5,2,7,8,9,2,11,12,13,2,15,16,17
5777,1,2,3,4,5,6,7,8,9,10,11,12,13,14,15,16,17
5778,1,2,3,4,5,6,7,8,9,10,11,12,13,14,15,16,17
5779,1,2,3,4,5,6,7,8,9,10,11,12,13,14,15,16,17
5780,1,2,3,4,5,6,7,8,9,10,11,12,13,14,15,16,17
5781,1,1,8,10,12,14,7,8,16,10,11,12,13,14,15,16,17
5782,1,2,3,4,5,6,7,8,9,10,11,12,13,14,15,16,17
5783,1,2,3,4,5,6,7,8,9,10,11,12,13,14,15,16,17
5784,1,2,3,4,5,6,7,8,9,10,11,12,13,14,15,16,17
5785,1,2,3,4,5,6,7,8,9,10,11,12,13,14,15,16,17
5786,1,2,3,4,5,6,7,8,9,10,11,12,13,14,15,16,17
5787,1,2,3,4,5,6,7,8,9,10,11,12,13,14,15,16,17
5788,1,2,3,4,5,6,7,8,9,10,11,12,13,14,15,16,17
5789,1,2,3,4,5,6,7,8,9,10,11,12,13,14,15,16,17
5790,1,2,3,4,5,6,7,8,9,10,11,12,13,14,15,16,17
5791,1,2,3,4,5,6,7,8,9,10,11,12,13,14,15,16,17
5792,1,2,3,4,5,6,7,8,9,10,11,12,13,14,15,16,17
5793,1,2,3,4,5,6,7,8,9,10,11,12,13,14,15,16,17
5794,1,2,3,4,5,6,7,8,9,10,11,12,13,14,15,16,17
5795,1,2,3,4,5,6,7,8,9,10,11,12,13,14,15,16,17
5796,1,2,3,4,5,6,7,8,9,10,11,12,13,14,15,16,17
5797,1,2,3,4,5,6,7,8,9,10,11,12,13,14,15,16,17
5798,1,2,3,4,5,6,7,8,9,10,11,12,13,14,15,16,17
5799,1,2,3,4,5,6,7,8,9,10,11,12,13,14,15,16,17
5800,1,2,3,4,5,6,7,8,9,10,11,12,13,14,15,16,17
5801,1,11,3,4,5,6,7,8,9,10,11,12,13,14,15,16,17
5802,1,1,9,11,13,16,7,8,9,10,11,12,13,14,15,16,17
5803,1,2,3,4,5,6,7,8,9,10,11,12,13,14,15,16,17
5804,1,2,3,4,5,6,7,8,9,10,11,12,13,14,15,16,17
5805,1,2,3,4,5,6,7,8,9,10,11,12,13,14,15,16,17
5806,1,2,3,4,5,6,7,8,9,10,11,12,13,14,15,16,17
5807,1,2,3,4,5,6,7,8,9,10,11,12,13,14,15,16,17
5808,1,2,3,4,5,6,7,8,9,10,11,12,13,14,15,16,17
5809,1,2,3,4,5,6,7,8,9,10,11,12,13,14,15,16,17
5810,1,2,3,4,5,6,7,8,9,10,11,12,13,14,15,16,17
5811,1,2,3,4,5,6,7,8,9,10,11,12,13,14,15,16,17
5812,1,2,3,4,5,6,7,8,9,10,11,12,13,14,15,16,17
5813,1,2,3,4,5,6,7,8,9,10,11,12,13,14,15,16,17
5814,1,2,3,4,5,6,7,8,9,10,11,12,13,14,15,16,17
5815,1,2,3,4,5,6,7,8,9,10,11,12,13,14,15,16,17
5816,1,2,3,4,5,6,7,8,9,10,11,12,13,14,15,16,17
5817,1,2,3,4,5,6,7,8,9,10,11,12,13,14,15,16,17
5818,1,2,3,4,5,6,7,8,9,10,11,12,13,14,15,16,17
5819,1,2,3,4,5,6,7,8,9,10,11,12,13,14,15,16,17
5820,1,2,3,4,5,6,7,8,9,10,11,12,13,14,15,16,17
5821,1,2,3,4,5,6,7,8,9,10,11,12,13,14,15,16,17
5822,1,2,3,4,5,6,7,8,9,10,11,12,13,14,15,16,17
5823,1,2,3,4,5,6,7,8,9,10,11,12,13,14,15,16,17
5824,1,2,3,4,5,6,7,8,9,10,11,12,13,14,15,16,17
5825,1,2,3,4,5,6,7,8,9,10,11,12,13,14,15,16,17
5826,1,2,3,4,5,6,7,8,9,10,11,12,13,14,15,16,17
5827,1,2,3,4,5,6,7,8,9,10,11,12,13,14,15,16,17
5828,1,16,3,4,5,6,7,8,9,10,11,12,13,14,15,16,17
5829,1,2,3,4,5,6,7,8,9,10,11,12,13,14,15,16,17
5830,1,2,3,4,5,6,7,8,9,10,11,12,13,14,15,16,17
5831,1,2,3,4,5,6,7,8,9,10,11,12,13,14,15,16,17
5832,1,2,3,4,5,6,7,8,9,10,11,12,13,14,15,16,17
5833,1,2,3,4,5,6,7,8,9,10,11,12,13,14,15,16,17
5834,1,2,3,4,5,6,7,8,9,10,11,12,13,14,15,16,17
5835,1,2,3,4,5,6,7,8,9,10,11,12,13,14,15,16,17
5836,1,2,3,4,5,6,7,8,9,10,11,12,13,14,15,16,17
5837,1,2,3,4,5,6,7,8,9,10,11,12,13,14,15,16,17
5838,1,2,3,4,5,6,7,8,9,10,11,12,13,14,15,16,17
5839,1,2,3,4,5,6,7,8,9,10,11,12,13,14,15,16,17
5840,1,2,3,4,5,6,7,8,9,10,11,12,13,14,15,16,17
5841,1,2,3,4,5,6,7,8,9,10,11,12,13,14,15,16,17
5842,1,2,3,4,5,6,7,8,9,10,11,12,13,14,15,16,17
5843,1,2,3,4,5,6,7,8,9,10,11,12,13,14,15,16,17
5844,1,2,3,4,5,6,7,8,9,10,11,12,13,14,15,16,17
5845,1,2,3,4,5,6,7,8,9,10,11,12,13,14,15,16,17
5846,1,2,3,4,5,6,7,8,9,10,11,12,13,14,15,16,17
5847,1,2,3,4,5,6,7,8,9,10,11,12,13,14,15,16,17
5848,1,2,3,4,5,6,7,8,9,10,11,12,13,14,15,16,17
5849,1,2,3,4,5,6,7,8,9,10,11,12,13,14,15,16,17
5850,1,2,3,4,5,6,7,8,9,10,11,12,13,14,15,16,17
5851,1,2,3,4,5,6,7,8,9,10,11,12,13,14,15,16,17
5852,1,2,3,4,5,6,7,8,9,10,11,12,13,14,15,16,17
5853,1,2,3,4,5,6,7,8,9,10,11,12,13,14,15,16,17
5854,1,2,3,4,5,6,7,8,9,10,11,3,13,14,15,16,17
5855,1,2,3,4,5,6,7,8,9,10,11,12,13,14,15,16,17
5856,1,2,3,4,5,6,7,8,9,10,11,12,13,14,15,16,17
5857,1,2,3,4,5,6,7,8,9,10,11,12,13,14,15,16,17
5858,1,2,3,4,5,6,7,8,9,10,11,12,13,14,15,16,17
5859,1,2,3,4,5,6,7,8,9,10,11,12,13,14,15,16,17
5860,1,2,3,4,5,6,7,8,9,10,11,12,13,14,15,16,17
5861,1,2,3,4,5,6,7,8,9,10,11,12,13,14,15,16,17
5862,1,2,3,4,5,6,7,8,9,10,11,12,13,14,15,16,17
5863,1,2,3,4,5,6,7,8,9,10,11,12,13,14,15,16,17
5864,1,2,3,4,5,6,7,8,9,10,11,12,13,14,15,16,17
5865,1,2,3,4,5,6,7,8,9,10,11,12,13,14,15,16,17
5866,1,2,3,4,5,6,7,8,9,10,11,12,13,14,15,16,17
5867,1,2,3,4,5,6,7,8,9,10,11,12,13,14,15,16,17
5868,1,2,3,4,5,6,7,8,9,10,11,12,13,14,15,16,17
5869,1,2,3,4,5,6,7,8,9,10,11,12,13,14,15,16,17
5870,1,2,3,4,5,6,7,8,9,10,11,12,13,14,15,16,17
5871,1,2,3,4,5,6,7,8,9,10,11,12,13,14,15,16,17
5872,1,2,3,4,5,6,7,8,9,10,11,12,13,14,15,16,17
5873,1,2,3,4,5,6,7,8,9,10,11,12,13,14,15,16,17
5874,1,2,3,4,5,6,7,8,9,10,11,12,13,14,15,16,17
5875,1,2,3,4,5,6,7,8,9,10,11,12,13,14,15,16,17
5876,1,2,3,4,5,6,7,8,9,10,11,12,13,14,15,16,17
5877,1,2,3,4,5,6,7,8,9,10,11,12,13,14,15,16,17
5878,1,2,3,4,5,6,7,8,9,10,11,12,13,14,15,16,17
5879,1,2,3,4,5,6,7,8,9,10,11,12,13,14,15,16,17
5880,1,2,3,4,5,6,7,8,9,10,11,12,13,14,15,16,17
5881,1,2,3,4,5,6,7,8,9,10,11,12,13,14,15,16,17
5882,1,2,3,4,5,6,7,8,9,10,11,12,13,14,15,16,17
5883,1,2,3,4,5,6,7,8,9,10,11,12,13,14,15,16,17
5884,1,2,3,4,5,6,7,8,9,10,11,12,13,14,15,16,17
5885,1,2,3,4,5,6,7,8,9,10,11,12,13,14,15,16,17
5886,1,7,12,4,5,17,7,8,9,10,11,12,13,14,15,16,17
5887,1,7,10,13,5,16,7,8,9,10,11,12,13,14,15,16,17
5888,1,2,3,4,5,6,7,8,9,10,11,12,13,14,15,16,17
5889,1,7,12,4,17,6,7,8,9,10,11,12,13,14,15,16,17
5890,1,1,9,11,13,16,7,8,9,10,11,12,13,14,15,16,17
5891,1,2,3,4,5,6,7,8,9,10,11,12,13,14,15,16,17
5892,1,2,3,4,5,6,7,8,9,10,11,12,13,14,15,16,17
5893,1,2,3,4,5,6,7,8,9,10,11,12,13,14,15,16,17
5894,1,2,3,4,5,6,7,8,9,10,11,12,13,14,15,16,17
5895,1,2,3,4,5,6,7,8,9,10,11,12,13,14,15,16,17
5896,1,2,3,4,5,6,7,8,9,10,11,12,13,14,15,16,17
5897,1,2,3,4,5,6,7,8,9,10,11,12,13,14,15,16,17
5898,1,2,3,4,5,6,7,8,9,10,11,12,13,14,15,16,17
5899,1,2,3,4,5,6,7,8,9,10,11,12,13,14,15,16,17
5900,1,2,3,4,5,6,7,8,9,10,11,12,13,14,15,16,17
5901,1,2,3,4,5,6,7,8,9,10,11,12,13,14,15,16,17
5902,1,2,3,4,5,6,7,8,9,10,11,12,13,14,15,16,17
5903,1,2,3,4,5,6,7,8,9,10,11,12,13,14,15,16,17
5904,1,2,3,4,5,6,7,8,9,10,11,12,13,14,15,16,17
5905,1,2,3,4,5,6,7,8,9,10,11,12,13,14,15,16,17
5906,1,2,3,4,5,6,7,8,9,10,11,12,13,14,15,16,17
5907,1,2,3,4,5,6,7,8,9,10,11,12,13,14,15,16,17
5908,1,2,3,4,5,6,7,8,9,10,11,12,13,14,15,16,17
5909,1,2,3,4,5,6,7,8,9,10,11,12,13,14,15,16,17
5910,1,2,3,4,5,6,7,8,9,10,11,12,13,14,15,16,17
5911,1,2,3,4,5,6,7,8,9,10,11,12,13,14,15,16,17
5912,1,2,3,4,5,6,7,8,9,10,11,12,13,14,15,16,17
5913,1,2,3,4,5,6,7,8,9,10,11,12,13,14,15,16,17
5914,1,2,3,4,5,6,7,8,9,10,11,12,13,14,15,16,17
5915,1,2,3,4,5,6,7,8,9,10,11,12,13,14,15,16,17
5916,1,2,3,4,5,6,7,8,9,10,11,12,13,14,15,16,17
5917,1,2,3,4,5,6,7,8,9,10,11,12,13,14,15,16,17
5918,1,2,3,4,5,6,7,8,9,10,11,12,13,14,15,16,17
5919,1,2,3,4,5,6,7,8,9,10,11,12,13,14,15,16,17
5920,2,2,2,4,5,6,2,8,9,2,11,12,13,2,15,16,17
5921,1,2,3,2,5,6,2,8,2,10,11,3,13,14,3,16,3
5922,2,2,3,2,5,6,2,8,9,3,11,3,13,14,3,16,17
5923,2,2,3,4,5,6,7,2,9,3,4,5,13,6,6,16,7
5924,1,1,11,12,13,14,15,16,17,10,11,12,13,14,15,16,17
5925,1,2,3,4,5,6,7,8,9,10,11,12,13,14,15,16,17
5926,1,2,3,4,5,6,7,8,9,10,11,12,13,14,15,16,17
5927,1,2,3,4,5,6,7,8,9,10,11,12,13,14,15,16,17
5928,1,2,3,4,5,6,7,8,9,10,11,12,13,14,15,16,17
5929,1,2,3,4,5,6,7,8,9,10,11,12,13,14,15,16,17
5930,1,2,3,4,5,6,7,8,9,10,11,12,13,14,15,16,17
5931,1,2,3,4,5,6,7,8,9,10,11,12,13,14,15,16,17
5932,1,2,3,4,5,6,7,8,9,10,11,12,13,14,15,16,17
5933,1,2,3,4,5,6,7,8,9,10,11,12,13,14,15,16,17
5934,1,2,3,4,5,6,7,8,9,10,11,12,13,14,15,16,17
5935,1,2,3,4,5,6,7,8,9,10,11,12,13,14,15,16,17
5936,1,2,3,4,5,6,7,8,9,10,11,12,13,14,15,16,17
5937,1,2,3,4,5,6,7,8,9,10,11,12,13,14,15,16,17
5938,1,2,3,4,5,6,7,8,9,10,11,12,13,14,15,16,17
5939,1,2,3,4,5,6,7,8,9,10,11,12,13,14,15,16,17
5940,1,2,3,4,5,6,7,8,9,10,11,12,13,14,15,16,17
5941,1,2,3,4,5,6,7,8,9,10,11,12,13,14,15,16,17
5942,1,2,3,4,5,6,7,8,9,10,11,12,13,14,15,16,17
5943,1,1,3,4,5,6,7,8,9,10,11,12,13,14,15,16,17
5944,1,8,11,14,5,17,7,8,9,10,11,12,13,14,15,16,17
5945,1,3,3,4,5,6,7,8,9,10,11,12,13,14,15,16,17
5946,1,2,3,4,5,6,7,8,9,10,11,12,13,14,15,16,17
5947,1,2,3,4,5,6,7,8,9,10,11,12,13,14,15,16,17
5948,1,2,3,4,5,6,7,8,9,10,11,12,13,14,15,16,17
5949,1,2,3,4,5,6,7,8,9,10,11,12,13,14,15,16,17
5950,1,2,3,4,5,6,7,8,9,10,11,12,13,14,15,16,17
5951,1,2,3,4,5,6,7,8,9,10,11,12,13,14,15,16,17
5952,1,2,3,4,5,6,7,8,9,10,11,12,13,14,15,16,17
5953,1,2,3,4,5,6,7,8,9,10,11,12,13,14,15,16,17
5954,1,2,3,4,5,6,7,8,9,10,11,12,13,14,15,16,17
5955,1,8,3,4,5,6,7,8,9,10,11,12,13,14,15,16,17
5956,1,2,3,4,5,6,7,8,9,10,11,12,13,14,15,16,17
5957,1,2,3,4,5,6,7,8,9,10,11,12,13,14,15,16,17
5958,1,2,3,4,5,6,7,8,9,10,11,12,13,14,15,16,17
5959,1,2,3,4,5,6,7,8,9,10,11,12,13,14,15,16,17
5960,1,2,3,4,5,6,7,8,9,10,11,12,13,14,15,16,17
5961,1,2,3,4,5,6,7,8,9,10,11,12,13,14,15,16,17
5962,1,2,3,4,5,6,7,8,9,10,11,12,13,14,15,16,17
5963,1,2,3,4,5,6,7,8,9,10,11,12,13,14,15,16,17
5964,1,2,3,4,5,6,7,8,9,10,11,12,13,14,15,16,17
5965,1,2,3,4,5,6,7,8,9,10,11,12,13,14,15,16,17
5966,1,2,3,4,5,6,7,8,9,10,11,12,13,14,15,16,17
5967,1,2,3,4,5,6,7,8,9,10,11,12,13,14,15,16,17
5968,1,2,3,4,5,6,7,8,9,10,11,12,13,14,15,16,17
5969,1,2,3,4,5,6,7,8,9,10,11,12,13,14,15,16,17
5970,1,2,3,4,5,6,7,8,9,10,11,12,13,14,15,16,17
5971,1,2,3,4,5,6,7,8,9,10,11,12,13,14,15,16,17
5972,1,2,3,4,5,6,7,8,9,10,11,12,13,14,15,16,17
5973,1,2,3,4,5,6,7,8,9,10,11,12,13,14,15,16,17
5974,1,2,3,4,5,6,7,8,9,10,11,12,13,14,15,16,17
5975,1,2,3,4,5,6,7,8,9,10,11,12,13,14,15,16,17
5976,1,2,3,4,5,6,7,8,9,10,11,12,13,14,15,16,17
5977,1,2,3,4,5,6,7,8,9,10,11,12,13,14,15,16,17
5978,1,2,3,4,5,6,7,8,9,10,11,12,13,14,15,16,17
5979,1,2,3,4,5,6,7,8,9,10,11,12,13,14,15,16,17
5980,1,2,3,4,5,6,7,8,9,10,11,12,13,14,15,16,17
5981,1,2,3,4,5,6,7,8,9,10,11,12,13,14,15,16,17
5982,1,2,3,4,5,6,7,8,9,10,11,12,13,14,15,16,17
5983,1,2,3,4,5,6,7,8,9,10,11,12,13,14,15,16,17
5984,1,2,3,4,5,6,7,8,9,10,11,12,13,14,15,16,17
5985,1,2,3,4,5,6,7,8,9,10,11,12,13,14,15,16,17
5986,1,2,3,4,5,6,7,8,9,10,11,12,13,14,15,16,17
5987,1,2,3,4,5,6,7,8,9,10,11,12,13,14,15,16,17
5988,1,2,3,4,5,6,7,8,9,10,11,12,13,14,15,16,17
5989,1,2,3,4,5,6,7,8,9,10,11,12,13,14,15,16,17
5990,1,2,3,4,5,6,7,8,9,10,11,12,13,14,15,16,17
5991,1,2,3,4,5,6,7,8,9,10,11,12,13,14,15,16,17
5992,1,2,3,4,5,6,7,8,9,10,11,12,13,14,15,16,17
5993,1,2,3,4,5,6,7,8,9,10,11,12,13,14,15,16,17
5994,1,2,3,4,5,6,7,8,9,10,11,12,13,14,15,16,17
5995,1,2,3,4,5,6,7,8,9,10,11,12,13,14,15,16,17
5996,1,2,3,4,5,6,7,8,9,10,11,12,13,14,15,16,17
5997,1,2,3,4,5,6,7,8,9,10,11,12,13,14,15,16,17
5998,1,2,3,4,5,6,7,8,9,10,11,12,13,14,15,16,17
5999,1,2,3,4,5,6,7,8,9,10,11,12,13,14,15,16,17
6000,1,2,3,4,5,6,7,8,9,10,11,12,13,14,15,16,17
6001,1,2,3,4,5,6,7,8,9,10,11,12,13,14,15,16,17
6002,1,2,3,4,5,6,7,8,9,10,11,12,13,14,15,16,17
6003,1,2,3,4,5,6,7,8,9,10,11,12,13,14,15,16,17
6004,1,2,3,4,5,6,7,8,9,10,11,12,13,14,15,16,17
6005,1,2,3,4,5,6,7,8,9,10,11,12,13,14,15,16,17
6006,1,2,3,4,5,6,7,8,9,10,11,12,13,14,15,16,17
6007,1,2,3,4,5,6,7,8,9,10,11,12,13,14,15,16,17
6008,1,2,3,4,5,6,7,8,9,10,11,12,13,14,15,16,17
6009,1,2,3,4,5,6,7,8,9,10,11,12,13,14,15,16,17
6010,1,2,3,4,5,6,7,8,9,10,11,12,13,14,15,16,17
6011,1,2,3,4,5,6,7,8,9,10,11,12,13,14,15,16,17
6012,1,2,3,4,5,6,7,8,9,10,11,12,13,14,15,16,17
6013,1,2,3,4,5,6,7,8,9,10,11,12,13,14,15,16,17
6014,1,2,3,4,5,6,7,8,9,10,11,12,13,14,15,16,17
6015,1,2,3,4,5,6,7,8,9,10,11,12,13,14,15,16,17
6016,1,2,3,4,5,6,7,8,9,10,11,12,13,14,15,16,17
6017,1,2,3,4,5,6,7,8,9,10,11,12,13,14,15,16,17
6018,1,2,3,4,5,6,7,8,9,10,11,12,13,14,15,16,17
6019,1,2,3,4,5,6,7,8,9,10,11,12,13,14,15,16,17
6020,1,2,3,4,5,6,7,8,9,10,11,12,13,14,15,16,17
6021,1,2,3,4,5,6,7,8,9,10,11,12,13,14,15,16,17
6022,1,2,3,4,5,6,7,8,9,10,11,12,13,14,15,16,17
6023,1,2,3,4,5,6,7,8,9,10,11,12,13,14,15,16,17
6024,1,2,3,4,5,6,7,8,9,10,11,12,13,14,15,16,17
6025,1,2,3,4,5,6,7,8,9,10,11,12,13,14,15,16,17
6026,1,2,3,4,5,6,7,8,9,10,11,12,13,14,15,16,17
6027,1,2,3,4,5,6,7,8,9,10,11,12,13,14,15,16,17
6028,1,2,3,4,5,6,7,8,9,10,11,12,13,14,15,16,17
6029,1,2,3,4,5,6,7,8,9,10,11,12,13,14,15,16,17
6030,1,2,3,4,5,6,7,8,9,10,11,12,13,14,15,16,17
6031,1,3,3,4,5,6,7,8,9,10,11,12,13,14,15,16,17
6032,1,4,13,4,5,6,7,8,9,10,11,12,13,14,15,16,17
6033,1,4,3,4,5,6,7,8,9,10,11,12,13,14,15,16,17
6034,1,2,3,4,5,6,7,8,9,10,11,12,13,14,15,16,17
6035,1,2,3,4,5,6,7,8,9,10,11,12,13,14,15,16,17
6036,1,2,3,4,5,6,7,8,9,10,11,12,13,14,15,16,17
6037,1,2,3,4,5,6,7,8,9,10,11,12,13,14,15,16,17
6038,1,2,3,4,5,6,7,8,9,10,11,12,13,14,15,16,17
6039,1,2,3,4,5,6,7,8,9,10,11,12,13,14,15,16,17
6040,1,2,3,4,5,6,7,8,9,10,11,12,13,14,15,16,17
6041,1,2,3,4,5,6,7,8,9,10,11,12,13,14,15,16,17
6042,1,2,3,4,5,6,7,8,9,10,11,12,13,14,15,16,17
6043,1,2,3,4,5,6,7,8,9,10,11,12,13,14,15,16,17
6044,1,2,3,4,5,6,7,8,9,10,11,12,13,14,15,16,17
6045,1,2,3,4,5,6,7,8,9,10,11,12,13,14,15,16,17
6046,1,2,3,4,5,6,7,8,9,10,11,12,13,14,15,16,17
6047,1,2,3,4,5,6,7,8,9,10,11,12,13,14,15,16,17
6048,1,2,3,4,5,6,7,8,9,10,11,12,13,14,15,16,17
6049,1,2,3,4,5,6,7,8,9,10,11,12,13,14,15,16,17
6050,1,2,3,4,5,6,7,8,9,10,11,12,13,14,15,16,17
6051,1,2,3,4,5,6,7,8,9,10,11,12,13,14,15,16,17
6052,1,2,3,4,5,6,7,8,9,10,11,12,13,14,15,16,17
6053,1,2,3,4,5,6,7,8,9,10,11,12,13,14,15,16,17
6054,1,2,3,4,5,6,7,8,9,10,11,12,13,14,15,16,17
6055,1,2,3,4,5,6,7,8,9,10,11,12,13,14,15,16,17
6056,1,2,3,4,5,6,7,8,9,10,11,12,13,14,15,16,17
6057,1,2,3,4,5,6,7,8,9,10,11,12,13,14,15,16,17
6058,1,2,3,4,5,6,7,8,9,10,11,12,13,14,15,16,17
6059,1,2,3,4,5,6,7,8,9,10,11,12,13,14,15,16,17
6060,1,2,3,4,5,6,7,8,9,10,11,12,13,14,15,16,17
6061,1,2,3,4,5,6,7,8,9,10,11,12,13,14,15,16,17
6062,1,2,3,4,5,6,7,8,9,10,11,12,13,14,15,16,17
6063,1,2,3,4,5,6,7,8,9,10,11,12,13,14,15,16,17
6064,2,2,3,2,5,6,7,8,9,2,11,12,2,14,15,6,17
6065,1,5,5,4,5,7,7,8,9,7,11,8,13,8,15,9,17
6066,1,5,5,5,5,9,10,10,9,10,11,12,13,14,15,16,17
6067,1,1,11,12,12,13,14,15,16,16,11,12,13,14,15,16,17
6068,1,2,3,4,5,6,7,8,9,10,11,12,13,14,15,16,17
6069,1,2,3,4,5,6,7,8,9,10,11,12,13,14,15,16,17
6070,1,2,3,4,5,6,7,8,9,10,11,12,13,14,15,16,17
6071,1,2,3,4,5,6,7,8,9,10,11,12,13,14,15,16,17
6072,1,2,3,4,5,6,7,8,9,10,11,12,13,14,15,16,17
6073,1,2,3,4,5,6,7,8,9,10,11,12,13,14,15,16,17
6074,1,2,3,4,5,6,7,8,9,10,11,12,13,14,15,16,17
6075,1,2,3,4,5,6,7,8,9,10,11,12,13,14,15,16,17
6076,1,2,3,4,5,6,7,8,9,10,11,12,13,14,15,16,17
6077,1,2,3,4,5,6,7,8,9,10,11,12,13,14,15,16,17
6078,1,2,3,4,5,6,7,8,9,10,11,12,13,14,15,16,17
6079,1,2,3,4,5,6,7,8,9,10,11,12,13,14,15,16,17
6080,1,2,3,4,5,6,7,8,9,10,11,12,13,14,15,16,17
6081,1,2,3,4,5,6,7,8,9,10,11,12,13,14,15,16,17
6082,1,2,3,4,5,6,7,8,9,10,11,12,13,14,15,16,17
6083,1,2,3,4,5,6,7,8,9,10,11,12,13,14,15,16,17
6084,1,2,3,4,5,6,7,8,9,10,11,12,13,14,15,16,17
6085,1,2,3,4,5,6,7,8,9,10,11,12,13,14,15,16,17
6086,1,3,3,4,5,6,7,8,9,10,11,12,13,14,15,16,17
6087,1,2,3,4,5,6,7,8,9,10,11,12,13,14,15,16,17
6088,1,2,3,4,5,6,7,8,9,10,11,12,13,14,15,16,17
6089,1,2,3,4,5,6,7,8,9,10,11,12,13,14,15,16,17
6090,1,2,3,4,5,6,7,8,9,10,11,12,13,14,15,16,17
6091,1,2,3,4,5,6,7,8,9,10,11,12,13,14,15,16,17
6092,1,2,3,4,5,6,7,8,9,10,11,12,13,14,15,16,17
6093,1,2,3,4,5,6,7,8,9,10,11,12,13,14,15,16,17
6094,1,2,3,4,5,6,7,8,9,10,11,12,13,14,15,16,17
6095,1,2,3,4,5,6,7,8,9,10,11,12,13,14,15,16,17
6096,1,2,3,4,5,6,7,8,9,10,11,12,13,14,15,16,17
6097,1,4,12,4,5,6,7,8,9,10,11,12,13,14,15,16,17
6098,1,8,12,4,5,17,7,8,9,10,11,12,13,14,15,16,17
6099,1,2,3,4,5,6,7,8,9,10,11,12,13,14,15,16,17
6100,1,2,3,4,5,6,7,8,9,10,11,12,13,14,15,16,17
6101,1,2,3,4,5,6,7,8,9,10,11,12,13,14,15,16,17
6102,1,2,3,4,5,6,7,8,9,10,11,12,13,14,15,16,17
6103,1,2,3,4,5,6,7,8,9,10,11,12,13,14,15,16,17
6104,1,2,3,4,5,6,7,8,9,10,11,12,13,14,15,16,17
6105,1,2,3,4,5,6,7,8,9,10,11,12,13,14,15,16,17
6106,1,2,3,4,5,6,7,8,9,10,11,12,13,14,15,16,17
6107,1,2,3,4,5,6,7,8,9,10,11,12,13,14,15,16,17
6108,1,2,3,4,5,6,7,8,9,10,11,12,13,14,15,16,17
6109,1,2,3,4,5,6,7,8,9,10,11,12,13,14,15,16,17
6110,1,2,3,4,5,6,7,8,9,10,11,12,13,14,15,16,17
6111,1,2,3,4,5,6,7,8,9,10,11,12,13,14,15,16,17
6112,1,2,3,4,5,6,7,8,9,10,11,12,13,14,15,16,17
6113,1,2,3,4,5,6,7,8,9,10,11,12,13,14,15,16,17
6114,1,2,3,4,5,6,7,8,9,10,11,12,13,14,15,16,17
6115,1,2,3,4,5,6,7,8,9,10,11,12,13,14,15,16,17
6116,1,2,3,4,5,6,7,8,9,10,11,12,13,14,15,16,17
6117,1,2,3,4,5,6,7,8,9,10,11,12,13,14,15,16,17
6118,1,2,3,4,5,6,7,8,9,10,11,12,13,14,15,16,17
6119,1,2,3,4,5,6,7,8,9,10,11,12,13,14,15,16,17
6120,1,2,3,4,5,6,7,8,9,10,11,12,13,14,15,16,17
6121,1,2,3,4,5,6,7,8,9,10,11,12,13,14,15,16,17
6122,1,2,3,4,5,6,7,8,9,10,11,12,13,14,15,16,17
6123,1,2,3,4,5,6,7,8,9,10,11,12,13,14,15,16,17
6124,1,2,3,4,5,6,7,8,9,10,11,12,13,14,15,16,17
6125,1,2,3,4,5,6,7,8,9,10,11,12,13,14,15,16,17
6126,1,2,3,4,5,6,7,8,9,10,11,12,13,14,15,16,17
6127,1,2,3,4,5,6,7,8,9,10,11,12,13,14,15,16,17
6128,1,2,3,4,5,6,7,8,9,10,11,12,13,14,15,16,17
6129,1,2,3,4,5,6,7,8,9,10,11,12,13,14,15,16,17
6130,1,2,3,4,5,6,7,8,9,10,11,12,13,14,15,16,17
6131,1,2,3,4,5,6,7,8,9,10,11,12,13,14,15,16,17
6132,1,2,3,4,5,6,7,8,9,10,11,12,13,14,15,16,17
6133,1,2,3,4,5,6,7,8,9,10,11,12,13,14,15,16,17
6134,1,2,3,4,5,6,7,8,9,10,11,12,13,14,15,16,17
6135,1,2,3,4,5,6,7,8,9,10,11,12,13,14,15,16,17
6136,1,2,3,4,5,6,7,8,9,10,11,12,13,14,15,16,17
6137,1,2,3,4,5,6,7,8,9,10,11,12,13,14,15,16,17
6138,1,2,3,4,5,6,7,8,9,10,11,12,13,14,15,16,17
6139,1,2,3,4,5,6,7,8,9,10,11,12,13,14,15,16,17
6140,1,2,3,4,5,6,7,8,9,10,11,12,13,14,15,16,17
6141,1,2,3,4,5,6,7,8,9,10,11,12,13,14,15,16,17
6142,1,2,3,4,5,6,7,8,9,10,11,12,13,14,15,16,17
6143,1,2,3,4,5,6,7,8,9,10,11,12,13,14,15,16,17
6144,1,2,3,4,5,6,7,8,9,10,11,12,13,14,15,16,17
6145,1,2,3,4,5,6,7,8,9,10,11,12,13,14,15,16,17
6146,1,2,3,4,5,6,7,8,9,10,11,12,13,14,15,16,17
6147,1,2,3,4,5,6,7,8,9,10,11,12,13,14,15,16,17
6148,1,2,3,4,5,6,7,8,9,10,11,12,13,14,15,16,17
6149,1,2,3,4,5,6,7,8,9,10,11,12,13,14,15,16,17
6150,1,2,3,4,5,6,7,8,9,10,11,12,13,14,15,16,17
6151,1,2,3,4,5,6,7,8,9,10,11,12,13,14,15,16,17
6152,1,2,3,4,5,6,7,8,9,10,11,12,13,14,15,16,17
6153,1,2,3,4,5,6,7,8,9,10,11,12,13,14,15,16,17
6154,1,2,3,4,5,6,7,8,9,10,11,12,13,14,15,16,17
6155,1,2,3,4,5,6,7,8,9,10,11,12,13,14,15,16,17
6156,1,2,3,4,5,6,7,8,9,10,11,12,13,14,15,16,17
6157,1,2,3,4,5,6,7,8,9,10,11,12,13,14,15,16,17
6158,1,2,3,4,5,6,7,8,9,10,11,12,13,14,15,16,17
6159,1,2,3,4,5,6,7,8,9,10,11,12,13,14,15,16,17
6160,1,2,3,4,5,6,7,8,9,10,11,12,13,14,15,16,17
6161,1,2,3,4,5,6,7,8,9,10,11,12,13,14,15,16,17
6162,1,2,3,4,5,6,7,8,9,10,11,12,13,14,15,16,17
6163,1,2,3,4,5,6,7,8,9,10,11,12,13,14,15,16,17
6164,1,2,3,4,5,6,7,8,9,10,11,12,13,14,15,16,17
6165,1,2,3,4,5,6,7,8,9,10,11,12,13,14,15,16,17
6166,1,2,3,4,5,6,7,8,9,10,11,12,13,14,15,16,17
6167,1,2,3,4,5,6,7,8,9,10,11,12,13,14,15,16,17
6168,1,2,3,4,5,6,7,8,9,10,11,12,13,14,15,16,17
6169,1,2,3,4,5,6,7,8,9,10,11,12,13,14,15,16,17
6170,1,2,3,4,5,6,7,8,9,10,11,12,13,14,15,16,17
6171,1,2,3,4,5,6,7,8,9,10,11,12,13,14,15,16,17
6172,1,2,3,4,5,6,7,8,9,10,11,12,13,14,15,16,17
6173,1,2,3,4,5,6,7,8,9,10,11,12,13,14,15,16,17
6174,1,2,3,4,5,6,7,8,9,10,11,12,13,14,15,16,17
6175,1,2,3,4,5,6,7,8,9,10,11,12,13,14,15,16,17
6176,1,2,3,4,5,6,7,8,9,10,11,12,13,14,15,16,17
6177,1,2,3,4,5,6,7,8,9,10,11,12,13,14,15,16,17
6178,1,2,3,4,5,6,7,8,9,10,11,12,13,14,15,16,17
6179,1,2,3,4,5,6,7,8,9,10,11,12,13,14,15,16,17
6180,1,2,3,4,5,6,7,8,9,10,11,12,13,14,15,16,17
6181,1,2,3,4,5,6,7,8,9,10,11,12,13,14,15,16,17
6182,1,2,3,4,5,6,7,8,9,10,11,12,13,14,15,16,17
6183,1,2,3,4,5,6,7,8,9,10,11,12,13,14,15,16,17
6184,1,2,3,4,5,6,7,8,9,10,11,12,13,14,15,16,17
6185,1,2,3,4,5,6,7,8,9,10,11,12,13,14,15,16,17
6186,1,2,3,4,5,6,7,8,9,10,11,12,13,14,15,16,17
6187,1,2,3,4,5,6,7,8,9,10,11,12,13,14,15,16,17
6188,1,2,3,4,5,6,7,8,9,10,11,12,13,14,15,16,17
6189,1,2,3,4,5,6,7,8,9,10,11,12,13,14,15,16,17
6190,1,2,3,4,5,6,7,8,9,10,11,12,13,14,15,16,17
6191,1,2,3,4,5,6,7,8,9,10,11,12,13,14,15,16,17
6192,1,2,3,4,5,6,7,8,9,10,11,12,13,14,15,16,17
6193,1,2,3,4,5,6,7,8,9,10,11,12,13,14,15,16,17
6194,1,2,3,4,5,6,7,8,9,10,11,12,13,14,15,16,17
6195,1,2,3,4,5,6,7,8,9,10,11,12,13,14,15,16,17
6196,1,2,3,4,5,6,7,8,9,10,11,12,13,14,15,16,17
6197,1,2,3,4,5,6,7,8,9,10,11,12,13,14,15,16,17
6198,1,2,3,4,5,6,7,8,9,10,11,12,13,14,15,16,17
6199,1,2,3,4,5,6,7,8,9,10,11,12,13,14,15,16,17
6200,1,2,3,4,5,6,7,8,9,10,11,12,13,14,15,16,17
6201,1,2,3,4,5,6,7,8,9,10,11,12,13,14,15,16,17
6202,1,2,3,4,5,6,7,8,9,10,11,12,13,14,15,16,17
6203,1,2,3,4,5,6,7,8,9,10,11,12,13,14,15,16,17
6204,1,2,3,4,5,6,7,8,9,10,11,12,13,14,15,16,17
6205,1,2,3,4,5,6,7,8,9,10,11,12,13,14,15,16,17
6206,1,2,3,4,5,6,7,8,9,10,11,12,13,14,15,16,17
6207,1,2,3,4,5,6,7,8,9,10,11,12,13,14,15,16,17
6208,1,5,9,4,5,15,7,8,9,10,11,12,13,14,15,16,17
6209,1,1,12,13,14,15,15,16,17,10,11,12,13,14,15,16,17
6210,1,1,12,12,5,13,14,15,16,16,17,12,13,14,15,16,17
6211,1,2,3,4,5,6,7,8,9,10,11,12,13,14,15,16,17
6212,1,2,3,4,5,6,7,8,9,10,11,12,13,14,15,16,17
6213,1,2,3,4,5,6,7,8,9,10,11,12,13,14,15,16,17
6214,1,2,3,4,5,6,7,8,9,10,11,12,13,14,15,16,17
6215,1,2,3,4,5,6,7,8,9,10,11,12,13,14,15,16,17
6216,1,2,3,4,5,6,7,8,9,10,11,12,13,14,15,16,17
6217,1,2,3,4,5,6,7,8,9,10,11,12,13,14,15,16,17
6218,1,2,3,4,5,6,7,8,9,10,11,12,13,14,15,16,17
6219,1,2,3,4,5,6,7,8,9,10,11,12,13,14,15,16,17
6220,1,2,3,4,5,6,7,8,9,10,11,12,13,14,15,16,17
6221,1,2,3,4,5,6,7,8,9,10,11,12,13,14,15,16,17
6222,1,2,3,4,5,6,7,8,9,10,11,12,13,14,15,16,17
6223,1,2,3,4,5,6,7,8,9,10,11,12,13,14,15,16,17
6224,1,2,3,4,5,6,7,8,9,10,11,12,13,14,15,16,17
6225,1,2,3,4,5,6,7,8,9,10,11,12,13,14,15,16,17
6226,1,2,3,4,5,6,7,8,9,10,11,12,13,14,15,16,17
6227,1,2,3,4,5,6,7,8,9,10,11,12,13,14,15,16,17
6228,1,2,3,4,5,6,7,8,9,10,11,12,13,14,15,16,17
6229,1,2,3,4,5,6,7,8,9,10,11,12,13,14,15,16,17
6230,1,2,3,4,5,6,7,8,9,10,11,12,13,14,15,16,17
6231,1,2,3,4,5,6,7,8,9,10,11,12,13,14,15,16,17
6232,1,2,3,4,5,6,7,8,9,10,11,12,13,14,15,16,17
6233,1,2,3,4,5,6,7,8,9,10,11,12,13,14,15,16,17
6234,1,2,3,4,5,6,7,8,9,10,11,12,13,14,15,16,17
6235,1,2,3,4,5,6,7,8,9,10,11,12,13,14,15,16,17
6236,1,2,3,4,5,6,7,8,9,10,11,12,13,14,15,16,17
6237,1,2,3,4,5,6,7,8,9,10,11,12,13,14,15,16,17
6238,1,2,3,4,5,6,7,8,9,10,11,12,13,14,15,16,17
6239,1,2,3,4,5,6,7,8,9,10,11,12,13,14,15,16,17
6240,1,4,12,4,5,6,7,8,9,10,11,12,13,14,15,16,17
6241,1,8,11,14,5,17,7,8,9,10,11,12,13,14,15,16,17
6242,1,1,8,11,5,15,7,8,9,10,11,12,13,14,15,16,17
6243,1,7,12,4,5,17,7,8,9,10,11,12,13,14,15,16,17
6244,1,2,3,4,5,6,7,8,9,10,11,12,13,14,15,16,17
6245,1,2,3,4,5,6,7,8,9,10,11,12,13,14,15,16,17
6246,1,2,3,4,5,6,7,8,9,10,11,12,13,14,15,16,17
6247,1,2,3,4,5,6,7,8,9,10,11,12,13,14,15,16,17
6248,1,2,3,4,5,6,7,8,9,10,11,12,13,14,15,16,17
6249,1,2,3,4,5,6,7,8,9,10,11,12,13,14,15,16,17
6250,1,2,3,4,5,6,7,8,9,10,11,12,13,14,15,16,17
6251,1,2,3,4,5,6,7,8,9,10,11,12,13,14,15,16,17
6252,1,2,3,4,5,6,7,8,9,10,11,12,13,14,15,16,17
6253,1,2,3,4,5,6,7,8,9,10,11,12,13,14,15,16,17
6254,1,2,3,4,5,6,7,8,9,10,11,12,13,14,15,16,17
6255,1,2,3,4,5,6,7,8,9,10,11,12,13,14,15,16,17
6256,1,2,3,4,5,6,7,8,9,10,11,12,13,14,15,16,17
6257,1,2,3,4,5,6,7,8,9,10,11,12,13,14,15,16,17
6258,1,2,3,4,5,6,7,8,9,10,11,12,13,14,15,16,17
6259,1,2,3,4,5,6,7,8,9,10,11,12,13,14,15,16,17
6260,1,2,3,4,5,6,7,8,9,10,11,12,13,14,15,16,17
6261,1,2,3,4,5,6,7,8,9,10,11,12,13,14,15,16,17
6262,1,2,3,4,5,6,7,8,9,10,11,12,13,14,15,16,17
6263,1,2,3,4,5,6,7,8,9,10,11,12,13,14,15,16,17
6264,1,2,3,4,5,6,7,8,9,10,11,12,13,14,15,16,17
6265,1,2,3,4,5,6,7,8,9,10,11,12,13,14,15,16,17
6266,1,2,3,4,5,6,7,8,9,10,11,12,13,14,15,16,17
6267,1,2,3,4,5,6,7,8,9,10,11,12,13,14,15,16,17
6268,1,2,3,4,5,6,7,8,9,10,11,12,13,14,15,16,17
6269,1,2,3,4,5,6,7,8,9,10,11,12,13,14,15,16,17
6270,1,2,3,4,5,6,7,8,9,10,11,12,13,14,15,16,17
6271,1,2,3,4,5,6,7,8,9,10,11,12,13,14,15,16,17
6272,1,2,3,4,5,6,7,8,9,10,11,12,13,14,15,16,17
6273,1,2,3,4,5,6,7,8,9,10,11,12,13,14,15,16,17
6274,1,2,3,4,5,6,7,8,9,10,11,12,13,14,15,16,17
6275,1,2,3,4,5,6,7,8,9,10,11,12,13,14,15,16,17
6276,1,2,3,4,5,6,7,8,9,10,11,12,13,14,15,16,17
6277,1,2,3,4,5,6,7,8,9,10,11,12,13,14,15,16,17
6278,1,2,3,4,5,6,7,8,9,10,11,12,13,14,15,16,17
6279,1,2,3,4,5,6,7,8,9,10,11,12,13,14,15,16,17
6280,1,2,3,4,5,6,7,8,9,10,11,12,13,14,15,16,17
6281,1,2,3,4,5,6,7,8,9,10,11,12,13,14,15,16,17
6282,1,2,3,4,5,6,7,8,9,10,11,12,13,14,15,16,17
6283,1,2,3,4,5,6,7,8,9,10,11,12,13,14,15,16,17
6284,1,2,3,4,5,6,7,8,9,10,11,12,13,14,15,16,17
6285,1,2,3,4,5,6,7,8,9,10,11,12,13,14,15,16,17
6286,1,2,3,4,5,6,7,8,9,10,11,12,13,14,15,16,17
6287,1,2,3,4,5,6,7,8,9,10,11,12,13,14,15,16,17
6288,1,2,3,4,5,6,7,8,9,10,11,12,13,14,15,16,17
6289,1,2,3,4,5,6,7,8,9,10,11,12,13,14,15,16,17
6290,1,2,3,4,5,6,7,8,9,10,11,12,13,14,15,16,17
6291,1,2,3,4,5,6,7,8,9,10,11,12,13,14,15,16,17
6292,1,2,3,4,5,6,7,8,9,10,11,12,13,14,15,16,17
6293,1,2,3,4,5,6,7,8,9,10,11,12,13,14,15,16,17
6294,1,2,3,4,5,6,7,8,9,10,11,12,13,14,15,16,17
6295,1,2,3,4,5,6,7,8,9,10,11,12,13,14,15,16,17
6296,1,2,3,4,5,6,7,8,9,10,11,12,13,14,15,16,17
6297,1,2,3,4,5,6,7,8,9,10,11,12,13,14,15,16,17
6298,1,2,3,4,5,6,7,8,9,10,11,12,13,14,15,16,17
6299,1,2,3,4,5,6,7,8,9,10,11,12,13,14,15,16,17
6300,1,2,3,4,5,6,7,8,9,10,11,12,13,14,15,16,17
6301,1,2,3,4,5,6,7,8,9,10,11,12,13,14,15,16,17
6302,1,2,3,4,5,6,7,8,9,10,11,12,13,14,15,16,17
6303,1,2,3,4,5,6,7,8,9,10,11,12,13,14,15,16,17
6304,1,2,3,4,5,6,7,8,9,10,11,12,13,14,15,16,17
6305,1,2,3,4,5,6,7,8,9,10,11,12,13,14,15,16,17
6306,1,2,3,4,5,6,7,8,9,10,11,12,13,14,15,16,17
6307,1,2,3,4,5,6,7,8,9,10,11,12,13,14,15,16,17
6308,1,2,3,4,5,6,7,8,9,10,11,12,13,14,15,16,17
6309,1,2,3,4,5,6,7,8,9,10,11,12,13,14,15,16,17
6310,1,2,3,4,5,6,7,8,9,10,11,12,13,14,15,16,17
6311,1,2,3,4,5,6,7,8,9,10,11,12,13,14,15,16,17
6312,1,2,3,4,5,6,7,8,9,10,11,12,13,14,15,16,17
6313,1,2,3,4,5,6,7,8,9,10,11,12,13,14,15,16,17
6314,1,2,3,4,5,6,7,8,9,10,11,12,13,14,15,16,17
6315,1,2,3,4,5,6,7,8,9,10,11,12,13,14,15,16,17
6316,1,2,3,4,5,6,7,8,9,10,11,12,13,14,15,16,17
6317,1,2,3,4,5,6,7,8,9,10,11,12,13,14,15,16,17
6318,1,2,3,4,5,6,7,8,9,10,11,12,13,14,15,16,17
6319,1,2,3,4,5,6,7,8,9,10,11,12,13,14,15,16,17
6320,1,2,3,4,5,6,7,8,9,10,11,12,13,14,15,16,17
6321,1,2,3,4,5,6,7,8,9,10,11,12,13,14,15,16,17
6322,1,2,3,4,5,6,7,8,9,10,11,12,13,14,15,16,17
6323,1,2,3,4,5,6,7,8,9,10,11,12,13,14,15,16,17
6324,1,2,3,4,5,6,7,8,9,10,11,12,13,14,15,16,17
6325,1,2,3,4,5,6,7,8,9,10,11,12,13,14,15,16,17
6326,1,2,3,4,5,6,7,8,9,10,11,12,13,14,15,16,17
6327,1,2,3,4,5,6,7,8,9,10,11,12,13,14,15,16,17
6328,1,2,3,4,5,6,7,8,9,10,11,12,13,14,15,16,17
6329,1,2,3,4,5,6,7,8,9,10,11,12,13,14,15,16,17
6330,1,2,3,4,5,6,7,8,9,10,11,12,13,14,15,16,17
6331,1,2,3,4,5,6,7,8,9,10,11,12,13,14,15,16,17
6332,1,2,3,4,5,6,7,8,9,10,11,12,13,14,15,16,17
6333,1,2,3,4,5,6,7,8,9,10,11,12,13,14,15,16,17
6334,1,2,3,4,5,6,7,8,9,10,11,12,13,14,15,16,17
6335,1,2,3,4,5,6,7,8,9,10,11,12,13,14,15,16,17
6336,1,2,3,4,5,6,7,8,9,10,11,12,13,14,15,16,17
6337,1,2,3,4,5,6,7,8,9,10,11,12,13,14,15,16,17
6338,1,2,3,4,5,6,7,8,9,10,11,12,13,14,15,16,17
6339,1,2,3,4,5,6,7,8,9,10,11,12,13,14,15,16,17
6340,1,2,3,4,5,6,7,8,9,10,11,12,13,14,15,16,17
6341,1,2,3,4,5,6,7,8,9,10,11,12,13,14,15,16,17
6342,1,2,3,4,5,6,7,8,9,10,11,12,13,14,15,16,17
6343,1,2,3,4,5,6,7,8,9,10,11,12,13,14,15,16,17
6344,1,2,3,4,5,6,7,8,9,10,11,12,13,14,15,16,17
6345,1,2,3,4,5,6,7,8,9,10,11,12,13,14,15,16,17
6346,1,2,3,4,5,6,7,8,9,10,11,12,13,14,15,16,17
6347,1,2,3,4,5,6,7,8,9,10,11,12,13,14,15,16,17
6348,1,2,3,4,5,6,7,8,9,10,11,12,13,14,15,16,17
6349,1,2,3,4,5,6,7,8,9,10,11,12,13,14,15,16,17
6350,1,2,3,4,5,6,7,8,9,10,11,12,13,14,15,16,17
6351,1,2,3,4,5,6,7,8,9,10,11,12,13,14,15,16,17
6352,1,1,9,4,5,6,7,8,9,10,11,12,13,14,15,16,17
6353,1,2,3,4,5,6,7,8,9,10,11,12,13,14,15,16,17
6354,1,2,3,4,5,6,7,8,9,10,11,12,13,14,15,16,17
6355,1,2,3,4,5,6,7,8,9,10,11,12,13,14,15,16,17
6356,1,2,3,4,5,6,7,8,9,10,11,12,13,14,15,16,17
6357,1,2,3,4,5,6,7,8,9,10,11,12,13,14,15,16,17
6358,1,2,3,4,5,6,7,8,9,10,11,12,13,14,15,16,17
6359,1,2,3,4,5,6,7,8,9,10,11,12,13,14,15,16,17
6360,1,2,3,4,5,6,7,8,9,10,11,12,13,14,15,16,17
6361,1,2,3,4,5,6,7,8,9,10,11,12,13,14,15,16,17
6362,1,2,3,4,5,6,7,8,9,10,11,12,13,14,15,16,17
6363,1,2,3,4,5,6,7,8,9,10,11,12,13,14,15,16,17
6364,1,2,3,4,5,6,7,8,9,10,11,12,13,14,15,16,17
6365,1,2,3,4,5,6,7,8,9,10,11,12,13,14,15,16,17
6366,1,2,3,4,5,6,7,8,9,10,11,12,13,14,15,16,17
6367,1,2,3,4,5,6,7,8,9,10,11,12,13,14,15,16,17
6368,1,2,3,4,5,6,7,8,9,10,11,12,13,14,15,16,17
6369,1,2,3,4,5,6,7,8,9,10,11,12,13,14,15,16,17
6370,1,2,3,4,5,6,7,8,9,10,11,12,13,14,15,16,17
6371,1,2,3,4,5,6,7,8,9,10,11,12,13,14,15,16,17
6372,1,2,3,4,5,6,7,8,9,10,11,12,13,14,15,16,17
6373,1,2,3,4,5,6,7,8,9,10,11,12,13,14,15,16,17
6374,1,2,3,4,5,6,7,8,9,10,11,12,13,14,15,16,17
6375,1,2,3,4,5,6,7,8,9,10,11,12,13,14,15,16,17
6376,1,2,3,4,5,6,7,8,9,10,11,12,13,14,15,16,17
6377,1,2,3,4,5,6,7,8,9,10,11,12,13,14,15,16,17
6378,1,2,3,4,5,6,7,8,9,10,11,12,13,14,15,16,17
6379,1,2,3,4,5,6,7,8,9,10,11,12,13,14,15,16,17
6380,1,13,3,4,5,6,7,8,9,10,11,12,13,14,15,16,17
6381,1,5,3,4,5,6,7,8,9,10,11,12,13,14,15,16,17
6382,1,2,3,4,5,6,7,8,9,10,11,12,13,14,15,16,17
6383,1,4,7,4,5,13,7,8,9,10,11,12,13,14,15,16,17
6384,1,1,11,12,5,14,7,16,9,10,11,12,13,14,15,16,17
6385,1,1,10,11,13,15,7,17,9,10,11,12,13,14,15,16,17
6386,1,5,11,4,5,15,7,8,9,10,11,12,13,14,15,16,17
6387,1,2,3,4,5,6,7,8,9,10,11,12,13,14,15,16,17
6388,1,2,3,4,5,6,7,8,9,10,11,12,13,14,15,16,17
6389,1,2,3,4,5,6,7,8,9,10,11,12,13,14,15,16,17
6390,1,2,3,4,5,6,7,8,9,10,11,12,13,14,15,16,17
6391,1,2,3,4,5,6,7,8,9,10,11,12,13,14,15,16,17
6392,1,2,3,4,5,6,7,8,9,10,11,12,13,14,15,16,17
6393,1,2,3,4,5,6,7,8,9,10,11,12,13,14,15,16,17
6394,1,2,3,4,5,6,7,8,9,10,11,12,13,14,15,16,17
6395,1,2,3,4,5,6,7,8,9,10,11,12,13,14,15,16,17
6396,1,2,3,4,5,6,7,8,9,10,11,12,13,14,15,16,17
6397,1,2,3,4,5,6,7,8,9,10,11,12,13,14,15,16,17
6398,1,2,3,4,5,6,7,8,9,10,11,12,13,14,15,16,17
6399,1,2,3,4,5,6,7,8,9,10,11,12,13,14,15,16,17
6400,1,2,3,4,5,6,7,8,9,10,11,12,13,14,15,16,17
6401,1,2,3,4,5,6,7,8,9,10,11,12,13,14,15,16,17
6402,1,2,3,4,5,6,7,8,9,10,11,12,13,14,15,16,17
6403,1,2,3,4,5,6,7,8,9,10,11,12,13,14,15,16,17
6404,1,2,3,4,5,6,7,8,9,10,11,12,13,14,15,16,17
6405,1,2,3,4,5,6,7,8,9,10,11,12,13,14,15,16,17
6406,1,2,3,4,5,6,7,8,9,10,11,12,13,14,15,16,17
6407,1,2,3,4,5,6,7,8,9,10,11,12,13,14,15,16,17
6408,1,2,3,4,5,6,7,8,9,10,11,12,13,14,15,16,17
6409,1,2,3,4,5,6,7,8,9,10,11,12,13,14,15,16,17
6410,1,2,3,4,5,6,7,8,9,10,11,12,13,14,15,16,17
6411,1,2,3,4,5,6,7,8,9,10,11,12,13,14,15,16,17
6412,1,2,3,4,5,6,7,8,9,10,11,12,13,14,15,16,17
6413,1,2,3,4,5,6,7,8,9,10,11,12,13,14,15,16,17
6414,1,2,3,4,5,6,7,8,9,10,11,12,13,14,15,16,17
6415,1,2,3,4,5,6,7,8,9,10,11,12,13,14,15,16,17
6416,1,2,3,4,5,6,7,8,9,10,11,12,13,14,15,16,17
6417,1,2,3,4,5,6,7,8,9,10,11,12,13,14,15,16,17
6418,1,2,3,4,5,6,7,8,9,10,11,12,13,14,15,16,17
6419,1,2,3,4,5,6,7,8,9,10,11,12,13,14,15,16,17
6420,1,2,3,4,5,6,7,8,9,10,11,12,13,14,15,16,17
6421,1,2,3,4,5,6,7,8,9,10,11,12,13,14,15,16,17
6422,1,2,3,4,5,6,7,8,9,10,11,12,13,14,15,16,17
6423,1,2,3,4,5,6,7,8,9,10,11,12,13,14,15,16,17
6424,1,2,3,4,5,6,7,8,9,10,11,12,13,14,15,16,17
6425,1,2,3,4,5,6,7,8,9,10,11,12,13,14,15,16,17
6426,1,2,3,4,5,6,7,8,9,10,11,12,13,14,15,16,17
6427,1,2,3,4,5,6,7,8,9,10,11,12,13,14,15,16,17
6428,1,2,3,4,5,6,7,8,9,10,11,12,13,14,15,16,17
6429,1,2,3,4,5,6,7,8,9,10,11,12,13,14,15,16,17
6430,1,2,3,4,5,6,7,8,9,10,11,12,13,14,15,16,17
6431,1,2,3,4,5,6,7,8,9,10,11,12,13,14,15,16,17
6432,1,2,3,4,5,6,7,8,9,10,11,12,13,14,15,16,17
6433,1,2,3,4,5,6,7,8,9,10,11,12,13,14,15,16,17
6434,1,2,3,4,5,6,7,8,9,10,11,12,13,14,15,16,17
6435,1,2,3,4,5,6,7,8,9,10,11,12,13,14,15,16,17
6436,1,2,3,4,5,6,7,8,9,10,11,12,13,14,15,16,17
6437,1,2,3,4,5,6,7,8,9,10,11,12,13,14,15,16,17
6438,1,2,3,4,5,6,7,8,9,10,11,12,13,14,15,16,17
6439,1,2,3,4,5,6,7,8,9,10,11,12,13,14,15,16,17
6440,1,2,3,4,5,6,7,8,9,10,11,12,13,14,15,16,17
6441,1,2,3,4,5,6,7,8,9,10,11,12,13,14,15,16,17
6442,1,2,3,4,5,6,7,8,9,10,11,12,13,14,15,16,17
6443,1,2,3,4,5,6,7,8,9,10,11,12,13,14,15,16,17
6444,1,2,3,4,5,6,7,8,9,10,11,12,13,14,15,16,17
6445,1,2,3,4,5,6,7,8,9,10,11,12,13,14,15,16,17
6446,1,2,3,4,5,6,7,8,9,10,11,12,13,14,15,16,17
6447,1,2,3,4,5,6,7,8,9,10,11,12,13,14,15,16,17
6448,1,2,3,4,5,6,7,8,9,10,11,12,13,14,15,16,17
6449,1,2,3,4,5,6,7,8,9,10,11,12,13,14,15,16,17
6450,1,2,3,4,5,6,7,8,9,10,11,12,13,14,15,16,17
6451,1,2,3,4,5,6,7,8,9,10,11,12,13,14,15,16,17
6452,1,2,3,4,5,6,7,8,9,10,11,12,13,14,15,16,17
6453,1,2,3,4,5,6,7,8,9,10,11,12,13,14,15,16,17
6454,1,2,3,4,5,6,7,8,9,10,11,12,13,14,15,16,17
6455,1,2,3,4,5,6,7,8,9,10,11,12,13,14,15,16,17
6456,1,2,3,4,5,6,7,8,9,10,11,12,13,14,15,16,17
6457,1,2,3,4,5,6,7,8,9,10,11,12,13,14,15,16,17
6458,1,2,3,4,5,6,7,8,9,10,11,12,13,14,15,16,17
6459,1,2,3,4,5,6,7,8,9,10,11,12,13,14,15,16,17
6460,1,2,3,4,5,6,7,8,9,10,11,12,13,14,15,16,17
6461,1,2,3,4,5,6,7,8,9,10,11,12,13,14,15,16,17
6462,1,2,3,4,5,6,7,8,9,10,11,12,13,14,15,16,17
6463,1,2,3,4,5,6,7,8,9,10,11,12,13,14,15,16,17
6464,1,2,3,4,5,6,7,8,9,10,11,12,13,14,15,16,17
6465,1,2,3,4,5,6,7,8,9,10,11,12,13,14,15,16,17
6466,1,2,3,4,5,6,7,8,9,10,11,12,13,14,15,16,17
6467,1,2,3,4,5,6,7,8,9,10,11,12,13,14,15,16,17
6468,1,2,3,4,5,6,7,8,9,10,11,12,13,14,15,16,17
6469,1,2,3,4,5,6,7,8,9,10,11,12,13,14,15,16,17
6470,1,2,3,4,5,6,7,8,9,10,11,12,13,14,15,16,17
6471,1,2,3,4,5,6,7,8,9,10,11,12,13,14,15,16,17
6472,1,2,3,4,5,6,7,8,9,10,11,12,13,14,15,16,17
6473,1,2,3,4,5,6,7,8,9,10,11,12,13,14,15,16,17
6474,1,2,3,4,5,6,7,8,9,10,11,12,13,14,15,16,17
6475,1,2,3,4,5,6,7,8,9,10,11,12,13,14,15,16,17
6476,1,2,3,4,5,6,7,8,9,10,11,12,13,14,15,16,17
6477,1,2,3,4,5,6,7,8,9,10,11,12,13,14,15,16,17
6478,1,2,3,4,5,6,7,8,9,10,11,12,13,14,15,16,17
6479,1,2,3,4,5,6,7,8,9,10,11,12,13,14,15,16,17
6480,1,2,3,4,5,6,7,8,9,10,11,12,13,14,15,16,17
6481,1,2,3,4,5,6,7,8,9,10,11,12,13,14,15,16,17
6482,1,2,3,4,5,6,7,8,9,10,11,12,13,14,15,16,17
6483,1,2,3,4,5,6,7,8,9,10,11,12,13,14,15,16,17
6484,1,2,3,4,5,6,7,8,9,10,11,12,13,14,15,16,17
6485,1,2,3,4,5,6,7,8,9,10,11,12,13,14,15,16,17
6486,1,2,3,4,5,6,7,8,9,10,11,12,13,14,15,16,17
6487,1,2,3,4,5,6,7,8,9,10,11,12,13,14,15,16,17
6488,1,2,3,4,5,6,7,8,9,10,11,12,13,14,15,16,17
6489,1,2,3,4,5,6,7,8,9,10,11,12,13,14,15,16,17
6490,1,2,3,4,5,6,7,8,9,10,11,12,13,14,15,16,17
6491,1,2,3,4,5,6,7,8,9,10,11,12,13,14,15,16,17
6492,1,2,3,4,5,6,7,8,9,10,11,12,13,14,15,16,17
6493,1,2,3,4,5,6,7,8,9,10,11,12,13,14,15,16,17
6494,1,2,3,4,5,6,7,8,9,10,11,12,13,14,15,16,17
6495,1,2,3,4,5,6,7,8,9,10,11,12,13,14,15,16,17
6496,1,2,3,4,5,6,7,8,9,10,11,12,13,14,15,16,17
6497,1,2,3,4,5,6,7,8,9,10,11,12,13,14,15,16,17
6498,1,2,3,4,5,6,7,8,9,10,11,12,13,14,15,16,17
6499,1,2,3,4,5,6,7,8,9,10,11,12,13,14,15,16,17
6500,1,2,3,4,5,6,7,8,9,10,11,12,13,14,15,16,17
6501,1,2,3,4,5,6,7,8,9,10,11,12,13,14,15,16,17
6502,1,2,3,4,5,6,7,8,9,10,11,12,13,14,15,16,17
6503,1,2,3,4,5,6,7,8,9,10,11,12,13,14,15,16,17
6504,1,2,3,4,5,6,7,8,9,10,11,12,13,14,15,16,17
6505,1,2,3,4,5,6,7,8,9,10,11,12,13,14,15,16,17
6506,1,2,3,4,5,6,7,8,9,10,11,12,13,14,15,16,17
6507,1,2,3,4,5,6,7,8,9,10,11,12,13,14,15,16,17
6508,1,2,3,4,5,6,7,8,9,10,11,12,13,14,15,16,17
6509,1,2,3,4,5,6,7,8,9,10,11,12,13,14,15,16,17
6510,1,2,3,4,5,6,7,8,9,10,11,12,13,14,15,16,17
6511,1,2,3,4,5,6,7,8,9,10,11,12,13,14,15,16,17
6512,1,2,3,4,5,6,7,8,9,10,11,12,13,14,15,16,17
6513,1,2,3,4,5,6,7,8,9,10,11,12,13,14,15,16,17
6514,1,2,3,4,5,6,7,8,9,10,11,12,13,14,15,16,17
6515,1,2,3,4,5,6,7,8,9,10,11,12,13,14,15,16,17
6516,1,2,3,4,5,6,7,8,9,10,11,12,13,14,15,16,17
6517,1,2,3,4,5,6,7,8,9,10,11,12,13,14,15,16,17
6518,1,2,3,4,5,6,7,8,9,10,11,12,13,14,15,16,17
6519,1,2,3,4,5,6,7,8,9,10,11,12,13,14,15,16,17
6520,1,2,3,4,5,6,7,8,9,10,11,12,13,14,15,16,17
6521,1,2,3,4,5,6,7,8,9,10,11,12,13,14,15,16,17
6522,1,2,3,4,5,6,7,8,9,10,11,12,13,14,15,16,17
6523,1,7,11,14,5,17,7,8,9,10,11,12,13,14,15,16,17
6524,1,2,3,4,5,6,7,8,9,10,11,12,13,14,15,16,17
6525,1,2,3,4,5,6,7,8,9,10,11,12,13,14,15,16,17
6526,1,1,9,14,5,6,7,8,9,10,11,12,13,14,15,16,17
6527,1,5,9,13,5,16,7,8,9,10,11,12,13,14,15,16,17
6528,1,2,3,4,5,6,7,8,9,10,11,12,13,14,15,16,17
6529,1,2,3,4,5,6,7,8,9,10,11,12,13,14,15,16,17
6530,1,2,3,4,5,6,7,8,9,10,11,12,13,14,15,16,17
6531,1,2,3,4,5,6,7,8,9,10,11,12,13,14,15,16,17
6532,1,2,3,4,5,6,7,8,9,10,11,12,13,14,15,16,17
6533,1,2,3,4,5,6,7,8,9,10,11,12,13,14,15,16,17
6534,1,2,3,4,5,6,7,8,9,10,11,12,13,14,15,16,17
6535,1,2,3,4,5,6,7,8,9,10,11,12,13,14,15,16,17
6536,1,2,3,4,5,6,7,8,9,10,11,12,13,14,15,16,17
6537,1,2,3,4,5,6,7,8,9,10,11,12,13,14,15,16,17
6538,1,2,3,4,5,6,7,8,9,10,11,12,13,14,15,16,17
6539,1,2,3,4,5,6,7,8,9,10,11,12,13,14,15,16,17
6540,1,2,3,4,5,6,7,8,9,10,11,12,13,14,15,16,17
6541,1,2,3,4,5,6,7,8,9,10,11,12,13,14,15,16,17
6542,1,2,3,4,5,6,7,8,9,10,11,12,13,14,15,16,17
6543,1,2,3,4,5,6,7,8,9,10,11,12,13,14,15,16,17
6544,1,2,3,4,5,6,7,8,9,10,11,12,13,14,15,16,17
6545,1,2,3,4,5,6,7,8,9,10,11,12,13,14,15,16,17
6546,1,2,3,4,5,6,7,8,9,10,11,12,13,14,15,16,17
6547,1,2,3,4,5,6,7,8,9,10,11,12,13,14,15,16,17
6548,1,2,3,4,5,6,7,8,9,10,11,12,13,14,15,16,17
6549,1,2,3,4,5,6,7,8,9,10,11,12,13,14,15,16,17
6550,1,2,3,4,5,6,7,8,9,10,11,12,13,14,15,16,17
6551,1,2,3,4,5,6,7,8,9,10,11,12,13,14,15,16,17
6552,1,2,3,4,5,6,7,8,9,10,11,12,13,14,15,16,17
6553,1,2,3,4,5,6,7,8,9,10,11,12,13,14,15,16,17
6554,1,2,3,4,5,6,7,8,9,10,11,12,13,14,15,16,17
6555,1,2,3,4,5,6,7,8,9,10,11,12,13,14,15,16,17
6556,1,2,3,4,5,6,7,8,9,10,11,12,13,14,15,16,17
6557,1,2,3,4,5,6,7,8,9,10,11,12,13,14,15,16,17
6558,1,2,3,4,5,6,7,8,9,10,11,12,13,14,15,16,17
6559,1,2,3,4,5,6,7,8,9,10,11,12,13,14,15,16,17
6560,1,2,3,4,5,6,7,8,9,10,11,12,13,14,15,16,17
6561,1,2,3,4,5,6,7,8,9,10,11,12,13,14,15,16,17
6562,1,2,3,4,5,6,7,8,9,10,11,12,13,14,15,16,17
6563,1,2,3,4,5,6,7,8,9,10,11,12,13,14,15,16,17
6564,1,2,3,4,5,6,7,8,9,10,11,12,13,14,15,16,17
6565,1,2,3,4,5,6,7,8,9,10,11,12,13,14,15,16,17
6566,1,2,3,4,5,6,7,8,9,10,11,12,13,14,15,16,17
6567,1,2,3,4,5,6,7,8,9,10,11,12,13,14,15,16,17
6568,1,2,3,4,5,6,7,8,9,10,11,12,13,14,15,16,17
6569,1,2,3,4,5,6,7,8,9,10,11,12,13,14,15,16,17
6570,1,2,3,4,5,6,7,8,9,10,11,12,13,14,15,16,17
6571,1,2,3,4,5,6,7,8,9,10,11,12,13,14,15,16,17
6572,1,2,3,4,5,6,7,8,9,10,11,12,13,14,15,16,17
6573,1,2,3,4,5,6,7,8,9,10,11,12,13,14,15,16,17
6574,1,2,3,4,5,6,7,8,9,10,11,12,13,14,15,16,17
6575,1,2,3,4,5,6,7,8,9,10,11,12,13,14,15,16,17
6576,1,2,3,4,5,6,7,8,9,10,11,12,13,14,15,16,17
6577,1,2,3,4,5,6,7,8,9,10,11,12,13,14,15,16,17
6578,1,2,3,4,5,6,7,8,9,10,11,12,13,14,15,16,17
6579,1,2,3,4,5,6,7,8,9,10,11,12,13,14,15,16,17
6580,1,2,3,4,5,6,7,8,9,10,11,12,13,14,15,16,17
6581,1,2,3,4,5,6,7,8,9,10,11,12,13,14,15,16,17
6582,1,2,3,4,5,6,7,8,9,10,11,12,13,14,15,16,17
6583,1,2,3,4,5,6,7,8,9,10,11,12,13,14,15,16,17
6584,1,2,3,4,5,6,7,8,9,10,11,12,13,14,15,16,17
6585,1,2,3,4,5,6,7,8,9,10,11,12,13,14,15,16,17
6586,1,2,3,4,5,6,7,8,9,10,11,12,13,14,15,16,17
6587,1,2,3,4,5,6,7,8,9,10,11,12,13,14,15,16,17
6588,1,2,3,4,5,6,7,8,9,10,11,12,13,14,15,16,17
6589,1,2,3,4,5,6,7,8,9,10,11,12,13,14,15,16,17
6590,1,2,3,4,5,6,7,8,9,10,11,12,13,14,15,16,17
6591,1,2,3,4,5,6,7,8,9,10,11,12,13,14,15,16,17
6592,1,2,3,4,5,6,7,8,9,10,11,12,13,14,15,16,17
6593,1,2,3,4,5,6,7,8,9,10,11,12,13,14,15,16,17
6594,1,2,3,4,5,6,7,8,9,10,11,12,13,14,15,16,17
6595,1,2,3,4,5,6,7,8,9,10,11,12,13,14,15,16,17
6596,1,2,3,4,5,6,7,8,9,10,11,12,13,14,15,16,17
6597,1,2,3,4,5,6,7,8,9,10,11,12,13,14,15,16,17
6598,1,2,3,4,5,6,7,8,9,10,11,12,13,14,15,16,17
6599,1,2,3,4,5,6,7,8,9,10,11,12,13,14,15,16,17
6600,1,2,3,4,5,6,7,8,9,10,11,12,13,14,15,16,17
6601,1,2,3,4,5,6,7,8,9,10,11,12,13,14,15,16,17
6602,1,2,3,4,5,6,7,8,9,10,11,12,13,14,15,16,17
6603,1,2,3,4,5,6,7,8,9,10,11,12,13,14,15,16,17
6604,1,2,3,4,5,6,7,8,9,10,11,12,13,14,15,16,17
6605,1,2,3,4,5,6,7,8,9,10,11,12,13,14,15,16,17
6606,1,2,3,4,5,6,7,8,9,10,11,12,13,14,15,16,17
6607,1,2,3,4,5,6,7,8,9,10,11,12,13,14,15,16,17
6608,1,2,3,4,5,6,7,8,9,10,11,12,13,14,15,16,17
6609,1,2,3,4,5,6,7,8,9,10,11,12,13,14,15,16,17
6610,1,2,3,4,5,6,7,8,9,10,11,12,13,14,15,16,17
6611,1,2,3,4,5,6,7,8,9,10,11,12,13,14,15,16,17
6612,1,2,3,4,5,6,7,8,9,10,11,12,13,14,15,16,17
6613,1,2,3,4,5,6,7,8,9,10,11,12,13,14,15,16,17
6614,1,2,3,4,5,6,7,8,9,10,11,12,13,14,15,16,17
6615,1,2,3,4,5,6,7,8,9,10,11,12,13,14,15,16,17
6616,1,2,3,4,5,6,7,8,9,10,11,12,13,14,15,16,17
6617,1,2,3,4,5,6,7,8,9,10,11,12,13,14,15,16,17
6618,1,2,3,4,5,6,7,8,9,10,11,12,13,14,15,16,17
6619,1,2,3,4,5,6,7,8,9,10,11,12,13,14,15,16,17
6620,1,2,3,4,5,6,7,8,9,10,11,12,13,14,15,16,17
6621,1,2,3,4,5,6,7,8,9,10,11,12,13,14,15,16,17
6622,1,2,3,4,5,6,7,8,9,10,11,12,13,14,15,16,17
6623,1,2,3,4,5,6,7,8,9,10,11,12,13,14,15,16,17
6624,1,2,3,4,5,6,7,8,9,10,11,12,13,14,15,16,17
6625,1,2,3,4,5,6,7,8,9,10,11,12,13,14,15,16,17
6626,1,2,3,4,5,6,7,8,9,10,11,12,13,14,15,16,17
6627,1,2,3,4,5,6,7,8,9,10,11,12,13,14,15,16,17
6628,1,2,3,4,5,6,7,8,9,10,11,12,13,14,15,16,17
6629,1,2,3,4,5,6,7,8,9,10,11,12,13,14,15,16,17
6630,1,2,3,4,5,6,7,8,9,10,11,12,13,14,15,16,17
6631,1,2,3,4,5,6,7,8,9,10,11,12,13,14,15,16,17
6632,1,2,3,4,5,6,7,8,9,10,11,12,13,14,15,16,17
6633,1,2,3,4,5,6,7,8,9,10,11,12,13,14,15,16,17
6634,1,2,3,4,5,6,7,8,9,10,11,12,13,14,15,16,17
6635,1,2,3,4,5,6,7,8,9,10,11,12,13,14,15,16,17
6636,1,2,3,4,5,6,7,8,9,10,11,12,13,14,15,16,17
6637,1,2,3,4,5,6,7,8,9,10,11,12,13,14,15,16,17
6638,1,2,3,4,5,6,7,8,9,10,11,12,13,14,15,16,17
6639,1,2,3,4,5,6,7,8,9,10,11,12,13,14,15,16,17
6640,1,2,3,4,5,6,7,8,9,10,11,12,13,14,15,16,17
6641,1,2,3,4,5,6,7,8,9,10,11,12,13,14,15,16,17
6642,1,2,3,4,5,6,7,8,9,10,11,12,13,14,15,16,17
6643,1,2,3,4,5,6,7,8,9,10,11,12,13,14,15,16,17
6644,1,2,3,4,5,6,7,8,9,10,11,12,13,14,15,16,17
6645,1,2,3,4,5,6,7,8,9,10,11,12,13,14,15,16,17
6646,1,2,3,4,5,6,7,8,9,10,11,12,13,14,15,16,17
6647,1,2,3,4,5,6,7,8,9,10,11,12,13,14,15,16,17
6648,1,2,3,4,5,6,7,8,9,10,11,12,13,14,15,16,17
6649,1,2,3,4,5,6,7,8,9,10,11,12,13,14,15,16,17
6650,1,2,3,4,5,6,7,8,9,10,11,12,13,14,15,16,17
6651,1,2,3,4,5,6,7,8,9,10,11,12,13,14,15,16,17
6652,1,2,3,4,5,6,7,8,9,10,11,12,13,14,15,16,17
6653,1,2,3,4,5,6,7,8,9,10,11,12,13,14,15,16,17
6654,1,2,3,4,5,6,7,8,9,10,11,12,13,14,15,16,17
6655,1,2,3,4,5,6,7,8,9,10,11,12,13,14,15,16,17
6656,1,2,3,4,5,6,7,8,9,10,11,12,13,14,15,16,17
6657,1,2,3,4,5,6,7,8,9,10,11,12,13,14,15,16,17
6658,1,2,3,4,5,6,7,8,9,10,11,12,13,14,15,16,17
6659,1,2,3,4,5,6,7,8,9,10,11,12,13,14,15,16,17
6660,1,2,3,4,5,6,7,8,9,10,11,12,13,14,15,16,17
6661,1,2,3,4,5,6,7,8,9,10,11,12,13,14,15,16,17
6662,1,2,3,4,5,6,7,8,9,10,11,12,13,14,15,16,17
6663,1,2,3,4,5,6,7,8,9,10,11,12,13,14,15,16,17
6664,1,2,3,4,5,6,7,8,9,10,11,12,13,14,15,16,17
6665,1,6,3,4,5,6,7,8,9,10,11,12,13,14,15,16,17
6666,1,2,3,4,5,6,7,8,9,10,11,12,13,14,15,16,17
6667,1,2,3,4,5,6,7,8,9,10,11,12,13,14,15,16,17
6668,1,2,3,4,5,6,7,8,9,10,11,12,13,14,15,16,17
6669,1,17,3,4,5,6,7,8,9,10,11,12,13,14,15,16,17
6670,1,2,3,4,5,6,7,8,9,10,11,12,13,14,15,16,17
6671,1,2,3,4,5,6,7,8,9,10,11,12,13,14,15,16,17
6672,1,2,3,4,5,6,7,8,9,10,11,12,13,14,15,16,17
6673,1,2,3,4,5,6,7,8,9,10,11,12,13,14,15,16,17
6674,1,2,3,4,5,6,7,8,9,10,11,12,13,14,15,16,17
6675,1,2,3,4,5,6,7,8,9,10,11,12,13,14,15,16,17
6676,1,2,3,4,5,6,7,8,9,10,11,12,13,14,15,16,17
6677,1,2,3,4,5,6,7,8,9,10,11,12,13,14,15,16,17
6678,1,2,3,4,5,6,7,8,9,10,11,12,13,14,15,16,17
6679,1,2,3,4,5,6,7,8,9,10,11,12,13,14,15,16,17
6680,1,2,3,4,5,6,7,8,9,10,11,12,13,14,15,16,17
6681,1,2,3,4,5,6,7,8,9,10,11,12,13,14,15,16,17
6682,1,2,3,4,5,6,7,8,9,10,11,12,13,14,15,16,17
6683,1,2,3,4,5,6,7,8,9,10,11,12,13,14,15,16,17
6684,1,2,3,4,5,6,7,8,9,10,11,12,13,14,15,16,17
6685,1,2,3,4,5,6,7,8,9,10,11,12,13,14,15,16,17
6686,1,2,3,4,5,6,7,8,9,10,11,12,13,14,15,16,17
6687,1,2,3,4,5,6,7,8,9,10,11,12,13,14,15,16,17
6688,1,2,3,4,5,6,7,8,9,10,11,12,13,14,15,16,17
6689,1,2,3,4,5,6,7,8,9,10,11,12,13,14,15,16,17
6690,1,2,3,4,5,6,7,8,9,10,11,12,13,14,15,16,17
6691,1,2,3,4,5,6,7,8,9,10,11,12,13,14,15,16,17
6692,1,2,3,4,5,6,7,8,9,10,11,12,13,14,15,16,17
6693,1,2,3,4,5,6,7,8,9,10,11,12,13,14,15,16,17
6694,1,2,3,4,5,6,7,8,9,10,11,12,13,14,15,16,17
6695,1,2,3,4,5,6,7,8,9,10,11,12,13,14,15,16,17
6696,1,2,3,4,5,6,7,8,9,10,11,12,13,14,15,16,17
6697,1,2,3,4,5,6,7,8,9,10,11,12,13,14,15,16,17
6698,1,2,3,4,5,6,7,8,9,10,11,12,13,14,15,16,17
6699,1,2,3,4,5,6,7,8,9,10,11,12,13,14,15,16,17
6700,1,2,3,4,5,6,7,8,9,10,11,12,13,14,15,16,17
6701,1,2,3,4,5,6,7,8,9,10,11,12,13,14,15,16,17
6702,1,2,3,4,5,6,7,8,9,10,11,12,13,14,15,16,17
6703,1,2,3,4,5,6,7,8,9,10,11,12,13,14,15,16,17
6704,1,2,3,4,5,6,7,8,9,10,11,12,13,14,15,16,17
6705,1,2,3,4,5,6,7,8,9,10,11,12,13,14,15,16,17
6706,1,2,3,4,5,6,7,8,9,10,11,12,13,14,15,16,17
6707,1,2,3,4,5,6,7,8,9,10,11,12,13,14,15,16,17
6708,1,2,3,4,5,6,7,8,9,10,11,12,13,14,15,16,17
6709,1,2,3,4,5,6,7,8,9,10,11,12,13,14,15,16,17
6710,1,2,3,4,5,6,7,8,9,10,11,12,13,14,15,16,17
6711,1,2,3,4,5,6,7,8,9,10,11,12,13,14,15,16,17
6712,1,2,3,4,5,6,7,8,9,10,11,12,13,14,15,16,17
6713,1,2,3,4,5,6,7,8,9,10,11,12,13,14,15,16,17
6714,1,2,3,4,5,6,7,8,9,10,11,12,13,14,15,16,17
6715,1,2,3,4,5,6,7,8,9,10,11,12,13,14,15,16,17
6716,1,2,3,4,5,6,7,8,9,10,11,12,13,14,15,16,17
6717,1,2,3,4,5,6,7,8,9,10,11,12,13,14,15,16,17
6718,1,2,3,4,5,6,7,8,9,10,11,12,13,14,15,16,17
6719,1,2,3,4,5,6,7,8,9,10,11,12,13,14,15,16,17
6720,1,2,3,4,5,6,7,8,9,10,11,12,13,14,15,16,17
6721,1,2,3,4,5,6,7,8,9,10,11,12,13,14,15,16,17
6722,1,2,3,4,5,6,7,8,9,10,11,12,13,14,15,16,17
6723,1,2,3,4,5,6,7,8,9,10,11,12,13,14,15,16,17
6724,1,2,3,4,5,6,7,8,9,10,11,12,13,14,15,16,17
6725,1,2,3,4,5,6,7,8,9,10,11,12,13,14,15,16,17
6726,1,2,3,4,5,6,7,8,9,10,11,12,13,14,15,16,17
6727,1,2,3,4,5,6,7,8,9,10,11,12,13,14,15,16,17
6728,1,2,3,4,5,6,7,8,9,10,11,12,13,14,15,16,17
6729,1,2,3,4,5,6,7,8,9,10,11,12,13,14,15,16,17
6730,1,2,3,4,5,6,7,8,9,10,11,12,13,14,15,16,17
6731,1,2,3,4,5,6,7,8,9,10,11,12,13,14,15,16,17
6732,1,2,3,4,5,6,7,8,9,10,11,12,13,14,15,16,17
6733,1,2,3,4,5,6,7,8,9,10,11,12,13,14,15,16,17
6734,1,2,3,4,5,6,7,8,9,10,11,12,13,14,15,16,17
6735,1,2,3,4,5,6,7,8,9,10,11,12,13,14,15,16,17
6736,1,2,3,4,5,6,7,8,9,10,11,12,13,14,15,16,17
6737,1,2,3,4,5,6,7,8,9,10,11,12,13,14,15,16,17
6738,1,2,3,4,5,6,7,8,9,10,11,12,13,14,15,16,17
6739,1,2,3,4,5,6,7,8,9,10,11,12,13,14,15,16,17
6740,1,2,3,4,5,6,7,8,9,10,11,12,13,14,15,16,17
6741,1,2,3,4,5,6,7,8,9,10,11,12,13,14,15,16,17
6742,1,2,3,4,5,6,7,8,9,10,11,12,13,14,15,16,17
6743,1,2,3,4,5,6,7,8,9,10,11,12,13,14,15,16,17
6744,1,2,3,4,5,6,7,8,9,10,11,12,13,14,15,16,17
6745,1,2,3,4,5,6,7,8,9,10,11,12,13,14,15,16,17
6746,1,2,3,4,5,6,7,8,9,10,11,12,13,14,15,16,17
6747,1,2,3,4,5,6,7,8,9,10,11,12,13,14,15,16,17
6748,1,2,3,4,5,6,7,8,9,10,11,12,13,14,15,16,17
6749,1,2,3,4,5,6,7,8,9,10,11,12,13,14,15,16,17
6750,1,2,3,4,5,6,7,8,9,10,11,12,13,14,15,16,17
6751,1,2,3,4,5,6,7,8,9,10,11,12,13,14,15,16,17
6752,1,2,3,4,5,6,7,8,9,10,11,12,13,14,15,16,17
6753,1,2,3,4,5,6,7,8,9,10,11,12,13,14,15,16,17
6754,1,2,3,4,5,6,7,8,9,10,11,12,13,14,15,16,17
6755,1,2,3,4,5,6,7,8,9,10,11,12,13,14,15,16,17
6756,1,2,3,4,5,6,7,8,9,10,11,12,13,14,15,16,17
6757,1,2,3,4,5,6,7,8,9,10,11,12,13,14,15,16,17
6758,1,2,3,4,5,6,7,8,9,10,11,12,13,14,15,16,17
6759,1,2,3,4,5,6,7,8,9,10,11,12,13,14,15,16,17
6760,1,2,3,4,5,6,7,8,9,10,11,12,13,14,15,16,17
6761,1,2,3,4,5,6,7,8,9,10,11,12,13,14,15,16,17
6762,1,2,3,4,5,6,7,8,9,10,11,12,13,14,15,16,17
6763,1,2,3,4,5,6,7,8,9,10,11,12,13,14,15,16,17
6764,1,2,3,4,5,6,7,8,9,10,11,12,13,14,15,16,17
6765,1,2,3,4,5,6,7,8,9,10,11,12,13,14,15,16,17
6766,1,2,3,4,5,6,7,8,9,10,11,12,13,14,15,16,17
6767,1,2,3,4,5,6,7,8,9,10,11,12,13,14,15,16,17
6768,1,2,3,4,5,6,7,8,9,10,11,12,13,14,15,16,17
6769,1,2,3,4,5,6,7,8,9,10,11,12,13,14,15,16,17
6770,1,2,3,4,5,6,7,8,9,10,11,12,13,14,15,16,17
6771,1,2,3,4,5,6,7,8,9,10,11,12,13,14,15,16,17
6772,1,2,3,4,5,6,7,8,9,10,11,12,13,14,15,16,17
6773,1,2,3,4,5,6,7,8,9,10,11,12,13,14,15,16,17
6774,1,2,3,4,5,6,7,8,9,10,11,12,13,14,15,16,17
6775,1,2,3,4,5,6,7,8,9,10,11,12,13,14,15,16,17
6776,1,2,3,4,5,6,7,8,9,10,11,12,13,14,15,16,17
6777,1,2,3,4,5,6,7,8,9,10,11,12,13,14,15,16,17
6778,1,2,3,4,5,6,7,8,9,10,11,12,13,14,15,16,17
6779,1,2,3,4,5,6,7,8,9,10,11,12,13,14,15,16,17
6780,1,2,3,4,5,6,7,8,9,10,11,12,13,14,15,16,17
6781,1,2,3,4,5,6,7,8,9,10,11,12,13,14,15,16,17
6782,1,2,3,4,5,6,7,8,9,10,11,12,13,14,15,16,17
6783,1,2,3,4,5,6,7,8,9,10,11,12,13,14,15,16,17
6784,1,2,3,4,5,6,7,8,9,10,11,12,13,14,15,16,17
6785,1,2,3,4,5,6,7,8,9,10,11,12,13,14,15,16,17
6786,1,2,3,4,5,6,7,8,9,10,11,12,13,14,15,16,17
6787,1,2,3,4,5,6,7,8,9,10,11,12,13,14,15,16,17
6788,1,2,3,4,5,6,7,8,9,10,11,12,13,14,15,16,17
6789,1,2,3,4,5,6,7,8,9,10,11,12,13,14,15,16,17
6790,1,2,3,4,5,6,7,8,9,10,11,12,13,14,15,16,17
6791,1,2,3,4,5,6,7,8,9,10,11,12,13,14,15,16,17
6792,1,2,3,4,5,6,7,8,2,10,11,12,13,14,15,16,2
6793,1,2,3,4,5,6,7,8,9,10,11,12,13,14,15,16,17
6794,1,2,3,4,5,6,7,8,9,10,11,12,13,14,15,16,17
6795,1,2,3,4,5,6,7,8,9,10,11,12,13,14,15,16,17
6796,1,2,3,4,5,6,7,8,9,10,11,12,13,14,15,16,17
6797,1,8,3,4,5,6,7,8,9,10,11,12,13,14,15,16,17
6798,1,2,3,4,5,6,7,8,9,10,11,12,13,14,15,16,17
6799,1,2,3,4,5,6,7,8,9,10,11,12,13,14,15,16,17
6800,1,2,3,4,5,6,7,8,9,10,11,12,13,14,15,16,17
6801,1,2,3,4,5,6,7,8,9,10,11,12,13,14,15,16,17
6802,1,2,3,4,5,6,7,8,9,10,11,12,13,14,15,16,17
6803,1,2,3,4,5,6,7,8,9,10,11,12,13,14,15,16,17
6804,1,2,3,4,5,6,7,8,9,10,11,12,13,14,15,16,17
6805,1,2,3,4,5,6,7,8,9,10,11,12,13,14,15,16,17
6806,1,2,3,4,5,6,7,8,9,10,11,12,13,14,15,16,17
6807,1,2,3,4,5,6,7,8,9,10,11,12,13,14,15,16,17
6808,1,2,3,4,5,6,7,8,9,10,11,12,13,14,15,16,17
6809,1,2,3,4,5,6,7,8,9,10,11,12,13,14,15,16,17
6810,1,2,3,4,5,6,7,8,9,10,11,12,13,14,15,16,17
6811,1,12,3,4,5,6,7,8,9,10,11,12,13,14,15,16,17
6812,1,2,3,4,5,6,7,8,9,10,11,12,13,14,15,16,17
6813,1,2,3,4,5,6,7,8,9,10,11,12,13,14,15,16,17
6814,1,2,3,4,5,6,7,8,9,10,11,12,13,14,15,16,17
6815,1,2,3,4,5,6,7,8,9,10,11,12,13,14,15,16,17
6816,1,2,3,4,5,6,7,8,9,10,11,12,13,14,15,16,17
6817,1,2,3,4,5,6,7,8,9,10,11,12,13,14,15,16,17
6818,1,2,3,4,5,6,7,8,9,10,11,12,13,14,15,16,17
6819,1,2,3,4,5,6,7,8,9,10,11,12,13,14,15,16,17
6820,1,2,3,4,5,6,7,8,9,10,11,12,13,14,15,16,17
6821,1,2,3,4,5,6,7,8,9,10,11,12,13,14,15,16,17
6822,1,2,3,4,5,6,7,8,9,10,11,12,13,14,15,16,17
6823,1,2,3,4,5,6,7,8,9,10,11,12,13,14,15,16,17
6824,1,2,3,4,5,6,7,8,9,10,11,12,13,14,15,16,17
6825,1,2,3,4,5,6,7,8,9,10,11,12,13,14,15,16,17
6826,1,2,3,4,5,6,7,8,9,10,11,12,13,14,15,16,17
6827,1,2,3,4,5,6,7,8,9,10,11,12,13,14,15,16,17
6828,1,2,3,4,5,6,7,8,9,10,11,12,13,14,15,16,17
6829,1,2,3,4,5,6,7,8,9,10,11,12,13,14,15,16,17
6830,1,2,3,4,5,6,7,8,9,10,11,12,13,14,15,16,17
6831,1,2,3,4,5,6,7,8,9,10,11,12,13,14,15,16,17
6832,1,2,3,4,5,6,7,8,9,10,11,12,13,14,15,16,17
6833,1,2,3,4,5,6,7,8,9,10,11,12,13,14,15,16,17
6834,1,2,3,4,5,6,7,8,9,10,11,12,13,14,15,16,17
6835,1,2,3,4,5,6,7,8,9,10,11,12,13,14,15,16,17
6836,1,2,3,4,5,6,7,8,9,10,11,12,13,14,15,16,17
6837,1,2,3,4,5,6,7,8,9,10,11,12,13,14,15,16,17
6838,1,2,3,4,5,6,7,8,9,10,11,12,13,14,15,16,17
6839,1,2,3,4,5,6,7,8,9,10,11,12,13,14,15,16,17
6840,1,2,3,4,5,6,7,8,9,10,11,12,13,14,15,16,17
6841,1,2,3,4,5,6,7,8,9,10,11,12,13,14,15,16,17
6842,1,2,3,4,5,6,7,8,9,10,11,12,13,14,15,16,17
6843,1,2,3,4,5,6,7,8,9,10,11,12,13,14,15,16,17
6844,1,2,3,4,5,6,7,8,9,10,11,12,13,14,15,16,17
6845,1,2,3,4,5,6,7,8,9,10,11,12,13,14,15,16,17
6846,1,2,3,4,5,6,7,8,9,10,11,12,13,14,15,16,17
6847,1,2,3,4,5,6,7,8,9,10,11,12,13,14,15,16,17
6848,1,2,3,4,5,6,7,8,9,10,11,12,13,14,15,16,17
6849,1,2,3,4,5,6,7,8,9,10,11,12,13,14,15,16,17
6850,1,2,3,4,5,6,7,8,9,10,11,12,13,14,15,16,17
6851,1,2,3,4,5,6,7,8,9,10,11,12,13,14,15,16,17
6852,1,2,3,4,5,6,7,8,9,10,11,12,13,14,15,16,17
6853,1,2,3,4,5,6,7,8,9,10,11,12,13,14,15,16,17
6854,1,2,3,4,5,6,7,8,9,10,11,12,13,14,15,16,17
6855,1,2,3,4,5,6,7,8,9,10,11,12,13,14,15,16,17
6856,1,2,3,4,5,6,7,8,9,10,11,12,13,14,15,16,17
6857,1,2,3,4,5,6,7,8,9,10,11,12,13,14,15,16,17
6858,1,2,3,4,5,6,7,8,9,10,11,12,13,14,15,16,17
6859,1,2,3,4,5,6,7,8,9,10,11,12,13,14,15,16,17
6860,1,2,3,4,5,6,7,8,9,10,11,12,13,14,15,16,17
6861,1,2,3,4,5,6,7,8,9,10,11,12,13,14,15,16,17
6862,1,2,3,4,5,6,7,8,9,10,11,12,13,14,15,16,17
6863,1,2,3,4,5,6,7,8,9,10,11,12,13,14,15,16,17
6864,1,2,3,4,5,6,7,8,9,10,11,12,13,14,15,16,17
6865,1,2,3,4,5,6,7,8,9,10,11,12,13,14,15,16,17
6866,1,2,3,4,5,6,7,8,9,10,11,12,13,14,15,16,17
6867,1,2,3,4,5,6,7,8,9,10,11,12,13,14,15,16,17
6868,1,2,3,4,5,6,7,8,9,10,11,12,13,14,15,16,17
6869,1,2,3,4,5,6,7,8,9,10,11,12,13,14,15,16,17
6870,1,2,3,4,5,6,7,8,9,10,11,12,13,14,15,16,17
6871,1,2,3,4,5,6,7,8,9,10,11,12,13,14,15,16,17
6872,1,2,3,4,5,6,7,8,9,10,11,12,13,14,15,16,17
6873,1,2,3,4,5,6,7,8,9,10,11,12,13,14,15,16,17
6874,1,2,3,4,5,6,7,8,9,10,11,12,13,14,15,16,17
6875,1,2,3,4,5,6,7,8,9,10,11,12,13,14,15,16,17
6876,1,2,3,4,5,6,7,8,9,10,11,12,13,14,15,16,17
6877,1,2,3,4,5,6,7,8,9,10,11,12,13,14,15,16,17
6878,1,2,3,4,5,6,7,8,9,10,11,12,13,14,15,16,17
6879,1,2,3,4,5,6,7,8,9,10,11,12,13,14,15,16,17
6880,1,2,3,4,5,6,7,8,9,10,11,12,13,14,15,16,17
6881,1,2,3,4,5,6,7,8,9,10,11,12,13,14,15,16,17
6882,1,2,3,4,5,6,7,8,9,10,11,12,13,14,15,16,17
6883,1,2,3,4,5,6,7,8,9,10,11,12,13,14,15,16,17
6884,1,2,3,4,5,6,7,8,9,10,11,12,13,14,15,16,17
6885,1,2,3,4,5,6,7,8,9,10,11,12,13,14,15,16,17
6886,1,2,3,4,5,6,7,8,9,10,11,12,13,14,15,16,17
6887,1,2,3,4,5,6,7,8,9,10,11,12,13,14,15,16,17
6888,1,2,3,4,5,6,7,8,9,10,11,12,13,14,15,16,17
6889,1,2,3,4,5,6,7,8,9,10,11,12,13,14,15,16,17
6890,1,2,3,4,5,6,7,8,9,10,11,12,13,14,15,16,17
6891,1,2,3,4,5,6,7,8,9,10,11,12,13,14,15,16,17
6892,1,2,3,4,5,6,7,8,9,10,11,12,13,14,15,16,17
6893,1,2,3,4,5,6,7,8,9,10,11,12,13,14,15,16,17
6894,1,2,3,4,5,6,7,8,9,10,11,12,13,14,15,16,17
6895,1,2,3,4,5,6,7,8,9,10,11,12,13,14,15,16,17
6896,1,2,3,4,5,6,7,8,9,10,11,12,13,14,15,16,17
6897,1,2,3,4,5,6,7,8,9,10,11,12,13,14,15,16,17
6898,1,2,3,4,5,6,7,8,9,10,11,12,13,14,15,16,17
6899,1,2,3,4,5,6,7,8,9,10,11,12,13,14,15,16,17
6900,1,2,3,4,5,6,7,8,9,10,11,12,13,14,15,16,17
6901,1,2,3,4,5,6,7,8,9,10,11,12,13,14,15,16,17
6902,1,2,3,4,5,6,7,8,9,10,11,12,13,14,15,16,17
6903,1,2,3,4,5,6,7,8,9,10,11,12,13,14,15,16,17
6904,1,2,3,4,5,6,7,8,9,10,11,12,13,14,15,16,17
6905,1,2,3,4,5,6,7,8,9,10,11,12,13,14,15,16,17
6906,1,2,3,4,5,6,7,8,9,10,11,12,13,14,15,16,17
6907,1,2,3,4,5,6,7,8,9,10,11,12,13,14,15,16,17
6908,1,2,3,4,5,6,7,8,9,10,11,12,13,14,15,16,17
6909,1,2,3,4,5,6,7,8,9,10,11,12,13,14,15,16,17
6910,1,2,3,4,5,6,7,8,9,10,11,12,13,14,15,16,17
6911,1,2,3,4,5,6,7,8,9,10,11,12,13,14,15,16,17
6912,1,2,3,4,5,6,7,8,9,10,11,12,13,14,15,16,17
6913,1,2,3,4,5,6,7,8,9,10,11,12,13,14,15,16,17
6914,1,2,3,4,5,6,7,8,9,10,11,12,13,14,15,16,17
6915,1,2,3,4,5,6,7,8,9,10,11,12,13,14,15,16,17
6916,1,2,3,4,5,6,7,8,9,10,11,12,13,14,15,16,17
6917,1,2,3,4,5,6,7,8,9,10,11,12,13,14,15,16,17
6918,1,2,3,4,5,6,7,8,9,10,11,12,13,14,15,16,17
6919,1,2,3,4,5,6,7,8,9,10,11,12,13,14,15,16,17
6920,1,2,3,4,5,6,7,8,9,10,11,12,13,14,15,16,17
6921,1,2,3,4,5,6,7,8,9,10,11,12,13,14,15,16,17
6922,1,2,3,4,5,6,7,8,9,10,11,12,13,14,15,16,17
6923,1,2,3,4,5,6,7,8,9,10,11,12,13,14,15,16,17
6924,1,2,3,4,5,6,7,8,9,10,11,12,13,14,15,16,17
6925,1,2,3,4,5,6,7,8,9,10,11,12,13,14,15,16,17
6926,1,2,3,4,5,6,7,8,9,10,11,12,13,14,15,16,17
6927,1,2,3,4,5,6,7,8,9,10,11,12,13,14,15,16,17
6928,1,2,3,4,5,6,7,8,9,10,11,12,13,14,15,16,17
6929,1,2,3,4,5,6,7,8,9,10,11,12,13,14,15,16,17
6930,1,2,3,4,5,6,7,8,9,10,11,12,13,14,15,16,17
6931,1,2,3,4,5,6,7,8,9,10,11,12,13,14,15,16,17
6932,1,2,3,4,5,6,7,8,9,10,11,12,13,14,15,16,17
6933,1,2,3,4,5,6,7,8,9,10,11,12,13,14,15,16,17
6934,1,2,3,4,5,6,7,8,9,10,11,2,13,14,15,16,17
6935,1,2,3,4,5,6,7,8,9,10,11,12,13,14,15,16,17
6936,1,2,3,4,5,6,7,8,9,10,11,12,13,14,15,16,17
6937,1,2,3,4,5,6,7,8,9,10,11,12,13,14,15,16,17
6938,1,2,3,4,5,6,7,8,9,10,11,12,13,14,15,16,17
6939,1,2,3,4,5,6,7,8,9,10,11,12,13,14,15,16,17
6940,1,2,3,4,5,6,7,8,9,10,11,12,13,14,15,16,17
6941,1,2,3,4,5,6,7,8,9,10,11,12,13,14,15,16,17
6942,1,2,3,4,5,6,7,8,9,10,11,12,13,14,15,16,17
6943,1,2,3,4,5,6,7,8,9,10,11,12,13,14,15,16,17
6944,1,2,3,4,5,6,7,8,9,10,11,12,13,14,15,16,17
6945,1,2,3,4,5,6,7,8,9,10,11,12,13,14,15,16,17
6946,1,2,3,4,5,6,7,8,9,10,11,12,13,14,15,16,17
6947,1,2,3,4,5,6,7,8,9,10,11,12,13,14,15,16,17
6948,1,2,3,4,5,6,7,8,9,10,11,12,13,14,15,16,17
6949,1,2,3,4,5,6,7,8,9,10,11,12,13,14,15,16,17
6950,1,2,3,4,5,6,7,8,9,10,11,12,13,14,15,16,17
6951,1,2,3,4,5,6,7,8,9,10,11,12,13,14,15,16,17
6952,1,2,3,4,5,6,7,8,9,10,11,12,13,14,15,16,17
6953,1,2,3,4,5,6,7,8,9,10,11,12,13,14,15,16,17
6954,1,2,3,4,5,6,7,8,9,10,11,12,13,14,15,16,17
6955,1,2,3,4,5,6,7,8,9,10,11,12,13,14,15,16,17
6956,1,2,3,4,5,6,7,8,9,10,11,12,13,14,15,16,17
6957,1,2,3,4,5,6,7,8,9,10,11,12,13,14,15,16,17
6958,1,2,3,4,5,6,7,8,9,10,11,12,13,14,15,16,17
6959,1,2,3,4,5,6,7,8,9,10,11,12,13,14,15,16,17
6960,1,2,3,4,5,6,7,8,9,10,11,12,13,14,15,16,17
6961,1,2,3,4,5,6,7,8,9,10,11,12,13,14,15,16,17
6962,1,2,3,4,5,6,7,8,9,10,11,12,13,14,15,16,17
6963,1,2,3,4,5,6,7,8,9,10,11,12,13,14,15,16,17
6964,1,2,3,4,5,6,7,8,9,10,11,12,13,14,15,16,17
6965,1,2,3,4,5,6,7,8,9,10,11,12,13,14,15,16,17
6966,1,2,3,4,5,6,7,8,9,10,11,12,13,14,15,16,17
6967,1,2,3,4,5,6,7,8,9,10,11,12,13,14,15,16,17
6968,1,2,3,4,5,6,7,8,9,10,11,12,13,14,15,16,17
6969,1,2,3,4,5,6,7,8,9,10,11,12,13,14,15,16,17
6970,1,2,3,4,5,6,7,8,9,10,11,12,13,14,15,16,17
6971,1,2,3,4,5,6,7,8,9,10,11,12,13,14,15,16,17
6972,1,2,3,4,5,6,7,8,9,10,11,12,13,14,15,16,17
6973,1,2,3,4,5,6,7,8,9,10,11,12,13,14,15,16,17
6974,1,2,3,4,5,6,7,8,9,10,11,12,13,14,15,16,17
6975,1,2,3,4,5,6,7,8,9,10,11,12,13,14,15,16,17
6976,1,2,3,4,5,6,7,8,9,10,11,12,13,14,15,16,17
6977,1,2,3,4,5,6,7,8,9,10,11,12,13,14,15,16,17
6978,1,2,3,4,5,6,7,8,9,10,11,12,13,14,15,16,17
6979,1,2,3,4,5,6,7,8,9,10,11,12,13,14,15,16,17
6980,1,2,3,4,5,6,7,8,9,10,11,12,13,14,15,16,17
6981,1,2,3,4,5,6,7,8,9,10,11,12,13,14,15,16,17
6982,1,2,3,4,5,6,7,8,9,10,11,12,13,14,15,16,17
6983,1,2,3,4,5,6,7,8,9,10,11,12,13,14,15,16,17
6984,1,2,3,4,5,6,7,8,9,10,11,12,13,14,15,16,17
6985,1,2,3,4,5,6,7,8,9,10,11,12,13,14,15,16,17
6986,1,2,3,4,5,6,7,8,9,10,11,12,13,14,15,16,17
6987,1,2,3,4,5,6,7,8,9,10,11,12,13,14,15,16,17
6988,1,2,3,4,5,6,7,8,9,10,11,12,13,14,15,16,17
6989,1,2,3,4,5,6,7,8,9,10,11,12,13,14,15,16,17
6990,1,2,3,4,5,6,7,8,9,10,11,12,13,14,15,16,17
6991,1,2,3,4,5,6,7,8,9,10,11,12,13,14,15,16,17
6992,1,2,3,4,5,6,7,8,9,10,11,12,13,14,15,16,17
6993,1,2,3,4,5,6,7,8,9,10,11,12,13,14,15,16,17
6994,1,2,3,4,5,6,7,8,9,10,11,12,13,14,15,16,17
6995,1,2,3,4,5,6,7,8,9,10,11,12,13,14,15,16,17
6996,1,2,3,4,5,6,7,8,9,10,11,12,13,14,15,16,17
6997,1,2,3,4,5,6,7,8,9,10,11,12,13,14,15,16,17
6998,1,2,3,4,5,6,7,8,9,10,11,12,13,14,15,16,17
6999,1,2,3,4,5,6,7,8,9,10,11,12,13,14,15,16,17
7000,1,2,3,4,5,6,7,8,9,10,11,12,13,14,15,16,17
7001,1,2,3,4,5,6,7,8,9,10,11,12,13,14,15,16,17
7002,1,2,3,4,5,6,7,8,9,10,11,12,13,14,15,16,17
7003,1,2,3,4,5,6,7,8,9,10,11,12,13,14,15,16,17
7004,1,2,3,4,5,6,7,8,9,10,11,12,13,14,15,16,17
7005,1,2,3,4,5,6,7,8,9,10,11,12,13,14,15,16,17
7006,1,2,3,4,5,6,7,8,9,10,11,12,13,14,15,16,17
7007,1,2,3,4,5,6,7,8,9,10,11,12,13,14,15,16,17
7008,1,2,3,4,5,6,7,8,9,10,11,12,13,14,15,16,17
7009,1,2,3,4,5,6,7,8,9,10,11,12,13,14,15,16,17
7010,1,2,3,4,5,6,7,8,9,10,11,12,13,14,15,16,17
7011,1,2,3,4,5,6,7,8,9,10,11,12,13,14,15,16,17
7012,1,2,3,4,5,6,7,8,9,10,11,12,13,14,15,16,17
7013,1,2,3,4,5,6,7,8,9,10,11,12,13,14,15,16,17
7014,1,2,3,4,5,6,7,8,9,10,11,12,13,14,15,16,17
7015,1,2,3,4,5,6,7,8,9,10,11,12,13,14,15,16,17
7016,1,2,3,4,5,6,7,8,9,10,11,12,13,14,15,16,17
7017,1,2,3,4,5,6,7,8,9,10,11,12,13,14,15,16,17
7018,1,2,3,4,5,6,7,8,9,10,11,12,13,14,15,16,17
7019,1,2,3,4,5,6,7,8,9,10,11,12,13,14,15,16,17
7020,1,2,3,4,5,6,7,8,9,10,11,12,13,14,15,16,17
7021,1,2,3,4,5,6,7,8,9,10,11,12,13,14,15,16,17
7022,1,2,3,4,5,6,7,8,9,10,11,12,13,14,15,16,17
7023,1,2,3,4,5,6,7,8,9,10,11,12,13,14,15,16,17
7024,1,4,10,4,5,15,7,8,9,10,11,12,13,14,15,16,17
7025,1,2,3,4,5,6,7,8,9,10,11,12,13,14,15,16,17
7026,1,2,3,4,5,6,7,8,9,10,11,12,13,14,15,16,17
7027,1,2,3,4,5,6,7,8,9,10,11,12,13,14,15,16,17
7028,1,2,3,4,5,6,7,8,9,10,11,12,13,14,15,16,17
7029,1,2,3,4,5,6,7,8,9,10,11,12,13,14,15,16,17
7030,1,2,3,4,5,6,7,8,9,10,11,12,13,14,15,16,17
7031,1,2,3,4,5,6,7,8,9,10,11,12,13,14,15,16,17
7032,1,2,3,4,5,6,7,8,9,10,11,12,13,14,15,16,17
7033,1,2,3,4,5,6,7,8,9,10,11,12,13,14,15,16,17
7034,1,2,3,4,5,6,7,8,9,10,11,12,13,14,15,16,17
7035,1,2,3,4,5,6,7,8,9,10,11,12,13,14,15,16,17
7036,1,2,3,4,5,6,7,8,9,10,11,12,13,14,15,16,17
7037,1,2,3,4,5,6,7,8,9,10,11,12,13,14,15,16,17
7038,1,2,3,4,5,6,7,8,9,10,11,12,13,14,15,16,17
7039,1,2,3,4,5,6,7,8,9,10,11,12,13,14,15,16,17
7040,1,2,3,4,5,6,7,8,9,10,11,12,13,14,15,16,17
7041,1,2,3,4,5,6,7,8,9,10,11,12,13,14,15,16,17
7042,1,2,3,4,5,6,7,8,9,10,11,12,13,14,15,16,17
7043,1,2,3,4,5,6,7,8,9,10,11,12,13,14,15,16,17
7044,1,2,3,4,5,6,7,8,9,10,11,12,13,14,15,16,17
7045,1,2,3,4,5,6,7,8,9,10,11,12,13,14,15,16,17
7046,1,2,3,4,5,6,7,8,9,10,11,12,13,14,15,16,17
7047,1,2,3,4,5,6,7,8,9,10,11,12,13,14,15,16,17
7048,1,2,3,4,5,6,7,8,9,10,11,12,13,14,15,16,17
7049,1,2,3,4,5,6,7,8,9,10,11,12,13,14,15,16,17
7050,1,2,3,4,5,6,7,8,9,10,11,12,13,14,15,16,17
7051,1,2,3,4,5,6,7,8,9,10,11,12,13,14,15,16,17
7052,1,2,3,4,5,6,7,8,9,10,11,12,13,14,15,16,17
7053,1,2,3,4,5,6,7,8,9,10,11,12,13,14,15,16,17
7054,1,2,3,4,5,6,7,8,9,10,11,12,13,14,15,16,17
7055,1,2,3,4,5,6,7,8,9,10,11,12,13,14,15,16,17
7056,1,2,3,4,5,6,7,8,9,10,11,12,13,14,15,16,17
7057,1,2,3,4,5,6,7,8,9,10,11,12,13,14,15,16,17
7058,1,2,3,4,5,6,7,8,9,10,11,12,13,14,15,16,17
7059,1,2,3,4,5,6,7,8,9,10,11,12,13,14,15,16,17
7060,1,2,3,4,5,6,7,8,9,10,11,12,13,14,15,16,17
7061,1,2,3,4,5,6,7,8,9,10,11,12,13,14,15,16,17
7062,1,2,3,4,5,6,7,8,9,10,11,12,13,14,15,16,17
7063,1,2,3,4,5,6,7,8,9,10,11,12,13,14,15,16,17
7064,1,2,3,4,5,6,7,8,9,10,11,12,13,14,15,16,17
7065,1,2,3,4,5,6,7,8,9,10,11,12,13,14,15,16,17
7066,1,2,3,4,5,6,7,8,9,10,11,12,13,14,15,16,17
7067,1,2,3,4,5,6,7,8,9,10,11,12,13,14,15,16,17
7068,1,2,3,4,5,6,7,8,9,10,11,12,13,14,15,16,17
7069,1,2,3,4,5,6,7,8,9,10,11,12,13,14,15,16,17
7070,1,2,3,4,5,6,7,8,9,10,11,12,13,14,15,16,17
7071,1,2,3,4,5,6,7,8,9,10,11,12,13,14,15,16,17
7072,1,2,3,4,5,6,7,8,9,10,11,12,13,14,15,16,17
7073,1,2,3,4,5,6,7,8,9,10,11,12,13,14,15,16,17
7074,1,2,3,4,5,6,7,8,9,10,11,12,13,14,15,16,17
7075,1,2,3,4,5,6,7,8,9,10,11,12,13,14,15,16,17
7076,1,2,3,4,5,6,7,8,9,10,11,12,13,14,15,16,17
7077,1,2,3,4,5,6,7,8,9,10,11,12,13,14,15,16,17
7078,1,2,3,4,5,6,7,8,9,10,11,12,13,14,15,16,17
7079,1,2,3,4,5,6,7,8,9,10,11,12,13,14,15,16,17
7080,1,2,3,4,5,6,7,8,9,10,11,12,13,14,15,16,17
7081,1,2,3,4,5,6,7,8,9,10,11,12,13,14,15,16,17
7082,1,2,3,4,5,6,7,8,9,10,11,12,13,14,15,16,17
7083,1,2,3,4,5,6,7,8,9,10,11,12,13,14,15,16,17
7084,1,2,3,4,5,6,7,8,9,10,11,12,13,14,15,16,17
7085,1,2,3,4,5,6,7,8,9,10,11,12,13,14,15,16,17
7086,1,2,3,4,5,6,7,8,9,10,11,12,13,14,15,16,17
7087,1,2,3,4,5,6,7,8,9,10,11,12,13,14,15,16,17
7088,1,2,3,4,5,6,7,8,9,10,11,12,13,14,15,16,17
7089,1,2,3,4,5,6,7,8,9,10,11,12,13,14,15,16,17
7090,1,2,3,4,5,6,7,8,9,10,11,12,13,14,15,16,17
7091,1,2,3,4,5,6,7,8,9,10,11,12,13,14,15,16,17
7092,1,2,3,4,5,6,7,8,9,10,11,12,13,14,15,16,17
7093,1,2,3,4,5,6,7,8,9,10,11,12,13,14,15,16,17
7094,1,2,3,4,5,6,7,8,9,10,11,12,13,14,15,16,17
7095,1,2,3,4,5,6,7,8,9,10,11,12,13,14,15,16,17
7096,1,2,3,4,5,6,7,8,9,10,11,12,13,14,15,16,17
7097,1,2,3,4,5,6,7,8,9,10,11,12,13,14,15,16,17
7098,1,2,3,4,5,6,7,8,9,10,11,12,13,14,15,16,17
7099,1,2,3,4,5,6,7,8,9,10,11,12,13,14,15,16,17
7100,1,2,3,4,5,6,7,8,9,10,11,12,13,14,15,16,17
7101,1,2,3,4,5,6,7,8,9,10,11,12,13,14,15,16,17
7102,1,2,3,4,5,6,7,8,9,10,11,12,13,14,15,16,17
7103,1,2,3,4,5,6,7,8,9,10,11,12,13,14,15,16,17
7104,1,2,3,4,5,6,7,8,9,10,11,12,13,14,15,16,17
7105,1,2,3,4,5,6,7,8,9,10,11,12,13,14,15,16,17
7106,1,2,3,4,5,6,7,8,9,10,11,12,13,14,15,16,17
7107,1,2,3,4,5,6,7,8,9,10,11,12,13,14,15,16,17
7108,1,2,3,4,5,6,7,8,9,10,11,12,13,14,15,16,17
7109,1,2,3,4,5,6,7,8,9,10,11,12,13,14,15,16,17
7110,1,2,3,4,5,6,7,8,9,10,11,12,13,14,15,16,17
7111,1,2,3,4,5,6,7,8,9,10,11,12,13,14,15,16,17
7112,1,2,3,4,5,6,7,8,9,10,11,12,13,14,15,16,17
7113,1,2,3,4,5,6,7,8,9,10,11,12,13,14,15,16,17
7114,1,2,3,4,5,6,7,8,9,10,11,12,13,14,15,16,17
7115,1,2,3,4,5,6,7,8,9,10,11,12,13,14,15,16,17
7116,1,2,3,4,5,6,7,8,9,10,11,12,13,14,15,16,17
7117,1,2,3,4,5,6,7,8,9,10,11,12,13,14,15,16,17
7118,1,2,3,4,5,6,7,8,9,10,11,12,13,14,15,16,17
7119,1,2,3,4,5,6,7,8,9,10,11,12,13,14,15,16,17
7120,1,2,3,4,5,6,7,8,9,10,11,12,13,14,15,16,17
7121,1,2,3,4,5,6,7,8,9,10,11,12,13,14,15,16,17
7122,1,2,3,4,5,6,7,8,9,10,11,12,13,14,15,16,17
7123,1,2,3,4,5,6,7,8,9,10,11,12,13,14,15,16,17
7124,1,2,3,4,5,6,7,8,9,10,11,12,13,14,15,16,17
7125,1,2,3,4,5,6,7,8,9,10,11,12,13,14,15,16,17
7126,1,2,3,4,5,6,7,8,9,10,11,12,13,14,15,16,17
7127,1,2,3,4,5,6,7,8,9,10,11,12,13,14,15,16,17
7128,1,2,3,4,5,6,7,8,9,10,11,12,13,14,15,16,17
7129,1,2,3,4,5,6,7,8,9,10,11,12,13,14,15,16,17
7130,1,2,3,4,5,6,7,8,9,10,11,12,13,14,15,16,17
7131,1,2,3,4,5,6,7,8,9,10,11,12,13,14,15,16,17
7132,1,2,3,4,5,6,7,8,9,10,11,12,13,14,15,16,17
7133,1,2,3,4,5,6,7,8,9,10,11,12,13,14,15,16,17
7134,1,2,3,4,5,6,7,8,9,10,11,12,13,14,15,16,17
7135,1,2,3,4,5,6,7,8,9,10,11,12,13,14,15,16,17
7136,1,2,3,4,5,6,7,8,9,10,11,12,13,14,15,16,17
7137,1,2,3,4,5,6,7,8,9,10,11,12,13,14,15,16,17
7138,1,2,3,4,5,6,7,8,9,10,11,12,13,14,15,16,17
7139,1,2,3,4,5,6,7,8,9,10,11,12,13,14,15,16,17
7140,1,2,3,4,5,6,7,8,9,10,11,12,13,14,15,16,17
7141,1,2,3,4,5,6,7,8,9,10,11,12,13,14,15,16,17
7142,1,2,3,4,5,6,7,8,9,10,11,12,13,14,15,16,17
7143,1,2,3,4,5,6,7,8,9,10,11,12,13,14,15,16,17
7144,1,2,3,4,5,6,7,8,9,10,11,12,13,14,15,16,17
7145,1,2,3,4,5,6,7,8,9,10,11,12,13,14,15,16,17
7146,1,2,3,4,5,6,7,8,9,10,11,12,13,14,15,16,17
7147,1,2,3,4,5,6,7,8,9,10,11,12,13,14,15,16,17
7148,1,2,3,4,5,6,7,8,9,10,11,12,13,14,15,16,17
7149,1,2,3,4,5,6,7,8,9,10,11,12,13,14,15,16,17
7150,1,2,3,4,5,6,7,8,9,10,11,12,13,14,15,16,17
7151,1,2,3,4,5,6,7,8,9,10,11,12,13,14,15,16,17
7152,1,2,3,4,5,6,7,8,9,10,11,12,13,14,15,16,17
7153,1,2,3,4,5,6,7,8,9,10,11,12,13,14,15,16,17
7154,1,2,3,4,5,6,7,8,9,10,11,12,13,14,15,16,17
7155,1,2,3,4,5,6,7,8,9,10,11,12,13,14,15,16,17
7156,1,2,3,4,5,6,7,8,9,10,11,12,13,14,15,16,17
7157,1,2,3,4,5,6,7,8,9,10,11,12,13,14,15,16,17
7158,1,2,3,4,5,6,7,8,9,10,11,12,13,14,15,16,17
7159,1,2,3,4,5,6,7,8,9,10,11,12,13,14,15,16,17
7160,1,2,3,4,5,6,7,8,9,10,11,12,13,14,15,16,17
7161,1,2,3,4,5,6,7,8,9,10,11,12,13,14,15,16,17
7162,1,2,3,4,5,6,7,8,9,10,11,12,13,14,15,16,17
7163,1,2,3,4,5,6,7,8,9,10,11,12,13,14,15,16,17
7164,1,2,3,4,5,6,7,8,9,10,11,12,13,14,15,16,17
7165,1,2,3,4,5,6,7,8,9,10,11,12,13,14,15,16,17
7166,1,2,3,4,5,6,7,8,9,10,11,12,13,14,15,16,17
7167,1,1,8,10,13,15,7,8,9,10,11,12,13,14,15,16,17
7168,1,2,3,4,5,6,7,8,9,10,11,12,13,14,15,16,17
7169,1,2,3,4,5,6,7,8,9,10,11,12,13,14,15,16,17
7170,1,2,3,4,5,6,7,8,9,10,11,12,13,14,15,16,17
7171,1,2,3,4,5,6,7,8,9,10,11,12,13,14,15,16,17
7172,1,2,3,4,5,6,7,8,9,10,11,12,13,14,15,16,17
7173,1,2,3,4,5,6,7,8,9,10,11,12,13,14,15,16,17
7174,1,2,3,4,5,6,7,8,9,10,11,12,13,14,15,16,17
7175,1,2,3,4,5,6,7,8,9,10,11,12,13,14,15,16,17
7176,1,2,3,4,5,6,7,8,9,10,11,12,13,14,15,16,17
7177,1,2,3,4,5,6,7,8,9,10,11,12,13,14,15,16,17
7178,1,2,3,4,5,6,7,8,9,10,11,12,13,14,15,16,17
7179,1,2,3,4,5,6,7,8,9,10,11,12,13,14,15,16,17
7180,1,2,3,4,5,6,7,8,9,10,11,12,13,14,15,16,17
7181,1,2,3,4,5,6,7,8,9,10,11,12,13,14,15,16,17
7182,1,2,3,4,5,6,7,8,9,10,11,12,13,14,15,16,17
7183,1,2,3,4,5,6,7,8,9,10,11,12,13,14,15,16,17
7184,1,2,3,4,5,6,7,8,9,10,11,12,13,14,15,16,17
7185,1,2,3,4,5,6,7,8,9,10,11,12,13,14,15,16,17
7186,1,2,3,4,5,6,7,8,9,10,11,12,13,14,15,16,17
7187,1,2,3,4,5,6,7,8,9,10,11,12,13,14,15,16,17
7188,1,2,3,4,5,6,7,8,9,10,11,12,13,14,15,16,17
7189,1,2,3,4,5,6,7,8,9,10,11,12,13,14,15,16,17
7190,1,2,3,4,5,6,7,8,9,10,11,12,13,14,15,16,17
7191,1,2,3,4,5,6,7,8,9,10,11,12,13,14,15,16,17
7192,1,2,3,4,5,6,7,8,9,10,11,12,13,14,15,16,17
7193,1,2,3,4,5,6,7,8,9,10,11,12,13,14,15,16,17
7194,1,2,3,4,5,6,7,8,9,10,11,12,13,14,15,16,17
7195,1,2,3,4,5,6,7,8,9,10,11,12,13,14,15,16,17
7196,1,2,3,4,5,6,7,8,9,10,11,12,13,14,15,16,17
7197,1,2,3,4,5,6,7,8,9,10,11,12,13,14,15,16,17
7198,1,2,3,4,5,6,7,8,9,10,11,12,13,14,15,16,17
7199,1,2,3,4,5,6,7,8,9,10,11,12,13,14,15,16,17
7200,1,2,3,4,5,6,7,8,9,10,11,12,13,14,15,16,17
7201,1,2,3,4,5,6,7,8,9,10,11,12,13,14,15,16,17
7202,1,2,3,4,5,6,7,8,9,10,11,12,13,14,15,16,17
7203,1,2,3,4,5,6,7,8,9,10,11,12,13,14,15,16,17
7204,1,2,3,4,5,6,7,8,9,10,11,12,13,14,15,16,17
7205,1,2,3,4,5,6,7,8,9,10,11,12,13,14,15,16,17
7206,1,2,3,4,5,6,7,8,9,10,11,12,13,14,15,16,17
7207,1,2,3,4,5,6,7,8,9,10,11,12,13,14,15,16,17
7208,1,2,3,4,5,6,7,8,9,10,11,12,13,14,15,16,17
7209,1,2,3,4,5,6,7,8,9,10,11,12,13,14,15,16,17
7210,1,2,3,4,5,6,7,8,9,10,11,12,13,14,15,16,17
7211,1,2,3,4,5,6,7,8,9,10,11,12,13,14,15,16,17
7212,1,2,3,4,5,6,7,8,9,10,11,12,13,14,15,16,17
7213,1,2,3,4,5,6,7,8,9,10,11,12,13,14,15,16,17
7214,1,2,3,4,5,6,7,8,9,10,11,12,13,14,15,16,17
7215,1,2,3,4,5,6,7,8,9,10,11,12,13,14,15,16,17
7216,1,2,3,4,5,6,7,8,9,10,11,12,13,14,15,16,17
7217,1,2,3,4,5,6,7,8,9,10,11,12,13,14,15,16,17
7218,1,2,3,4,5,6,7,8,9,10,11,12,13,14,15,16,17
7219,1,2,3,4,5,6,7,8,9,10,11,12,13,14,15,16,17
7220,1,2,3,4,5,6,7,8,9,10,11,12,13,14,15,16,17
7221,1,2,3,4,5,6,7,8,9,10,11,12,13,14,15,16,17
7222,1,2,3,4,5,6,7,8,9,10,11,12,13,14,15,16,17
7223,1,2,3,4,5,6,7,8,9,10,11,12,13,14,15,16,17
7224,1,2,3,4,5,6,7,8,9,10,11,12,13,14,15,16,17
7225,1,2,3,4,5,6,7,8,9,10,11,12,13,14,15,16,17
7226,1,2,3,4,5,6,7,8,9,10,11,12,13,14,15,16,17
7227,1,2,3,4,5,6,7,8,9,10,11,12,13,14,15,16,17
7228,1,2,3,4,5,6,7,8,9,10,11,12,13,14,15,16,17
7229,1,2,3,4,5,6,7,8,9,10,11,12,13,14,15,16,17
7230,1,2,3,4,5,6,7,8,9,10,11,12,13,14,15,16,17
7231,1,2,3,4,5,6,7,8,9,10,11,12,13,14,15,16,17
7232,1,2,3,4,5,6,7,8,9,10,11,12,13,14,15,16,17
7233,1,2,3,4,5,6,7,8,9,10,11,12,13,14,15,16,17
7234,1,2,3,4,5,6,7,8,9,10,11,12,13,14,15,16,17
7235,1,2,3,4,5,6,7,8,9,10,11,12,13,14,15,16,17
7236,1,2,3,4,5,6,7,8,9,10,11,12,13,14,15,16,17
7237,1,2,3,4,5,6,7,8,9,10,11,12,13,14,15,16,17
7238,1,2,3,4,5,6,7,8,9,10,11,12,13,14,15,16,17
7239,1,2,3,4,5,6,7,8,9,10,11,12,13,14,15,16,17
7240,1,2,3,4,5,6,7,8,9,10,11,12,13,14,15,16,17
7241,1,2,3,4,5,6,7,8,9,10,11,12,13,14,15,16,17
7242,1,2,3,4,5,6,7,8,9,10,11,12,13,14,15,16,17
7243,1,2,3,4,5,6,7,8,9,10,11,12,13,14,15,16,17
7244,1,2,3,4,5,6,7,8,9,10,11,12,13,14,15,16,17
7245,1,2,3,4,5,6,7,8,9,10,11,12,13,14,15,16,17
7246,1,2,3,4,5,6,7,8,9,10,11,12,13,14,15,16,17
7247,1,2,3,4,5,6,7,8,9,10,11,12,13,14,15,16,17
7248,1,2,3,4,5,6,7,8,9,10,11,12,13,14,15,16,17
7249,1,2,3,4,5,6,7,8,9,10,11,12,13,14,15,16,17
7250,1,2,3,4,5,6,7,8,9,10,11,12,13,14,15,16,17
7251,1,2,3,4,5,6,7,8,9,10,11,12,13,14,15,16,17
7252,1,2,3,4,5,6,7,8,9,10,11,12,13,14,15,16,17
7253,1,2,3,4,5,6,7,8,9,10,11,12,13,14,15,16,17
7254,1,2,3,4,5,6,7,8,9,10,11,12,13,14,15,16,17
7255,1,2,3,4,5,6,7,8,9,10,11,12,13,14,15,16,17
7256,1,2,3,4,5,6,7,8,9,10,11,12,13,14,15,16,17
7257,1,2,3,4,5,6,7,8,9,10,11,12,13,14,15,16,17
7258,1,2,3,4,5,6,7,8,9,10,11,12,13,14,15,16,17
7259,1,2,3,4,5,6,7,8,9,10,11,12,13,14,15,16,17
7260,1,2,3,4,5,6,7,8,9,10,11,12,13,14,15,16,17
7261,1,2,3,4,5,6,7,8,9,10,11,12,13,14,15,16,17
7262,1,2,3,4,5,6,7,8,9,10,11,12,13,14,15,16,17
7263,1,2,3,4,5,6,7,8,9,10,11,12,13,14,15,16,17
7264,1,2,3,4,5,6,7,8,9,10,11,12,13,14,15,16,17
7265,1,2,3,4,5,6,7,8,9,10,11,12,13,14,15,16,17
7266,1,2,3,4,5,6,7,8,9,10,11,12,13,14,15,16,17
7267,1,2,3,4,5,6,7,8,9,10,11,12,13,14,15,16,17
7268,1,2,3,4,5,6,7,8,9,10,11,12,13,14,15,16,17
7269,1,2,3,4,5,6,7,8,9,10,11,12,13,14,15,16,17
7270,1,2,3,4,5,6,7,8,9,10,11,12,13,14,15,16,17
7271,1,2,3,4,5,6,7,8,9,10,11,12,13,14,15,16,17
7272,1,2,3,4,5,6,7,8,9,10,11,12,13,14,15,16,17
7273,1,2,3,4,5,6,7,8,9,10,11,12,13,14,15,16,17
7274,1,2,3,4,5,6,7,8,9,10,11,12,13,14,15,16,17
7275,1,2,3,4,5,6,7,8,9,10,11,12,13,14,15,16,17
7276,1,2,3,4,5,6,7,8,9,10,11,12,13,14,15,16,17
7277,1,2,3,4,5,6,7,8,9,10,11,12,13,14,15,16,17
7278,1,2,3,4,5,6,7,8,9,10,11,12,13,14,15,16,17
7279,1,2,3,4,5,6,7,8,9,10,11,12,13,14,15,16,17
7280,1,2,3,4,5,6,7,8,9,10,11,12,13,14,15,16,17
7281,1,2,3,4,5,6,7,8,9,10,11,12,13,14,15,16,17
7282,1,2,3,4,5,6,7,8,9,10,11,12,13,14,15,16,17
7283,1,2,3,4,5,6,7,8,9,10,11,12,13,14,15,16,17
7284,1,2,3,4,5,6,7,8,9,10,11,12,13,14,15,16,17
7285,1,2,3,4,5,6,7,8,9,10,11,12,13,14,15,16,17
7286,1,2,3,4,5,6,7,8,9,10,11,12,13,14,15,16,17
7287,1,2,3,4,5,6,7,8,9,10,11,12,13,14,15,16,17
7288,1,2,3,4,5,6,7,8,9,10,11,12,13,14,15,16,17
7289,1,2,3,4,5,6,7,8,9,10,11,12,13,14,15,16,17
7290,1,2,3,4,5,6,7,8,9,10,11,12,13,14,15,16,17
7291,1,2,3,4,5,6,7,8,9,10,11,12,13,14,15,16,17
7292,1,2,3,4,5,6,7,8,9,10,11,12,13,14,15,16,17
7293,1,2,3,4,5,6,7,8,9,10,11,12,13,14,15,16,17
7294,1,2,3,4,5,6,7,8,9,10,11,12,13,14,15,16,17
7295,1,2,3,4,5,6,7,8,9,10,11,12,13,14,15,16,17
7296,1,2,3,4,5,6,7,8,9,10,11,12,13,14,15,16,17
7297,1,2,3,4,5,6,7,8,9,10,11,12,13,14,15,16,17
7298,1,2,3,4,5,6,7,8,9,10,11,12,13,14,15,16,17
7299,1,2,3,4,5,6,7,8,9,10,11,12,13,14,15,16,17
7300,1,2,3,4,5,6,7,8,9,10,11,12,13,14,15,16,17
7301,1,2,3,4,5,6,7,8,9,10,11,12,13,14,15,16,17
7302,1,2,3,4,5,6,7,8,9,10,11,12,13,14,15,16,17
7303,1,2,3,4,5,6,7,8,9,10,11,12,13,14,15,16,17
7304,1,2,3,4,5,6,7,8,9,10,11,12,13,14,15,16,17
7305,1,2,3,4,5,6,7,8,9,10,11,12,13,14,15,16,17
7306,1,2,3,4,5,6,7,8,9,10,11,12,13,14,15,16,17
7307,1,2,3,4,5,6,7,8,9,10,11,12,13,14,15,16,17
7308,1,2,3,4,5,6,7,8,9,10,11,12,13,14,15,16,17
7309,1,2,3,4,5,6,7,8,9,10,11,12,13,14,15,16,17
7310,1,1,10,11,12,13,14,15,17,10,11,12,13,14,15,16,17
7311,1,6,15,4,5,6,7,8,9,10,11,12,13,14,15,16,17
7312,1,2,3,4,5,6,7,8,9,10,11,12,13,14,15,16,17
7313,1,2,3,4,5,6,7,8,9,10,11,12,13,14,15,16,17
7314,1,2,3,4,5,6,7,8,9,10,11,12,13,14,15,16,17
7315,1,2,3,4,5,6,7,8,9,10,11,12,13,14,15,16,17
7316,1,2,3,4,5,6,7,8,9,10,11,12,13,14,15,16,17
7317,1,2,3,4,5,6,7,8,9,10,11,12,13,14,15,16,17
7318,1,2,3,4,5,6,7,8,9,10,11,12,13,14,15,16,17
7319,1,2,3,4,5,6,7,8,9,10,11,12,13,14,15,16,17
7320,1,2,3,4,5,6,7,8,9,10,11,12,13,14,15,16,17
7321,1,2,3,4,5,6,7,8,9,10,11,12,13,14,15,16,17
7322,1,2,3,4,5,6,7,8,9,10,11,12,13,14,15,16,17
7323,1,2,3,4,5,6,7,8,9,10,11,12,13,14,15,16,17
7324,1,2,3,4,5,6,7,8,9,10,11,12,13,14,15,16,17
7325,1,2,3,4,5,6,7,8,9,10,11,12,13,14,15,16,17
7326,1,2,3,4,5,6,7,8,9,10,11,12,13,14,15,16,17
7327,1,2,3,4,5,6,7,8,9,10,11,12,13,14,15,16,17
7328,1,2,3,4,5,6,7,8,9,10,11,12,13,14,15,16,17
7329,1,2,3,4,5,6,7,8,9,10,11,12,13,14,15,16,17
7330,1,2,3,4,5,6,7,8,9,10,11,12,13,14,15,16,17
7331,1,2,3,4,5,6,7,8,9,10,11,12,13,14,15,16,17
7332,1,2,3,4,5,6,7,8,9,10,11,12,13,14,15,16,17
7333,1,2,3,4,5,6,7,8,9,10,11,12,13,14,15,16,17
7334,1,2,3,4,5,6,7,8,9,10,11,12,13,14,15,16,17
7335,1,2,3,4,5,6,7,8,9,10,11,12,13,14,15,16,17
7336,1,2,3,4,5,6,7,8,9,10,11,12,13,14,15,16,17
7337,1,2,3,4,5,6,7,8,9,10,11,12,13,14,15,16,17
7338,1,2,3,4,5,6,7,8,9,10,11,12,13,14,15,16,17
7339,1,2,3,4,5,6,7,8,9,10,11,12,13,14,15,16,17
7340,1,2,3,4,5,6,7,8,9,10,11,12,13,14,15,16,17
7341,1,2,3,4,5,6,7,8,9,10,11,12,13,14,15,16,17
7342,1,2,3,4,5,6,7,8,9,10,11,12,13,14,15,16,17
7343,1,2,3,4,5,6,7,8,9,10,11,12,13,14,15,16,17
7344,1,2,3,4,5,6,7,8,9,10,11,12,13,14,15,16,17
7345,1,2,3,4,5,6,7,8,9,10,11,12,13,14,15,16,17
7346,1,2,3,4,5,6,7,8,9,10,11,12,13,14,15,16,17
7347,1,2,3,4,5,6,7,8,9,10,11,12,13,14,15,16,17
7348,1,2,3,4,5,6,7,8,9,10,11,12,13,14,15,16,17
7349,1,2,3,4,5,6,7,8,9,10,11,12,13,14,15,16,17
7350,1,2,3,4,5,6,7,8,9,10,11,12,13,14,15,16,17
7351,1,2,3,4,5,6,7,8,9,10,11,12,13,14,15,16,17
7352,1,2,3,4,5,6,7,8,9,10,11,12,13,14,15,16,17
7353,1,2,3,4,5,6,7,8,9,10,11,12,13,14,15,16,17
7354,1,2,3,4,5,6,7,8,9,10,11,12,13,14,15,16,17
7355,1,2,3,4,5,6,7,8,9,10,11,12,13,14,15,16,17
7356,1,2,3,4,5,6,7,8,9,10,11,12,13,14,15,16,17
7357,1,2,3,4,5,6,7,8,9,10,11,12,13,14,15,16,17
7358,1,2,3,4,5,6,7,8,9,10,11,12,13,14,15,16,17
7359,1,2,3,4,5,6,7,8,9,10,11,12,13,14,15,16,17
7360,1,2,3,4,5,6,7,8,9,10,11,12,13,14,15,16,17
7361,1,2,3,4,5,6,7,8,9,10,11,12,13,14,15,16,17
7362,1,2,3,4,5,6,7,8,9,10,11,12,13,14,15,16,17
7363,1,2,3,4,5,6,7,8,9,10,11,12,13,14,15,16,17
7364,1,2,3,4,5,6,7,8,9,10,11,12,13,14,15,16,17
7365,1,2,3,4,5,6,7,8,9,10,11,12,13,14,15,16,17
7366,1,2,3,4,5,6,7,8,9,10,11,12,13,14,15,16,17
7367,1,2,3,4,5,6,7,8,9,10,11,12,13,14,15,16,17
7368,1,2,3,4,5,6,7,8,9,10,11,12,13,14,15,16,17
7369,1,2,3,4,5,6,7,8,9,10,11,12,13,14,15,16,17
7370,1,2,3,4,5,6,7,8,9,10,11,12,13,14,15,16,17
7371,1,2,3,4,5,6,7,8,9,10,11,12,13,14,15,16,17
7372,1,2,3,4,5,6,7,8,9,10,11,12,13,14,15,16,17
7373,1,2,3,4,5,6,7,8,9,10,11,12,13,14,15,16,17
7374,1,2,3,4,5,6,7,8,9,10,11,12,13,14,15,16,17
7375,1,2,3,4,5,6,7,8,9,10,11,12,13,14,15,16,17
7376,1,2,3,4,5,6,7,8,9,10,11,12,13,14,15,16,17
7377,1,2,3,4,5,6,7,8,9,10,11,12,13,14,15,16,17
7378,1,2,3,4,5,6,7,8,9,10,11,12,13,14,15,16,17
7379,1,2,3,4,5,6,7,8,9,10,11,12,13,14,15,16,17
7380,1,2,3,4,5,6,7,8,9,10,11,12,13,14,15,16,17
7381,1,2,3,4,5,6,7,8,9,10,11,12,13,14,15,16,17
7382,1,2,3,4,5,6,7,8,9,10,11,12,13,14,15,16,17
7383,1,2,3,4,5,6,7,8,9,10,11,12,13,14,15,16,17
7384,1,2,3,4,5,6,7,8,9,10,11,12,13,14,15,16,17
7385,1,2,3,4,5,6,7,8,9,10,11,12,13,14,15,16,17
7386,1,2,3,4,5,6,7,8,9,10,11,12,13,14,15,16,17
7387,1,2,3,4,5,6,7,8,9,10,11,12,13,14,15,16,17
7388,1,2,3,4,5,6,7,8,9,10,11,12,13,14,15,16,17
7389,1,2,3,4,5,6,7,8,9,10,11,12,13,14,15,16,17
7390,1,2,3,4,5,6,7,8,9,10,11,12,13,14,15,16,17
7391,1,2,3,4,5,6,7,8,9,10,11,12,13,14,15,16,17
7392,1,2,3,4,5,6,7,8,9,10,11,12,13,14,15,16,17
7393,1,2,3,4,5,6,7,8,9,10,11,12,13,14,15,16,17
7394,1,2,3,4,5,6,7,8,9,10,11,12,13,14,15,16,17
7395,1,2,3,4,5,6,7,8,9,10,11,12,13,14,15,16,17
7396,1,2,3,4,5,6,7,8,9,10,11,12,13,14,15,16,17
7397,1,2,3,4,5,6,7,8,9,10,11,12,13,14,15,16,17
7398,1,2,3,4,5,6,7,8,9,10,11,12,13,14,15,16,17
7399,1,2,3,4,5,6,7,8,9,10,11,12,13,14,15,16,17
7400,1,2,3,4,5,6,7,8,9,10,11,12,13,14,15,16,17
7401,1,2,3,4,5,6,7,8,9,10,11,12,13,14,15,16,17
7402,1,2,3,4,5,6,7,8,9,10,11,12,13,14,15,16,17
7403,1,2,3,4,5,6,7,8,9,10,11,12,13,14,15,16,17
7404,1,2,3,4,5,6,7,8,9,10,11,12,13,14,15,16,17
7405,1,2,3,4,5,6,7,8,9,10,11,12,13,14,15,16,17
7406,1,2,3,4,5,6,7,8,9,10,11,12,13,14,15,16,17
7407,1,2,3,4,5,6,7,8,9,10,11,12,13,14,15,16,17
7408,1,2,3,4,5,6,7,8,9,10,11,12,13,14,15,16,17
7409,1,2,3,4,5,6,7,8,9,10,11,12,13,14,15,16,17
7410,1,2,3,4,5,6,7,8,9,10,11,12,13,14,15,16,17
7411,1,2,3,4,5,6,7,8,9,10,11,12,13,14,15,16,17
7412,1,2,3,4,5,6,7,8,9,10,11,12,13,14,15,16,17
7413,1,2,3,4,5,6,7,8,9,10,11,12,13,14,15,16,17
7414,1,2,3,4,5,6,7,8,9,10,11,12,13,14,15,16,17
7415,1,2,3,4,5,6,7,8,9,10,11,12,13,14,15,16,17
7416,1,2,3,4,5,6,7,8,9,10,11,12,13,14,15,16,17
7417,1,2,3,4,5,6,7,8,9,10,11,12,13,14,15,16,17
7418,1,2,3,4,5,6,7,8,9,10,11,12,13,14,15,16,17
7419,1,2,3,4,5,6,7,8,9,10,11,12,13,14,15,16,17
7420,1,2,3,4,5,6,7,8,9,10,11,12,13,14,15,16,17
7421,1,2,3,4,5,6,7,8,9,10,11,12,13,14,15,16,17
7422,1,2,3,4,5,6,7,8,9,10,11,12,13,14,15,16,17
7423,1,2,3,4,5,6,7,8,9,10,11,12,13,14,15,16,17
7424,1,2,3,4,5,6,7,8,9,10,11,12,13,14,15,16,17
7425,1,2,3,4,5,6,7,8,9,10,11,12,13,14,15,16,17
7426,1,2,3,4,5,6,7,8,9,10,11,12,13,14,15,16,17
7427,1,2,3,4,5,6,7,8,9,10,11,12,13,14,15,16,17
7428,1,2,3,4,5,6,7,8,9,10,11,12,13,14,15,16,17
7429,1,2,3,4,5,6,7,8,9,10,11,12,13,14,15,16,17
7430,1,2,3,4,5,6,7,8,9,10,11,12,13,14,15,16,17
7431,1,2,3,4,5,6,7,8,9,10,11,12,13,14,15,16,17
7432,1,2,3,4,5,6,7,8,9,10,11,12,13,14,15,16,17
7433,1,2,3,4,5,6,7,8,9,10,11,12,13,14,15,16,17
7434,1,2,3,4,5,6,7,8,9,10,11,12,13,14,15,16,17
7435,1,2,3,4,5,6,7,8,9,10,11,12,13,14,15,16,17
7436,1,2,3,4,5,6,7,8,9,10,11,12,13,14,15,16,17
7437,1,2,3,4,5,6,7,8,9,10,11,12,13,14,15,16,17
7438,1,2,3,4,5,6,7,8,9,10,11,12,13,14,15,16,17
7439,1,2,3,4,5,6,7,8,9,10,11,12,13,14,15,16,17
7440,1,2,3,4,5,6,7,8,9,10,11,12,13,14,15,16,17
7441,1,2,3,4,5,6,7,8,9,10,11,12,13,14,15,16,17
7442,1,2,3,4,5,6,7,8,9,10,11,12,13,14,15,16,17
7443,1,2,3,4,5,6,7,8,9,10,11,12,13,14,15,16,17
7444,1,2,3,4,5,6,7,8,9,10,11,12,13,14,15,16,17
7445,1,2,3,4,5,6,7,8,9,10,11,12,13,14,15,16,17
7446,1,2,3,4,5,6,7,8,9,10,11,12,13,14,15,16,17
7447,1,2,3,4,5,6,7,8,9,10,11,12,13,14,15,16,17
7448,1,2,3,4,5,6,7,8,9,10,11,12,13,14,15,16,17
7449,1,2,3,4,5,6,7,8,9,10,11,12,13,14,15,16,17
7450,1,2,3,4,5,6,7,8,9,10,11,12,13,14,15,16,17
7451,1,2,3,4,5,6,7,8,9,10,11,12,13,14,15,16,17
7452,1,2,3,4,5,6,7,8,9,10,11,12,13,14,15,16,17
7453,1,1,11,11,12,13,14,15,16,17,11,12,13,14,15,16,17
7454,1,8,10,12,15,17,7,8,9,10,11,12,13,14,15,16,17
7455,1,2,3,4,5,6,7,8,9,10,11,12,13,14,15,16,17
7456,1,2,3,4,5,6,7,8,9,10,11,12,13,14,15,16,17
7457,1,2,3,4,5,6,7,8,9,10,11,12,13,14,15,16,17
7458,1,2,3,4,5,6,7,8,9,10,11,12,13,14,15,16,17
7459,1,2,3,4,5,6,7,8,9,10,11,12,13,14,15,16,17
7460,1,1,3,4,5,6,7,8,9,10,11,12,13,14,15,16,17
7461,1,2,3,4,5,6,7,8,9,10,11,12,13,14,15,16,17
7462,1,2,3,4,5,6,7,8,9,10,11,12,13,14,15,16,17
7463,1,2,3,4,5,6,7,8,9,10,11,12,13,14,15,16,17
7464,1,2,3,4,5,6,7,8,9,10,11,12,13,14,15,16,17
7465,1,2,3,4,5,6,7,8,9,10,11,12,13,14,15,16,17
7466,1,2,3,4,5,6,7,8,9,10,11,12,13,14,15,16,17
7467,1,2,3,4,5,6,7,8,9,10,11,12,13,14,15,16,17
7468,1,2,3,4,5,6,7,8,9,10,11,12,13,14,15,16,17
7469,1,2,3,4,5,6,7,8,9,10,11,12,13,14,15,16,17
7470,1,2,3,4,5,6,7,8,9,10,11,12,13,14,15,16,17
7471,1,2,3,4,5,6,7,8,9,10,11,12,13,14,15,16,17
7472,1,2,3,4,5,6,7,8,9,10,11,12,13,14,15,16,17
7473,1,2,3,4,5,6,7,8,9,10,11,12,13,14,15,16,17
7474,1,2,3,4,5,6,7,8,9,10,11,12,13,14,15,16,17
7475,1,2,3,4,5,6,7,8,9,10,11,12,13,14,15,16,17
7476,1,2,3,4,5,6,7,8,9,10,11,12,13,14,15,16,17
7477,1,2,3,4,5,6,7,8,9,10,11,12,13,14,15,16,17
7478,1,2,3,4,5,6,7,8,9,10,11,12,13,14,15,16,17
7479,1,2,3,4,5,6,7,8,9,10,11,12,13,14,15,16,17
7480,1,2,3,4,5,6,7,8,9,10,11,12,13,14,15,16,17
7481,1,2,3,4,5,6,7,8,9,10,11,12,13,14,15,16,17
7482,1,2,3,4,5,6,7,8,9,10,11,12,13,14,15,16,17
7483,1,2,3,4,5,6,7,8,9,10,11,12,13,14,15,16,17
7484,1,2,3,4,5,6,7,8,9,10,11,12,13,14,15,16,17
7485,1,2,3,4,5,6,7,8,9,10,11,12,13,14,15,16,17
7486,1,2,3,4,5,6,7,8,9,10,11,12,13,14,15,16,17
7487,1,2,3,4,5,6,7,8,9,10,11,12,13,14,15,16,17
7488,1,2,3,4,5,6,7,8,9,10,11,12,13,14,15,16,17
7489,1,2,3,4,5,6,7,8,9,10,11,12,13,14,15,16,17
7490,1,2,3,4,5,6,7,8,9,10,11,12,13,14,15,16,17
7491,1,2,3,4,5,6,7,8,9,10,11,12,13,14,15,16,17
7492,1,2,3,4,5,6,7,8,9,10,11,12,13,14,15,16,17
7493,1,2,3,4,5,6,7,8,9,10,11,12,13,14,15,16,17
7494,1,2,3,4,5,6,7,8,9,10,11,12,13,14,15,16,17
7495,1,2,3,4,5,6,7,8,9,10,11,12,13,14,15,16,17
7496,1,2,3,4,5,6,7,8,9,10,11,12,13,14,15,16,17
7497,1,2,3,4,5,6,7,8,9,10,11,12,13,14,15,16,17
7498,1,2,3,4,5,6,7,8,9,10,11,12,13,14,15,16,17
7499,1,2,3,4,5,6,7,8,9,10,11,12,13,14,15,16,17
7500,1,2,3,4,5,6,7,8,9,10,11,12,13,14,15,16,17
7501,1,2,3,4,5,6,7,8,9,10,11,12,13,14,15,16,17
7502,1,2,3,4,5,6,7,8,9,10,11,12,13,14,15,16,17
7503,1,2,3,4,5,6,7,8,9,10,11,12,13,14,15,16,17
7504,1,2,3,4,5,6,7,8,9,10,11,12,13,14,15,16,17
7505,1,2,3,4,5,6,7,8,9,10,11,12,13,14,15,16,17
7506,1,2,3,4,5,6,7,8,9,10,11,12,13,14,15,16,17
7507,1,2,3,4,5,6,7,8,9,10,11,12,13,14,15,16,17
7508,1,2,3,4,5,6,7,8,9,10,11,12,13,14,15,16,17
7509,1,2,3,4,5,6,7,8,9,10,11,12,13,14,15,16,17
7510,1,2,3,4,5,6,7,8,9,10,11,12,13,14,15,16,17
7511,1,2,3,4,5,6,7,8,9,10,11,12,13,14,15,16,17
7512,1,2,3,4,5,6,7,8,9,10,11,12,13,14,15,16,17
7513,1,2,3,4,5,6,7,8,9,10,11,12,13,14,15,16,17
7514,1,2,3,4,5,6,7,8,9,10,11,12,13,14,15,16,17
7515,1,2,3,4,5,6,7,8,9,10,11,12,13,14,15,16,17
7516,1,2,3,4,5,6,7,8,9,10,11,12,13,14,15,16,17
7517,1,2,3,4,5,6,7,8,9,10,11,12,13,14,15,16,17
7518,1,2,3,4,5,6,7,8,9,10,11,12,13,14,15,16,17
7519,1,2,3,4,5,6,7,8,9,10,11,12,13,14,15,16,17
7520,1,2,3,4,5,6,7,8,9,10,11,12,13,14,15,16,17
7521,1,2,3,4,5,6,7,8,9,10,11,12,13,14,15,16,17
7522,1,2,3,4,5,6,7,8,9,10,11,12,13,14,15,16,17
7523,1,2,3,4,5,6,7,8,9,10,11,12,13,14,15,16,17
7524,1,2,3,4,5,6,7,8,9,10,11,12,13,14,15,16,17
7525,1,2,3,4,5,6,7,8,9,10,11,12,13,14,15,16,17
7526,1,2,3,4,5,6,7,8,9,10,11,12,13,14,15,16,17
7527,1,2,3,4,5,6,7,8,9,10,11,12,13,14,15,16,17
7528,1,2,3,4,5,6,7,8,9,10,11,12,13,14,15,16,17
7529,1,2,3,4,5,6,7,8,9,10,11,12,13,14,15,16,17
7530,1,2,3,4,5,6,7,8,9,10,11,12,13,14,15,16,17
7531,1,2,3,4,5,6,7,8,9,10,11,12,13,14,15,16,17
7532,1,2,3,4,5,6,7,8,9,10,11,12,13,14,15,16,17
7533,1,2,3,4,5,6,7,8,9,10,11,12,13,14,15,16,17
7534,1,2,3,4,5,6,7,8,9,10,11,12,13,14,15,16,17
7535,1,2,3,4,5,6,7,8,9,10,11,12,13,14,15,16,17
7536,1,2,3,4,5,6,7,8,9,10,11,12,13,14,15,16,17
7537,1,2,3,4,5,6,7,8,9,10,11,12,13,14,15,16,17
7538,1,2,3,4,5,6,7,8,9,10,11,12,13,14,15,16,17
7539,1,2,3,4,5,6,7,8,9,10,11,12,13,14,15,16,17
7540,1,2,3,4,5,6,7,8,9,10,11,12,13,14,15,16,17
7541,1,2,3,4,5,6,7,8,9,10,11,12,13,14,15,16,17
7542,1,2,3,4,5,6,7,8,9,10,11,12,13,14,15,16,17
7543,1,2,3,4,5,6,7,8,9,10,11,12,13,14,15,16,17
7544,1,2,3,4,5,6,7,8,9,10,11,12,13,14,15,16,17
7545,1,2,3,4,5,6,7,8,9,10,11,12,13,14,15,16,17
7546,1,2,3,4,5,6,7,8,9,10,11,12,13,14,15,16,17
7547,1,2,3,4,5,6,7,8,9,10,11,12,13,14,15,16,17
7548,1,2,3,4,5,6,7,8,9,10,11,12,13,14,15,16,17
7549,1,2,3,4,5,6,7,8,9,10,11,12,13,14,15,16,17
7550,1,2,3,4,5,6,7,8,9,10,11,12,13,14,15,16,17
7551,1,2,3,4,5,6,7,8,9,10,11,12,13,14,15,16,17
7552,1,2,3,4,5,6,7,8,9,10,11,12,13,14,15,16,17
7553,1,2,3,4,5,6,7,8,9,10,11,12,13,14,15,16,17
7554,1,2,3,4,5,6,7,8,9,10,11,12,13,14,15,16,17
7555,1,2,3,4,5,6,7,8,9,10,11,12,13,14,15,16,17
7556,1,2,3,4,5,6,7,8,9,10,11,12,13,14,15,16,17
7557,1,2,3,4,5,6,7,8,9,10,11,12,13,14,15,16,17
7558,1,2,3,4,5,6,7,8,9,10,11,12,13,14,15,16,17
7559,1,2,3,4,5,6,7,8,9,10,11,12,13,14,15,16,17
7560,1,2,3,4,5,6,7,8,9,10,11,12,13,14,15,16,17
7561,1,2,3,4,5,6,7,8,9,10,11,12,13,14,15,16,17
7562,1,2,3,4,5,6,7,8,9,10,11,12,13,14,15,16,17
7563,1,2,3,4,5,6,7,8,9,10,11,12,13,14,15,16,17
7564,1,2,3,4,5,6,7,8,9,10,11,12,13,14,15,16,17
7565,1,2,3,4,5,6,7,8,9,10,11,12,13,14,15,16,17
7566,1,2,3,4,5,6,7,8,9,10,11,12,13,14,15,16,17
7567,1,2,3,4,5,6,7,8,9,10,11,12,13,14,15,16,17
7568,1,2,3,4,5,6,7,8,9,10,11,12,13,14,15,16,17
7569,1,2,3,4,5,6,7,8,9,10,11,12,13,14,15,16,17
7570,1,2,3,4,5,6,7,8,9,10,11,12,13,14,15,16,17
7571,1,2,3,4,5,6,7,8,9,10,11,12,13,14,15,16,17
7572,1,2,3,4,5,6,7,8,9,10,11,12,13,14,15,16,17
7573,1,2,3,4,5,6,7,8,9,10,11,12,13,14,15,16,17
7574,1,2,3,4,5,6,7,8,9,10,11,12,13,14,15,16,17
7575,1,2,3,4,5,6,7,8,9,10,11,12,13,14,15,16,17
7576,1,2,3,4,5,6,7,8,9,10,11,12,13,14,15,16,17
7577,1,2,3,4,5,6,7,8,9,10,11,12,13,14,15,16,17
7578,1,2,3,4,5,6,7,8,9,10,11,12,13,14,15,16,17
7579,1,2,3,4,5,6,7,8,9,10,11,12,13,14,15,16,17
7580,1,2,3,4,5,6,7,8,9,10,11,12,13,14,15,16,17
7581,1,2,3,4,5,6,7,8,9,10,11,12,13,14,15,16,17
7582,1,2,3,4,5,6,7,8,9,10,11,12,13,14,15,16,17
7583,1,2,3,4,5,6,7,8,9,10,11,12,13,14,15,16,17
7584,3,2,3,4,5,6,7,8,9,4,5,12,7,8,15,12,15
7585,1,2,3,4,5,6,7,8,9,10,11,12,13,14,15,16,17
7586,1,2,3,4,5,6,7,8,9,10,11,12,13,14,15,16,17
7587,1,2,3,4,5,6,7,8,9,10,11,12,13,14,15,16,17
7588,1,2,3,4,5,6,7,8,9,10,11,12,13,14,15,16,17
7589,1,2,3,4,5,6,7,8,9,10,11,12,13,14,15,16,17
7590,1,2,3,4,5,6,7,8,9,10,11,12,13,14,15,16,17
7591,1,2,3,4,5,6,7,8,9,10,11,12,13,14,15,16,17
7592,1,2,3,4,5,6,7,8,9,10,11,12,13,14,15,16,17
7593,1,2,3,4,5,6,7,8,9,10,11,12,13,14,15,16,17
7594,1,2,3,4,5,6,7,8,9,10,11,12,13,14,15,16,17
7595,1,2,3,4,5,6,7,8,9,10,11,12,13,14,15,16,17
7596,1,1,3,11,11,12,7,13,16,17,11,12,13,17,15,16,17
7597,1,1,10,11,12,13,14,15,17,10,11,12,13,14,15,16,17
7598,1,2,3,4,5,6,7,8,9,10,11,12,13,14,15,16,17
7599,1,2,3,4,5,6,7,8,9,10,11,12,13,14,15,16,17
7600,1,2,3,4,5,6,7,8,9,10,11,12,13,14,15,16,17
7601,1,2,3,4,5,6,7,8,9,10,11,12,13,14,15,16,17
7602,1,4,3,4,5,6,7,8,9,10,11,12,13,14,15,16,17
7603,1,2,3,4,5,6,7,8,9,10,11,12,13,14,15,16,17
7604,1,2,3,4,5,6,7,8,9,10,11,12,13,14,15,16,17
7605,1,2,3,4,5,6,7,8,9,10,11,12,13,14,15,16,17
7606,1,2,3,4,5,6,7,8,9,10,11,12,13,14,15,16,17
7607,1,2,3,4,5,6,7,8,9,10,11,12,13,14,15,16,17
7608,1,2,3,4,5,6,7,8,9,10,11,12,13,14,15,16,17
7609,1,2,3,4,5,6,7,8,9,10,11,12,13,14,15,16,17
7610,1,2,3,4,5,6,7,8,9,10,11,12,13,14,15,16,17
7611,1,2,3,4,5,6,7,8,9,10,11,12,13,14,15,16,17
7612,1,2,3,4,5,6,7,8,9,10,11,12,13,14,15,16,17
7613,1,2,3,4,5,6,7,8,9,10,11,12,13,14,15,16,17
7614,1,2,3,4,5,6,7,8,9,10,11,12,13,14,15,16,17
7615,1,2,3,4,5,6,7,8,9,10,11,12,13,14,15,16,17
7616,1,2,3,4,5,6,7,8,9,10,11,12,13,14,15,16,17
7617,1,2,3,4,5,6,7,8,9,10,11,12,13,14,15,16,17
7618,1,2,3,4,5,6,7,8,9,10,11,12,13,14,15,16,17
7619,1,2,3,4,5,6,7,8,9,10,11,12,13,14,15,16,17
7620,1,2,3,4,5,6,7,8,9,10,11,12,13,14,15,16,17
7621,1,2,3,4,5,6,7,8,9,10,11,12,13,14,15,16,17
7622,1,2,3,4,5,6,7,8,9,10,11,12,13,14,15,16,17
7623,1,2,3,4,5,6,7,8,9,10,11,12,13,14,15,16,17
7624,1,2,3,4,5,6,7,8,9,10,11,12,13,14,15,16,17
7625,1,2,3,4,5,6,7,8,9,10,11,12,13,14,15,16,17
7626,1,2,3,4,5,6,7,8,9,10,11,12,13,14,15,16,17
7627,1,2,3,4,5,6,7,8,9,10,11,12,13,14,15,16,17
7628,1,2,3,4,5,6,7,8,9,10,11,12,13,14,15,16,17
7629,1,2,3,4,5,6,7,8,9,10,11,12,13,14,15,16,17
7630,1,2,3,4,5,6,7,8,9,10,11,12,13,14,15,16,17
7631,1,2,3,4,5,6,7,8,9,10,11,12,13,14,15,16,17
7632,1,2,3,4,5,6,7,8,9,10,11,12,13,14,15,16,17
7633,1,2,3,4,5,6,7,8,9,10,11,12,13,14,15,16,17
7634,1,2,3,4,5,6,7,8,9,10,11,12,13,14,15,16,17
7635,1,2,3,4,5,6,7,8,9,10,11,12,13,14,15,16,17
7636,1,2,3,4,5,6,7,8,9,10,11,12,13,14,15,16,17
7637,1,2,3,4,5,6,7,8,9,10,11,12,13,14,15,16,17
7638,1,2,3,4,5,6,7,8,9,10,11,12,13,14,15,16,17
7639,1,2,3,4,5,6,7,8,9,10,11,12,13,14,15,16,17
7640,1,2,3,4,5,6,7,8,9,10,11,12,13,14,15,16,17
7641,1,2,3,4,5,6,7,8,9,10,11,12,13,14,15,16,17
7642,1,2,3,4,5,6,7,8,9,10,11,12,13,14,15,16,17
7643,1,2,3,4,5,6,7,8,9,10,11,12,13,14,15,16,17
7644,1,2,3,4,5,6,7,8,9,10,11,12,13,14,15,16,17
7645,1,2,3,4,5,6,7,8,9,10,11,12,13,14,15,16,17
7646,1,2,3,4,5,6,7,8,9,10,11,12,13,14,15,16,17
7647,1,2,3,4,5,6,7,8,9,10,11,12,13,14,15,16,17
7648,1,2,3,4,5,6,7,8,9,10,11,12,13,14,15,16,17
7649,1,2,3,4,5,6,7,8,9,10,11,12,13,14,15,16,17
7650,1,2,3,4,5,6,7,8,9,10,11,12,13,14,15,16,17
7651,1,2,3,4,5,6,7,8,9,10,11,12,13,14,15,16,17
7652,1,2,3,4,5,6,7,8,9,10,11,12,13,14,15,16,17
7653,1,2,3,4,5,6,7,8,9,10,11,12,13,14,15,16,17
7654,1,2,3,4,5,6,7,8,9,10,11,12,13,14,15,16,17
7655,1,2,3,4,5,6,7,8,9,10,11,12,13,14,15,16,17
7656,1,2,3,4,5,6,7,8,9,10,11,12,13,14,15,16,17
7657,1,2,3,4,5,6,7,8,9,10,11,12,13,14,15,16,17
7658,1,2,3,4,5,6,7,8,9,10,11,12,13,14,15,16,17
7659,1,2,3,4,5,6,7,8,9,10,11,12,13,14,15,16,17
7660,1,2,3,4,5,6,7,8,9,10,11,12,13,14,15,16,17
7661,1,2,3,4,5,6,7,8,9,10,11,12,13,14,15,16,17
7662,1,2,3,4,5,6,7,8,9,10,11,12,13,14,15,16,17
7663,1,2,3,4,5,6,7,8,9,10,11,12,13,14,15,16,17
7664,1,2,3,4,5,6,7,8,9,10,11,12,13,14,15,16,17
7665,1,2,3,4,5,6,7,8,9,10,11,12,13,14,15,16,17
7666,1,2,3,4,5,6,7,8,9,10,11,12,13,14,15,16,17
7667,1,2,3,4,5,6,7,8,9,10,11,12,13,14,15,16,17
7668,1,2,3,4,5,6,7,8,9,10,11,12,13,14,15,16,17
7669,1,2,3,4,5,6,7,8,9,10,11,12,13,14,15,16,17
7670,1,2,3,4,5,6,7,8,9,10,11,12,13,14,15,16,17
7671,1,2,3,4,5,6,7,8,9,10,11,12,13,14,15,16,17
7672,1,2,3,4,5,6,7,8,9,10,11,12,13,14,15,16,17
7673,1,2,3,4,5,6,7,8,9,10,11,12,13,14,15,16,17
7674,1,2,3,4,5,6,7,8,9,10,11,12,13,14,15,16,17
7675,1,2,3,4,5,6,7,8,9,10,11,12,13,14,15,16,17
7676,1,2,3,4,5,6,7,8,9,10,11,12,13,14,15,16,17
7677,1,2,3,4,5,6,7,8,9,10,11,12,13,14,15,16,17
7678,1,2,3,4,5,6,7,8,9,10,11,12,13,14,15,16,17
7679,1,2,3,4,5,6,7,8,9,10,11,12,13,14,15,16,17
7680,1,2,3,4,5,6,7,8,9,10,11,12,13,14,15,16,17
7681,1,2,3,4,5,6,7,8,9,10,11,12,13,14,15,16,17
7682,1,2,3,4,5,6,7,8,9,10,11,12,13,14,15,16,17
7683,1,2,3,4,5,6,7,8,9,10,11,12,13,14,15,16,17
7684,1,2,3,4,5,6,7,8,9,10,11,12,13,14,15,16,17
7685,1,2,3,4,5,6,7,8,9,10,11,12,13,14,15,16,17
7686,1,2,3,4,5,6,7,8,9,10,11,12,13,14,15,16,17
7687,1,2,3,4,5,6,7,8,9,10,11,12,13,14,15,16,17
7688,1,2,3,4,5,6,7,8,9,10,11,12,13,14,15,16,17
7689,1,2,3,4,5,6,7,8,9,10,11,12,13,14,15,16,17
7690,1,2,3,4,5,6,7,8,9,10,11,12,13,14,15,16,17
7691,1,2,3,4,5,6,7,8,9,10,11,12,13,14,15,16,17
7692,1,2,3,4,5,6,7,8,9,10,11,12,13,14,15,16,17
7693,1,2,3,4,5,6,7,8,9,10,11,12,13,14,15,16,17
7694,1,2,3,4,5,6,7,8,9,10,11,12,13,14,15,16,17
7695,1,2,3,4,5,6,7,8,9,10,11,12,13,14,15,16,17
7696,1,2,3,4,5,6,7,8,9,10,11,12,13,14,15,16,17
7697,1,2,3,4,5,6,7,8,9,10,11,12,13,14,15,16,17
7698,1,2,3,4,5,6,7,8,9,10,11,12,13,14,15,16,17
7699,1,2,3,4,5,6,7,8,9,10,11,12,13,14,15,16,17
7700,1,2,3,4,5,6,7,8,9,10,11,12,13,14,15,16,17
7701,1,2,3,4,5,6,7,8,9,10,11,12,13,14,15,16,17
7702,1,2,3,4,5,6,7,8,9,10,11,12,13,14,15,16,17
7703,1,2,3,4,5,6,7,8,9,10,11,12,13,14,15,16,17
7704,1,2,3,4,5,6,7,8,9,10,11,12,13,14,15,16,17
7705,1,2,3,4,5,6,7,8,9,10,11,12,13,14,15,16,17
7706,1,2,3,4,5,6,7,8,9,10,11,12,13,14,15,16,17
7707,1,2,3,4,5,6,7,8,9,10,11,12,13,14,15,16,17
7708,1,2,3,4,5,6,7,8,9,10,11,12,13,14,15,16,17
7709,1,2,3,4,5,6,7,8,9,10,11,12,13,14,15,16,17
7710,1,2,3,4,5,6,7,8,9,10,11,12,13,14,15,16,17
7711,1,2,3,4,5,6,7,8,9,10,11,12,13,14,15,16,17
7712,1,2,3,4,5,6,7,8,9,10,11,12,13,14,15,16,17
7713,1,2,3,4,5,6,7,8,9,10,11,12,13,14,15,16,17
7714,1,2,3,4,5,6,7,8,9,10,11,12,13,14,15,16,17
7715,1,2,3,4,5,6,7,8,9,10,11,12,13,14,15,16,17
7716,1,2,3,4,5,6,7,8,9,10,11,12,13,14,15,16,17
7717,1,2,3,4,5,6,7,8,9,10,11,12,13,14,15,16,17
7718,1,2,3,4,5,6,7,8,9,10,11,12,13,14,15,16,17
7719,1,2,3,4,5,6,7,8,9,10,11,12,13,14,15,16,17
7720,1,2,3,4,5,6,7,8,9,10,11,12,13,14,15,16,17
7721,1,2,3,4,5,6,7,8,9,10,11,12,13,14,15,16,17
7722,1,2,3,4,5,6,7,8,9,10,11,12,13,14,15,16,17
7723,1,2,3,4,5,6,7,8,9,10,11,12,13,14,15,16,17
7724,1,2,3,4,5,6,7,8,9,10,11,12,13,14,15,16,17
7725,1,2,3,4,5,6,7,8,9,10,11,12,13,14,15,16,17
7726,1,2,3,4,5,6,7,8,9,10,11,12,13,14,15,16,17
7727,1,2,3,4,5,6,7,8,9,10,11,12,13,14,15,16,17
7728,1,2,3,4,5,6,7,8,9,10,11,12,13,14,15,16,17
7729,1,2,3,4,5,6,7,8,9,10,11,12,13,14,15,16,17
7730,1,2,3,4,5,6,7,8,9,10,11,12,13,14,15,16,17
7731,1,2,3,4,5,6,7,8,9,10,11,12,13,14,15,16,17
7732,1,2,3,4,5,6,7,8,9,10,11,12,13,14,15,16,17
7733,1,2,3,4,5,6,7,8,9,10,11,12,13,14,15,16,17
7734,1,2,3,4,5,6,7,8,9,10,11,12,13,14,15,16,17
7735,1,2,3,4,5,6,7,8,9,10,11,12,13,14,15,16,17
7736,1,2,3,4,5,6,7,8,9,10,11,12,13,14,15,16,17
7737,1,2,3,4,5,6,7,8,9,10,11,12,13,14,15,16,17
7738,1,2,3,4,5,6,7,8,9,10,11,12,13,14,15,16,17
7739,1,2,3,4,5,6,7,8,9,10,11,12,13,14,15,16,17
7740,1,1,11,12,12,13,14,15,16,17,11,12,13,14,15,16,17
7741,1,2,3,4,5,6,7,8,9,10,11,12,13,14,15,16,17
7742,1,2,3,4,5,6,7,8,9,10,11,12,13,14,15,16,17
7743,1,2,3,4,5,6,7,8,9,10,11,12,13,14,15,16,17
7744,1,2,3,4,5,6,7,8,9,10,11,12,13,14,15,16,17
7745,1,2,3,4,5,6,7,8,9,10,11,12,13,14,15,16,17
7746,1,2,3,4,5,6,7,8,9,10,11,12,13,14,15,16,17
7747,1,2,3,4,5,6,7,8,9,10,11,12,13,14,15,16,17
7748,1,2,3,4,5,6,7,8,9,10,11,12,13,14,15,16,17
7749,1,2,3,4,5,6,7,8,9,10,11,12,13,14,15,16,17
7750,1,2,3,4,5,6,7,8,9,10,11,12,13,14,15,16,17
7751,1,2,3,4,5,6,7,8,9,10,11,12,13,14,15,16,17
7752,1,2,3,4,5,6,7,8,9,10,11,12,13,14,15,16,17
7753,1,2,3,4,5,6,7,8,9,10,11,12,13,14,15,16,17
7754,1,2,3,4,5,6,7,8,9,10,11,12,13,14,15,16,17
7755,1,2,3,4,5,6,7,8,9,10,11,12,13,14,15,16,17
7756,1,2,3,4,5,6,7,8,9,10,11,12,13,14,15,16,17
7757,1,2,3,4,5,6,7,8,9,10,11,12,13,14,15,16,17
7758,1,2,3,4,5,6,7,8,9,10,11,12,13,14,15,16,17
7759,1,2,3,4,5,6,7,8,9,10,11,12,13,14,15,16,17
7760,1,2,3,4,5,6,7,8,9,10,11,12,13,14,15,16,17
7761,1,2,3,4,5,6,7,8,9,10,11,12,13,14,15,16,17
7762,1,2,3,4,5,6,7,8,9,10,11,12,13,14,15,16,17
7763,1,2,3,4,5,6,7,8,9,10,11,12,13,14,15,16,17
7764,1,2,3,4,5,6,7,8,9,10,11,12,13,14,15,16,17
7765,1,2,3,4,5,6,7,8,9,10,11,12,13,14,15,16,17
7766,1,2,3,4,5,6,7,8,9,10,11,12,13,14,15,16,17
7767,1,2,3,4,5,6,7,8,9,10,11,12,13,14,15,16,17
7768,1,2,3,4,5,6,7,8,9,10,11,12,13,14,15,16,17
7769,1,2,3,4,5,6,7,8,9,10,11,12,13,14,15,16,17
7770,1,2,3,4,5,6,7,8,9,10,11,12,13,14,15,16,17
7771,1,2,3,4,5,6,7,8,9,10,11,12,13,14,15,16,17
7772,1,2,3,4,5,6,7,8,9,10,11,12,13,14,15,16,17
7773,1,2,3,4,5,6,7,8,9,10,11,12,13,14,15,16,17
7774,1,2,3,4,5,6,7,8,9,10,11,12,13,14,15,16,17
7775,1,2,3,4,5,6,7,8,9,10,11,12,13,14,15,16,17
7776,1,2,3,4,5,6,7,8,9,10,11,12,13,14,15,16,17
7777,1,2,3,4,5,6,7,8,9,10,11,12,13,14,15,16,17
7778,1,2,3,4,5,6,7,8,9,10,11,12,13,14,15,16,17
7779,1,2,3,4,5,6,7,8,9,10,11,12,13,14,15,16,17
7780,1,2,3,4,5,6,7,8,9,10,11,12,13,14,15,16,17
7781,1,2,3,4,5,6,7,8,9,10,11,12,13,14,15,16,17
7782,1,2,3,4,5,6,7,8,9,10,11,12,13,14,15,16,17
7783,1,2,3,4,5,6,7,8,9,10,11,12,13,14,15,16,17
7784,1,2,3,4,5,6,7,8,9,10,11,12,13,14,15,16,17
7785,1,2,3,4,5,6,7,8,9,10,11,12,13,14,15,16,17
7786,1,2,3,4,5,6,7,8,9,10,11,12,13,14,15,16,17
7787,1,2,3,4,5,6,7,8,9,10,11,12,13,14,15,16,17
7788,1,2,3,4,5,6,7,8,9,10,11,12,13,14,15,16,17
7789,1,2,3,4,5,6,7,8,9,10,11,12,13,14,15,16,17
7790,1,2,3,4,5,6,7,8,9,10,11,12,13,14,15,16,17
7791,1,2,3,4,5,6,7,8,9,10,11,12,13,14,15,16,17
7792,1,2,3,4,5,6,7,8,9,10,11,12,13,14,15,16,17
7793,1,2,3,4,5,6,7,8,9,10,11,12,13,14,15,16,17
7794,1,2,3,4,5,6,7,8,9,10,11,12,13,14,15,16,17
7795,1,2,3,4,5,6,7,8,9,10,11,12,13,14,15,16,17
7796,1,2,3,4,5,6,7,8,9,10,11,12,13,14,15,16,17
7797,1,2,3,4,5,6,7,8,9,10,11,12,13,14,15,16,17
7798,1,2,3,4,5,6,7,8,9,10,11,12,13,14,15,16,17
7799,1,2,3,4,5,6,7,8,9,10,11,12,13,14,15,16,17
7800,1,2,3,4,5,6,7,8,9,10,11,12,13,14,15,16,17
7801,1,2,3,4,5,6,7,8,9,10,11,12,13,14,15,16,17
7802,1,2,3,4,5,6,7,8,9,10,11,12,13,14,15,16,17
7803,1,2,3,4,5,6,7,8,9,10,11,12,13,14,15,16,17
7804,1,2,3,4,5,6,7,8,9,10,11,12,13,14,15,16,17
7805,1,2,3,4,5,6,7,8,9,10,11,12,13,14,15,16,17
7806,1,2,3,4,5,6,7,8,9,10,11,12,13,14,15,16,17
7807,1,2,3,4,5,6,7,8,9,10,11,12,13,14,15,16,17
7808,1,2,3,4,5,6,7,8,9,10,11,12,13,14,15,16,17
7809,1,2,3,4,5,6,7,8,9,10,11,12,13,14,15,16,17
7810,1,2,3,4,5,6,7,8,9,10,11,12,13,14,15,16,17
7811,1,2,3,4,5,6,7,8,9,10,11,12,13,14,15,16,17
7812,1,2,3,4,5,6,7,8,9,10,11,12,13,14,15,16,17
7813,1,2,3,4,5,6,7,8,9,10,11,12,13,14,15,16,17
7814,1,2,3,4,5,6,7,8,9,10,11,12,13,14,15,16,17
7815,1,2,3,4,5,6,7,8,9,10,11,12,13,14,15,16,17
7816,1,2,3,4,5,6,7,8,9,10,11,12,13,14,15,16,17
7817,1,2,3,4,5,6,7,8,9,10,11,12,13,14,15,16,17
7818,1,2,3,4,5,6,7,8,9,10,11,12,13,14,15,16,17
7819,1,2,3,4,5,6,7,8,9,10,11,12,13,14,15,16,17
7820,1,2,3,4,5,6,7,8,9,10,11,12,13,14,15,16,17
7821,1,2,3,4,5,6,7,8,9,10,11,12,13,14,15,16,17
7822,1,2,3,4,5,6,7,8,9,10,11,12,13,14,15,16,17
7823,1,2,3,4,5,6,7,8,9,10,11,12,13,14,15,16,17
7824,1,2,3,4,5,6,7,8,9,10,11,12,13,14,15,16,17
7825,1,2,3,4,5,6,7,8,9,10,11,12,13,14,15,16,17
7826,1,2,3,4,5,6,7,8,9,10,11,12,13,14,15,16,17
7827,1,2,3,4,5,6,7,8,9,10,11,12,13,14,15,16,17
7828,1,2,3,4,5,6,7,8,9,10,11,12,13,14,15,16,17
7829,1,2,3,4,5,6,7,8,9,10,11,12,13,14,15,16,17
7830,1,2,3,4,5,6,7,8,9,10,11,12,13,14,15,16,17
7831,1,2,3,4,5,6,7,8,9,10,11,12,13,14,15,16,17
7832,1,2,3,4,5,6,7,8,9,10,11,12,13,14,15,16,17
7833,1,2,3,4,5,6,7,8,9,10,11,12,13,14,15,16,17
7834,1,2,3,4,5,6,7,8,9,10,11,12,13,14,15,16,17
7835,1,2,3,4,5,6,7,8,9,10,11,12,13,14,15,16,17
7836,1,2,3,4,5,6,7,8,9,10,11,12,13,14,15,16,17
7837,1,2,3,4,5,6,7,8,9,10,11,12,13,14,15,16,17
7838,1,2,3,4,5,6,7,8,9,10,11,12,13,14,15,16,17
7839,1,2,3,4,5,6,7,8,9,10,11,12,13,14,15,16,17
7840,1,2,3,4,5,6,7,8,9,10,11,12,13,14,15,16,17
7841,1,2,3,4,5,6,7,8,9,10,11,12,13,14,15,16,17
7842,1,2,3,4,5,6,7,8,9,10,11,12,13,14,15,16,17
7843,1,2,3,4,5,6,7,8,9,10,11,12,13,14,15,16,17
7844,1,2,3,4,5,6,7,8,9,10,11,12,13,14,15,16,17
7845,1,2,3,4,5,6,7,8,9,10,11,12,13,14,15,16,17
7846,1,2,3,4,5,6,7,8,9,10,11,12,13,14,15,16,17
7847,1,2,3,4,5,6,7,8,9,10,11,12,13,14,15,16,17
7848,1,2,3,4,5,6,7,8,9,10,11,12,13,14,15,16,17
7849,1,2,3,4,5,6,7,8,9,10,11,12,13,14,15,16,17
7850,1,2,3,4,5,6,7,8,9,10,11,12,13,14,15,16,17
7851,1,2,3,4,5,6,7,8,9,10,11,12,13,14,15,16,17
7852,1,2,3,4,5,6,7,8,9,10,11,12,13,14,15,16,17
7853,1,2,3,4,5,6,7,8,9,10,11,12,13,14,15,16,17
7854,1,2,3,4,5,6,7,8,9,10,11,12,13,14,15,16,17
7855,1,2,3,4,5,6,7,8,9,10,11,12,13,14,15,16,17
7856,1,2,3,4,5,6,7,8,9,10,11,12,13,14,15,16,17
7857,1,2,3,4,5,6,7,8,9,10,11,12,13,14,15,16,17
7858,1,2,3,4,5,6,7,8,9,10,11,12,13,14,15,16,17
7859,1,2,3,4,5,6,7,8,9,10,11,12,13,14,15,16,17
7860,1,2,3,4,5,6,7,8,9,10,11,12,13,14,15,16,17
7861,1,2,3,4,5,6,7,8,9,10,11,12,13,14,15,16,17
7862,1,2,3,4,5,6,7,8,9,10,11,12,13,14,15,16,17
7863,1,2,3,4,5,6,7,8,9,10,11,12,13,14,15,16,17
7864,1,2,3,4,5,6,7,8,9,10,11,12,13,14,15,16,17
7865,1,2,3,4,5,6,7,8,9,10,11,12,13,14,15,16,17
7866,1,2,3,4,5,6,7,8,9,10,11,12,13,14,15,16,17
7867,1,2,3,4,5,6,7,8,9,10,11,12,13,14,15,16,17
7868,1,2,3,4,5,6,7,8,9,10,11,12,13,14,15,16,17
7869,1,2,3,4,5,6,7,8,9,10,11,12,13,14,15,16,17
7870,1,2,3,4,5,6,7,8,9,10,11,12,13,14,15,16,17
7871,1,2,3,4,5,6,7,8,9,10,11,12,13,14,15,16,17
7872,1,2,3,4,5,6,7,8,9,10,11,12,13,14,15,16,17
7873,1,2,3,4,5,6,7,8,9,10,11,12,13,14,15,16,17
7874,1,2,3,4,5,6,7,8,9,10,11,12,13,14,15,16,17
7875,1,2,3,4,5,6,7,8,9,10,11,12,13,14,15,16,17
7876,1,2,3,4,5,6,7,8,9,10,11,12,13,14,15,16,17
7877,1,2,3,4,5,6,7,8,9,10,11,12,13,14,15,16,17
7878,1,2,3,4,5,6,7,8,9,10,11,12,13,14,15,16,17
7879,1,2,3,4,5,6,7,8,9,10,11,12,13,14,15,16,17
7880,1,2,3,4,5,6,7,8,9,10,11,12,13,14,15,16,17
7881,1,2,3,4,5,6,7,8,9,10,11,12,13,14,15,16,17
7882,1,2,3,4,5,6,7,8,9,10,11,12,13,14,15,16,17
7883,1,2,3,4,5,6,7,8,9,10,11,12,13,14,15,16,17
7884,1,2,3,4,5,6,7,8,9,10,11,12,13,14,15,16,17
7885,1,2,3,4,5,6,7,8,9,10,11,12,13,14,15,16,17
7886,1,2,3,4,5,6,7,8,9,10,11,12,13,14,15,16,17
7887,1,2,3,4,5,6,7,8,9,10,11,12,13,14,15,16,17
7888,1,2,3,4,5,6,7,8,9,10,11,12,13,14,15,16,17
7889,1,2,3,4,5,6,7,8,9,10,11,12,13,14,15,16,17
7890,1,2,3,4,5,6,7,8,9,10,11,12,13,14,15,16,17
7891,1,2,3,4,5,6,7,8,9,10,11,12,13,14,15,16,17
7892,1,2,3,4,5,6,7,8,9,10,11,12,13,14,15,16,17
7893,1,2,3,4,5,6,7,8,9,10,11,12,13,14,15,16,17
7894,1,2,3,4,5,6,7,8,9,10,11,12,13,14,15,16,17
7895,1,2,3,4,5,6,7,8,9,10,11,12,13,14,15,16,17
7896,1,2,3,4,5,6,7,8,9,10,11,12,13,14,15,16,17
7897,1,2,3,4,5,6,7,8,9,10,11,12,13,14,15,16,17
7898,1,2,3,4,5,6,7,8,9,10,11,12,13,14,15,16,17
7899,1,2,3,4,5,6,7,8,9,10,11,12,13,14,15,16,17
7900,1,2,3,4,5,6,7,8,9,10,11,12,13,14,15,16,17
7901,1,2,3,4,5,6,7,8,9,10,11,12,13,14,15,16,17
7902,1,2,3,4,5,6,7,8,9,10,11,12,13,14,15,16,17
7903,1,2,3,4,5,6,7,8,9,10,11,12,13,14,15,16,17
7904,1,2,3,4,5,6,7,8,9,10,11,12,13,14,15,16,17
7905,1,2,3,4,5,6,7,8,9,10,11,12,13,14,15,16,17
7906,1,2,3,4,5,6,7,8,9,10,11,12,13,14,15,16,17
7907,1,2,3,4,5,6,7,8,9,10,11,12,13,14,15,16,17
7908,1,2,3,4,5,6,7,8,9,10,11,12,13,14,15,16,17
7909,1,2,3,4,5,6,7,8,9,10,11,12,13,14,15,16,17
7910,1,2,3,4,5,6,7,8,9,10,11,12,13,14,15,16,17
7911,1,2,3,4,5,6,7,8,9,10,11,12,13,14,15,16,17
7912,1,2,3,4,5,6,7,8,9,10,11,12,13,14,15,16,17
7913,1,2,3,4,5,6,7,8,9,10,11,12,13,14,15,16,17
7914,1,2,3,4,5,6,7,8,9,10,11,12,13,14,15,16,17
7915,1,2,3,4,5,6,7,8,9,10,11,12,13,14,15,16,17
7916,1,2,3,4,5,6,7,8,9,10,11,12,13,14,15,16,17
7917,1,2,3,4,5,6,7,8,9,10,11,12,13,14,15,16,17
7918,1,2,3,4,5,6,7,8,9,10,11,12,13,14,15,16,17
7919,1,2,3,4,5,6,7,8,9,10,11,12,13,14,15,16,17
7920,1,2,3,4,5,6,7,8,9,10,11,12,13,14,15,16,17
7921,1,2,3,4,5,6,7,8,9,10,11,12,13,14,15,16,17
7922,1,2,3,4,5,6,7,8,9,10,11,12,13,14,15,16,17
7923,1,2,3,4,5,6,7,8,9,10,11,12,13,14,15,16,17
7924,1,2,3,4,5,6,7,8,9,10,11,12,13,14,15,16,17
7925,1,2,3,4,5,6,7,8,9,10,11,12,13,14,15,16,17
7926,1,2,3,4,5,6,7,8,9,10,11,12,13,14,15,16,17
7927,1,2,3,4,5,6,7,8,9,10,11,12,13,14,15,16,17
7928,1,2,3,4,5,6,7,8,9,10,11,12,13,14,15,16,17
7929,1,2,3,4,5,6,7,8,9,10,11,12,13,14,15,16,17
7930,1,2,3,4,5,6,7,8,9,10,11,12,13,14,15,16,17
7931,1,2,3,4,5,6,7,8,9,10,11,12,13,14,15,16,17
7932,1,2,3,4,5,6,7,8,9,10,11,12,13,14,15,16,17
7933,1,2,3,4,5,6,7,8,9,10,11,12,13,14,15,16,17
7934,1,2,3,4,5,6,7,8,9,10,11,12,13,14,15,16,17
7935,1,2,3,4,5,6,7,8,9,10,11,12,13,14,15,16,17
7936,1,2,3,4,5,6,7,8,9,10,11,12,13,14,15,16,17
7937,1,2,3,4,5,6,7,8,9,10,11,12,13,14,15,16,17
7938,1,2,3,4,5,6,7,8,9,10,11,12,13,14,15,16,17
7939,1,2,3,4,5,6,7,8,9,10,11,12,13,14,15,16,17
7940,1,2,3,4,5,6,7,8,9,10,11,12,13,14,15,16,17
7941,1,2,3,4,5,6,7,8,9,10,11,12,13,14,15,16,17
7942,1,2,3,4,5,6,7,8,9,10,11,12,13,14,15,16,17
7943,1,2,3,4,5,6,7,8,9,10,11,12,13,14,15,16,17
7944,1,2,3,4,5,6,7,8,9,10,11,12,13,14,15,16,17
7945,1,2,3,4,5,6,7,8,9,10,11,12,13,14,15,16,17
7946,1,2,3,4,5,6,7,8,9,10,11,12,13,14,15,16,17
7947,1,2,3,4,5,6,7,8,9,10,11,12,13,14,15,16,17
7948,1,2,3,4,5,6,7,8,9,10,11,12,13,14,15,16,17
7949,1,2,3,4,5,6,7,8,9,10,11,12,13,14,15,16,17
7950,1,2,3,4,5,6,7,8,9,10,11,12,13,14,15,16,17
7951,1,2,3,4,5,6,7,8,9,10,11,12,13,14,15,16,17
7952,1,2,3,4,5,6,7,8,9,10,11,12,13,14,15,16,17
7953,1,2,3,4,5,6,7,8,9,10,11,12,13,14,15,16,17
7954,1,2,3,4,5,6,7,8,9,10,11,12,13,14,15,16,17
7955,1,2,3,4,5,6,7,8,9,10,11,12,13,14,15,16,17
7956,1,2,3,4,5,6,7,8,9,10,11,12,13,14,15,16,17
7957,1,2,3,4,5,6,7,8,9,10,11,12,13,14,15,16,17
7958,1,2,3,4,5,6,7,8,9,10,11,12,13,14,15,16,17
7959,1,2,3,4,5,6,7,8,9,10,11,12,13,14,15,16,17
7960,1,2,3,4,5,6,7,8,9,10,11,12,13,14,15,16,17
7961,1,2,3,4,5,6,7,8,9,10,11,12,13,14,15,16,17
7962,1,2,3,4,5,6,7,8,9,10,11,12,13,14,15,16,17
7963,1,2,3,4,5,6,7,8,9,10,11,12,13,14,15,16,17
7964,1,2,3,4,5,6,7,8,9,10,11,12,13,14,15,16,17
7965,1,2,3,4,5,6,7,8,9,10,11,12,13,14,15,16,17
7966,1,2,3,4,5,6,7,8,9,10,11,12,13,14,15,16,17
7967,1,2,3,4,5,6,7,8,9,10,11,12,13,14,15,16,17
7968,1,2,3,4,5,6,7,8,9,10,11,12,13,14,15,16,17
7969,1,2,3,4,5,6,7,8,9,10,11,12,13,14,15,16,17
7970,1,2,3,4,5,6,7,8,9,10,11,12,13,14,15,16,17
7971,1,2,3,4,5,6,7,8,9,10,11,12,13,14,15,16,17
7972,1,2,3,4,5,6,7,8,9,10,11,12,13,14,15,16,17
7973,1,2,3,4,5,6,7,8,9,10,11,12,13,14,15,16,17
7974,1,2,3,4,5,6,7,8,9,10,11,12,13,14,15,16,17
7975,1,2,3,4,5,6,7,8,9,10,11,12,13,14,15,16,17
7976,1,2,3,4,5,6,7,8,9,10,11,12,13,14,15,16,17
7977,1,2,3,4,5,6,7,8,9,10,11,12,13,14,15,16,17
7978,1,2,3,4,5,6,7,8,9,10,11,12,13,14,15,16,17
7979,1,2,3,4,5,6,7,8,9,10,11,12,13,14,15,16,17
7980,1,2,3,4,5,6,7,8,9,10,11,12,13,14,15,16,17
7981,1,2,3,4,5,6,7,8,9,10,11,12,13,14,15,16,17
7982,1,2,3,4,5,6,7,8,9,10,11,12,13,14,15,16,17
7983,1,2,3,4,5,6,7,8,9,10,11,12,13,14,15,16,17
7984,1,2,3,4,5,6,7,8,9,10,11,12,13,14,15,16,17
7985,1,2,3,4,5,6,7,8,9,10,11,12,13,14,15,16,17
7986,1,2,3,4,5,6,7,8,9,10,11,12,13,14,15,16,17
7987,1,2,3,4,5,6,7,8,9,10,11,12,13,14,15,16,17
7988,1,2,3,4,5,6,7,8,9,10,11,12,13,14,15,16,17
7989,1,2,3,4,5,6,7,8,9,10,11,12,13,14,15,16,17
7990,1,2,3,4,5,6,7,8,9,10,11,12,13,14,15,16,17
7991,1,2,3,4,5,6,7,8,9,10,11,12,13,14,15,16,17
7992,1,2,3,4,5,6,7,8,9,10,11,12,13,14,15,16,17
7993,1,2,3,4,5,6,7,8,9,10,11,12,13,14,15,16,17
7994,1,2,3,4,5,6,7,8,9,10,11,12,13,14,15,16,17
7995,1,2,3,4,5,6,7,8,2,10,11,12,13,14,15,16,17
7996,1,2,3,4,5,6,7,8,9,10,11,12,13,14,15,16,17
7997,1,2,3,4,5,6,7,8,9,10,11,12,13,14,15,16,17
7998,1,2,3,4,5,6,7,8,9,10,11,12,13,14,15,16,17
7999,1,2,3,4,5,6,7,8,9,10,11,12,13,14,15,16,17
8000,1,2,3,4,5,6,7,8,9,10,11,12,13,14,15,16,17
8001,1,2,3,4,5,6,7,8,9,10,11,12,13,14,15,16,17
8002,1,2,3,4,5,6,7,8,9,10,11,12,13,14,15,16,17
8003,1,2,3,4,5,6,7,8,9,10,11,12,13,14,15,16,17
8004,1,2,3,4,5,6,7,8,9,10,11,12,13,14,15,16,17
8005,1,2,3,4,5,6,7,8,9,10,11,12,13,14,15,16,17
8006,1,2,3,4,5,6,7,8,9,10,11,12,13,14,15,16,17
8007,1,2,3,4,5,6,7,8,9,10,11,12,13,14,15,16,17
8008,1,2,3,4,5,6,7,8,9,10,11,12,13,14,15,16,17
8009,1,2,3,4,5,6,7,8,9,10,11,12,13,14,15,16,17
8010,1,2,3,4,5,6,7,8,9,10,11,12,13,14,15,16,17
8011,1,2,3,4,5,6,7,8,9,10,11,12,13,14,15,16,17
8012,1,2,3,4,5,6,7,8,9,10,11,12,13,14,15,16,17
8013,1,2,3,4,5,6,7,8,9,10,11,12,13,14,15,16,17
8014,1,2,3,4,5,6,7,8,9,10,11,12,13,14,15,16,17
8015,1,2,3,4,5,6,7,8,9,10,11,12,13,14,15,16,17
8016,1,2,3,4,5,6,7,8,9,10,11,12,13,14,15,16,17
8017,1,2,3,4,5,6,7,8,9,10,11,12,13,14,15,16,17
8018,1,2,3,4,5,6,7,8,9,10,11,12,13,14,15,16,17
8019,1,2,3,4,5,6,7,8,9,10,11,12,13,14,15,16,17
8020,1,2,3,4,5,6,7,8,9,10,11,12,13,14,15,16,17
8021,1,2,3,4,5,6,7,8,9,10,11,12,13,14,15,16,17
8022,1,2,3,4,5,6,7,8,9,10,11,12,13,14,15,16,17
8023,1,2,3,4,5,6,7,8,9,10,11,12,13,14,15,16,17
8024,1,2,3,4,5,6,7,8,9,10,11,12,13,14,15,16,17
8025,1,2,3,4,5,6,7,8,9,10,11,12,13,14,15,16,17
8026,1,1,1,11,12,13,14,15,16,17,11,12,13,14,15,16,17
8027,1,2,3,4,5,6,7,8,9,10,11,12,13,14,15,16,17
8028,1,2,3,4,5,6,7,8,9,10,11,12,13,14,15,16,17
8029,1,2,3,4,5,6,7,8,9,10,11,12,13,14,15,16,17
8030,1,2,3,4,5,6,7,8,9,10,11,12,13,14,15,16,17
8031,1,2,3,4,5,6,7,8,9,10,11,12,13,14,15,16,17
8032,1,2,3,4,5,6,7,8,9,10,11,12,13,14,15,16,17
8033,1,2,3,4,5,6,7,8,9,10,11,12,13,14,15,16,17
8034,1,2,3,4,5,6,7,8,9,10,11,12,13,14,15,16,17
8035,1,2,3,4,5,6,7,8,9,10,11,12,13,14,15,16,17
8036,1,2,3,4,5,6,7,8,9,10,11,12,13,14,15,16,17
8037,1,2,3,4,5,6,7,8,9,10,11,12,13,14,15,16,17
8038,1,2,3,4,5,6,7,8,9,10,11,12,13,14,15,16,17
8039,1,2,3,4,5,6,7,8,9,10,11,12,13,14,15,16,17
8040,1,2,3,4,5,6,7,8,9,10,11,12,13,14,15,16,17
8041,1,2,3,4,5,6,7,8,9,10,11,12,13,14,15,16,17
8042,1,2,3,4,5,6,7,8,9,10,11,12,13,14,15,16,17
8043,1,2,3,4,5,6,7,8,9,10,11,12,13,14,15,16,17
8044,1,2,3,4,5,6,7,8,9,10,11,12,13,14,15,16,17
8045,1,2,3,4,5,6,7,8,9,10,11,12,13,14,15,16,17
8046,1,2,3,4,5,6,7,8,9,10,11,12,13,14,15,16,17
8047,1,2,3,4,5,6,7,8,9,10,11,12,13,14,15,16,17
8048,1,2,3,4,5,6,7,8,9,10,11,12,13,14,15,16,17
8049,1,2,3,4,5,6,7,8,9,10,11,12,13,14,15,16,17
8050,1,2,3,4,5,6,7,8,9,10,11,12,13,14,15,16,17
8051,1,2,3,4,5,6,7,8,9,10,11,12,13,14,15,16,17
8052,1,2,3,4,5,6,7,8,9,10,11,12,13,14,15,16,17
8053,1,2,3,4,5,6,7,8,9,10,11,12,13,14,15,16,17
8054,1,2,3,4,5,6,7,8,9,10,11,12,13,14,15,16,17
8055,1,2,3,4,5,6,7,8,9,10,11,12,13,14,15,16,17
8056,1,2,3,4,5,6,7,8,9,10,11,12,13,14,15,16,17
8057,1,2,3,4,5,6,7,8,9,10,11,12,13,14,15,16,17
8058,1,2,3,4,5,6,7,8,9,10,11,12,13,14,15,16,17
8059,1,2,3,4,5,6,7,8,9,10,11,12,13,14,15,16,17
8060,1,2,3,4,5,6,7,8,9,10,11,12,13,14,15,16,17
8061,1,2,3,4,5,6,7,8,9,10,11,12,13,14,15,16,17
8062,1,2,3,4,5,6,7,8,9,10,11,12,13,14,15,16,17
8063,1,2,3,4,5,6,7,8,9,10,11,12,13,14,15,16,17
8064,1,2,3,4,5,6,7,8,9,10,11,12,13,14,15,16,17
8065,1,2,3,4,5,6,7,8,9,10,11,12,13,14,15,16,17
8066,1,2,3,4,5,6,7,8,9,10,11,12,13,14,15,16,17
8067,1,2,3,4,5,6,7,8,9,10,11,12,13,14,15,16,17
8068,1,2,3,4,5,6,7,8,9,10,11,12,13,14,15,16,17
8069,1,2,3,4,5,6,7,8,9,10,11,12,13,14,15,16,17
8070,1,2,3,4,5,6,7,8,9,10,11,12,13,14,15,16,17
8071,1,2,3,4,5,6,7,8,9,10,11,12,13,14,15,16,17
8072,1,2,3,4,5,6,7,8,9,10,11,12,13,14,15,16,17
8073,1,2,3,4,5,6,7,8,9,10,11,12,13,14,15,16,17
8074,1,2,3,4,5,6,7,8,9,10,11,12,13,14,15,16,17
8075,1,2,3,4,5,6,7,8,9,10,11,12,13,14,15,16,17
8076,1,2,3,4,5,6,7,8,9,10,11,12,13,14,15,16,17
8077,1,2,3,4,5,6,7,8,9,10,11,12,13,14,15,16,17
8078,1,2,3,4,5,6,7,8,9,10,11,12,13,14,15,16,17
8079,1,2,3,4,5,6,7,8,9,10,11,12,13,14,15,16,17
8080,1,2,3,4,5,6,7,8,9,10,11,12,13,14,15,16,17
8081,1,2,3,4,5,6,7,8,9,10,11,12,13,14,15,16,17
8082,1,2,3,4,5,6,7,8,9,10,11,12,13,14,15,16,17
8083,1,2,3,4,5,6,7,8,9,10,11,12,13,14,15,16,17
8084,1,2,3,4,5,6,7,8,9,10,11,12,13,14,15,16,17
8085,1,2,3,4,5,6,7,8,9,10,11,12,13,14,15,16,17
8086,1,2,3,4,5,6,7,8,9,10,11,12,13,14,15,16,17
8087,1,2,3,4,5,6,7,8,9,10,11,12,13,14,15,16,17
8088,1,2,3,4,5,6,7,8,9,10,11,12,13,14,15,16,17
8089,1,2,3,4,5,6,7,8,9,10,11,12,13,14,15,16,17
8090,1,2,3,4,5,6,7,8,9,10,11,12,13,14,15,16,17
8091,1,2,3,4,5,6,7,8,9,10,11,12,13,14,15,16,17
8092,1,2,3,4,5,6,7,8,9,10,11,12,13,14,15,16,17
8093,1,2,3,4,5,6,7,8,9,10,11,12,13,14,15,16,17
8094,1,2,3,4,5,6,7,8,9,10,11,12,13,14,15,16,17
8095,1,2,3,4,5,6,7,8,9,10,11,12,13,14,15,16,17
8096,1,2,3,4,5,6,7,8,9,10,11,12,13,14,15,16,17
8097,1,2,3,4,5,6,7,8,9,10,11,12,13,14,15,16,17
8098,1,2,3,4,5,6,7,8,9,10,11,12,13,14,15,16,17
8099,1,2,3,4,5,6,7,8,9,10,11,12,13,14,15,16,17
8100,1,2,3,4,5,6,7,8,9,10,11,12,13,14,15,16,17
8101,1,2,3,4,5,6,7,8,9,10,11,12,13,14,15,16,17
8102,1,2,3,4,5,6,7,8,9,10,11,12,13,14,15,16,17
8103,1,2,3,4,5,6,7,8,9,10,11,12,13,14,15,16,17
8104,1,2,3,4,5,6,7,8,9,10,11,12,13,14,15,16,17
8105,1,2,3,4,5,6,7,8,9,10,11,12,13,14,15,16,17
8106,1,2,3,4,5,6,7,8,9,10,11,12,13,14,15,16,17
8107,1,2,3,4,5,6,7,8,9,10,11,12,13,14,15,16,17
8108,1,2,3,4,5,6,7,8,9,10,11,12,13,14,15,16,17
8109,1,2,3,4,5,6,7,8,9,10,11,12,13,14,15,16,17
8110,1,2,3,4,5,6,7,8,9,10,11,12,13,14,15,16,17
8111,1,2,3,4,5,6,7,8,9,10,11,12,13,14,15,16,17
8112,1,2,3,4,5,6,7,8,9,10,11,12,13,14,15,16,17
8113,1,2,3,4,5,6,7,8,9,10,11,12,13,14,15,16,17
8114,1,2,3,4,5,6,7,8,9,10,11,12,13,14,15,16,17
8115,1,2,3,4,5,6,7,8,9,10,11,12,13,14,15,16,17
8116,1,2,3,4,5,6,7,8,9,10,11,12,13,14,15,16,17
8117,1,2,3,4,5,6,7,8,9,10,11,12,13,14,15,16,17
8118,1,2,3,4,5,6,7,8,9,10,11,12,13,14,15,16,17
8119,1,2,3,4,5,6,7,8,9,10,11,12,13,14,15,16,17
8120,1,2,3,4,5,6,7,8,9,10,11,12,13,14,15,16,17
8121,1,2,3,4,5,6,7,8,9,10,11,12,13,14,15,16,17
8122,1,2,3,4,5,6,7,8,9,10,11,12,13,14,15,16,17
8123,1,2,3,4,5,6,7,8,9,10,11,12,13,14,15,16,17
8124,1,2,3,4,5,6,7,8,9,10,11,12,13,14,15,16,17
8125,1,2,3,4,5,6,7,8,9,10,11,12,13,14,15,16,17
8126,1,2,3,4,5,6,7,8,9,10,11,12,13,14,15,16,17
8127,1,2,3,4,5,6,7,8,9,10,11,12,13,14,15,16,17
8128,1,2,3,4,5,6,7,8,9,10,11,12,13,14,15,16,17
8129,1,2,3,4,5,6,7,8,9,10,11,12,13,14,15,16,17
8130,1,2,3,4,5,6,7,8,9,10,11,12,13,14,15,16,17
8131,1,2,3,4,5,6,7,8,9,10,11,12,13,14,15,16,17
8132,1,2,3,4,5,6,7,8,9,10,11,12,13,14,15,16,17
8133,1,2,3,4,5,6,7,8,9,10,11,12,13,14,15,16,17
8134,1,2,3,4,5,6,7,8,9,10,11,12,13,14,15,16,17
8135,1,2,3,4,5,6,7,8,9,10,11,12,13,14,15,16,17
8136,1,2,3,4,5,6,7,8,9,10,11,12,13,14,15,16,17
8137,1,2,3,4,5,6,7,8,9,10,11,12,13,14,15,16,17
8138,1,2,3,4,5,6,7,8,9,10,11,12,13,14,15,16,17
8139,1,2,3,4,5,6,7,8,9,10,11,12,13,14,15,16,17
8140,1,2,3,4,5,6,7,8,9,10,11,12,13,14,15,16,17
8141,1,2,3,4,5,6,7,8,9,10,11,12,13,14,15,16,17
8142,1,2,3,4,5,6,7,8,9,10,11,12,13,14,15,16,17
8143,1,2,3,4,5,6,7,8,9,10,11,12,13,14,15,16,17
8144,1,2,3,4,5,6,7,8,9,10,11,12,13,14,15,16,17
8145,1,2,3,4,5,6,7,8,9,10,11,12,13,14,15,16,17
8146,1,2,3,4,5,6,7,8,9,10,11,12,13,14,15,16,17
8147,1,2,3,4,5,6,7,8,9,10,11,12,13,14,15,16,17
8148,1,2,3,4,5,6,7,8,9,10,11,12,13,14,15,16,17
8149,1,2,3,4,5,6,7,8,9,10,11,12,13,14,15,16,17
8150,1,2,3,4,5,6,7,8,9,10,11,12,13,14,15,16,17
8151,1,2,3,4,5,6,7,8,9,10,11,12,13,14,15,16,17
8152,1,2,3,4,5,6,7,8,9,10,11,12,13,14,15,16,17
8153,1,2,3,4,5,6,7,8,9,10,11,12,13,14,15,16,17
8154,1,2,3,4,5,6,7,8,9,10,11,12,13,14,15,16,17
8155,1,2,3,4,5,6,7,8,9,10,11,12,13,14,15,16,17
8156,1,2,3,4,5,6,7,8,9,10,11,12,13,14,15,16,17
8157,1,2,3,4,5,6,7,8,9,10,11,12,13,14,15,16,17
8158,2,2,3,4,5,6,7,8,9,3,4,12,5,6,7,8,9
8159,1,2,3,4,5,6,7,8,9,10,11,12,13,14,15,16,17
8160,1,2,3,4,5,6,7,8,9,10,11,12,13,14,15,16,17
8161,1,2,3,4,5,6,7,8,9,10,11,12,13,14,15,16,17
8162,1,2,3,4,5,6,7,8,9,10,11,12,13,14,15,16,17
8163,1,2,3,4,5,6,7,8,9,10,11,12,13,14,15,16,17
8164,1,2,3,4,5,6,7,8,9,10,11,12,13,14,15,16,17
8165,1,2,3,4,5,6,7,8,9,10,11,4,8,14,15,15,17
8166,1,2,3,4,5,6,7,8,9,10,11,12,13,14,15,16,17
8167,1,2,3,4,5,6,7,8,9,10,11,12,13,14,15,16,17
8168,1,2,3,4,5,6,7,8,9,10,11,12,13,14,15,16,17
8169,1,1,11,12,13,14,15,15,16,17,11,12,13,14,15,16,17
8170,1,10,3,4,5,6,7,8,9,10,11,12,13,14,15,16,17
8171,1,2,3,4,5,6,7,8,9,10,11,12,13,14,15,16,17
8172,1,2,3,4,5,6,7,8,9,10,11,12,13,14,15,16,17
8173,1,2,3,4,5,6,7,8,9,10,11,12,13,14,15,16,17
8174,1,2,3,4,5,6,7,8,9,10,11,12,13,14,15,16,17
8175,1,2,3,4,5,6,7,8,9,10,11,12,13,14,15,16,17
8176,1,2,3,4,5,6,7,8,9,10,11,12,13,14,15,16,17
8177,1,2,3,4,5,6,7,8,9,10,11,12,13,14,15,16,17
8178,1,2,3,4,5,6,7,8,9,10,11,12,13,14,15,16,17
8179,1,2,3,4,5,6,7,8,9,10,11,12,13,14,15,16,17
8180,1,2,3,4,5,6,7,8,9,10,11,12,13,14,15,16,17
8181,1,2,3,4,5,6,7,8,9,10,11,12,13,14,15,16,17
8182,1,2,3,4,5,6,7,8,9,10,11,12,13,14,15,16,17
8183,1,2,3,4,5,6,7,8,9,10,11,12,13,14,15,16,17
8184,1,2,3,4,5,6,7,8,9,10,11,12,13,14,15,16,17
8185,1,2,3,4,5,6,7,8,9,10,11,12,13,14,15,16,17
8186,1,2,3,4,5,6,7,8,9,10,11,12,13,14,15,16,17
8187,1,2,3,4,5,6,7,8,9,10,11,12,13,14,15,16,17
8188,1,2,3,4,5,6,7,8,9,10,11,12,13,14,15,16,17
8189,1,2,3,4,5,6,7,8,9,10,11,12,13,14,15,16,17
8190,1,2,3,4,5,6,7,8,9,10,11,12,13,14,15,16,17
8191,1,2,3,4,5,6,7,8,9,10,11,12,13,14,15,16,17
8192,1,2,3,4,5,6,7,8,9,10,11,12,13,14,15,16,17
8193,1,2,3,4,5,6,7,8,9,10,11,12,13,14,15,16,17
8194,1,2,3,4,5,6,7,8,9,10,11,12,13,14,15,16,17
8195,1,2,3,4,5,6,7,8,9,10,11,12,13,14,15,16,17
8196,1,2,3,4,5,6,7,8,9,10,11,12,13,14,15,16,17
8197,1,2,3,4,5,6,7,8,9,10,11,12,13,14,15,16,17
8198,1,2,3,4,5,6,7,8,9,10,11,12,13,14,15,16,17
8199,1,2,3,4,5,6,7,8,9,10,11,12,13,14,15,16,17
8200,1,2,3,4,5,6,7,8,9,10,11,12,13,14,15,16,17
8201,1,2,3,4,5,6,7,8,9,10,11,12,13,14,15,16,17
8202,1,2,3,4,5,6,7,8,9,10,11,12,13,14,15,16,17
8203,1,2,3,4,5,6,7,8,9,10,11,12,13,14,15,16,17
8204,1,2,3,4,5,6,7,8,9,10,11,12,13,14,15,16,17
8205,1,2,3,4,5,6,7,8,9,10,11,12,13,14,15,16,17
8206,1,2,3,4,5,6,7,8,9,10,11,12,13,14,15,16,17
8207,1,2,3,4,5,6,7,8,9,10,11,12,13,14,15,16,17
8208,1,2,3,4,5,6,7,8,9,10,11,12,13,14,15,16,17
8209,1,2,3,4,5,6,7,8,9,10,11,12,13,14,15,16,17
8210,1,2,3,4,5,6,7,8,9,10,11,12,13,14,15,16,17
8211,1,2,3,4,5,6,7,8,9,10,11,12,13,14,15,16,17
8212,1,2,3,4,5,6,7,8,9,10,11,12,13,14,15,16,17
8213,1,2,3,4,5,6,7,8,9,10,11,12,13,14,15,16,17
8214,1,2,3,4,5,6,7,8,9,10,11,12,13,14,15,16,17
8215,1,2,3,4,5,6,7,8,9,10,11,12,13,14,15,16,17
8216,1,2,3,4,5,6,7,8,9,10,11,12,13,14,15,16,17
8217,1,2,3,4,5,6,7,8,9,10,11,12,13,14,15,16,17
8218,1,2,3,4,5,6,7,8,9,10,11,12,13,14,15,16,17
8219,1,2,3,4,5,6,7,8,9,10,11,12,13,14,15,16,17
8220,1,2,3,4,5,6,7,8,9,10,11,12,13,14,15,16,17
8221,1,2,3,4,5,6,7,8,9,10,11,12,13,14,15,16,17
8222,1,2,3,4,5,6,7,8,9,10,11,12,13,14,15,16,17
8223,1,2,3,4,5,6,7,8,9,10,11,12,13,14,15,16,17
8224,1,2,3,4,5,6,7,8,9,10,11,12,13,14,15,16,17
8225,1,2,3,4,5,6,7,8,9,10,11,12,13,14,15,16,17
8226,1,2,3,4,5,6,7,8,9,10,11,12,13,14,15,16,17
8227,1,2,3,4,5,6,7,8,9,10,11,12,13,14,15,16,17
8228,1,2,3,4,5,6,7,8,9,10,11,12,13,14,15,16,17
8229,1,2,3,4,5,6,7,8,9,10,11,12,13,14,15,16,17
8230,1,2,3,4,5,6,7,8,9,10,11,12,13,14,15,16,17
8231,1,2,3,4,5,6,7,8,9,10,11,12,13,14,15,16,17
8232,1,2,3,4,5,6,7,8,9,10,11,12,13,14,15,16,17
8233,1,2,3,4,5,6,7,8,9,10,11,12,13,14,15,16,17
8234,1,2,3,4,5,6,7,8,9,10,11,12,13,14,15,16,17
8235,1,2,3,4,5,6,7,8,9,10,11,12,13,14,15,16,17
8236,1,2,3,4,5,6,7,8,9,10,11,12,13,14,15,16,17
8237,1,2,3,4,5,6,7,8,9,10,11,12,13,14,15,16,17
8238,1,2,3,4,5,6,7,8,9,10,11,12,13,14,15,16,17
8239,1,2,3,4,5,6,7,8,9,10,11,12,13,14,15,16,17
8240,1,2,3,4,5,6,7,8,9,10,11,12,13,14,15,16,17
8241,1,2,3,4,5,6,7,8,9,10,11,12,13,14,15,16,17
8242,1,2,3,4,5,6,7,8,9,10,11,12,13,14,15,16,17
8243,1,2,3,4,5,6,7,8,9,10,11,12,13,14,15,16,17
8244,1,2,3,4,5,6,7,8,9,10,11,12,13,14,15,16,17
8245,1,2,3,4,5,6,7,8,9,10,11,12,13,14,15,16,17
8246,1,2,3,4,5,6,7,8,9,10,11,12,13,14,15,16,17
8247,1,2,3,4,5,6,7,8,9,10,11,12,13,14,15,16,17
8248,1,2,3,4,5,6,7,8,9,10,11,12,13,14,15,16,17
8249,1,2,3,4,5,6,7,8,9,10,11,12,13,14,15,16,17
8250,1,2,3,4,5,6,7,8,9,10,11,12,13,14,15,16,17
8251,1,2,3,4,5,6,7,8,9,10,11,12,13,14,15,16,17
8252,1,2,3,4,5,6,7,8,9,10,11,12,13,14,15,16,17
8253,1,2,3,4,5,6,7,8,9,10,11,12,13,14,15,16,17
8254,1,2,3,4,5,6,7,8,9,10,11,12,13,14,15,16,17
8255,1,2,3,4,5,6,7,8,9,10,11,12,13,14,15,16,17
8256,1,2,3,4,5,6,7,8,9,10,11,12,13,14,15,16,17
8257,1,2,3,4,5,6,7,8,9,10,11,12,13,14,15,16,17
8258,1,2,3,4,5,6,7,8,9,10,11,12,13,14,15,16,17
8259,1,2,3,4,5,6,7,8,9,10,11,12,13,14,15,16,17
8260,1,2,3,4,5,6,7,8,9,10,11,12,13,14,15,16,17
8261,1,2,3,4,5,6,7,8,9,10,11,12,13,14,15,16,17
8262,1,2,3,4,5,6,7,8,9,10,11,12,13,14,15,16,17
8263,1,2,3,4,5,6,7,8,9,10,11,12,13,14,15,16,17
8264,1,2,3,4,5,6,7,8,9,10,11,12,13,14,15,16,17
8265,1,2,3,4,5,6,7,8,9,10,11,12,13,14,15,16,17
8266,1,2,3,4,5,6,7,8,9,10,11,12,13,14,15,16,17
8267,1,2,3,4,5,6,7,8,9,10,11,12,13,14,15,16,17
8268,1,2,3,4,5,6,7,8,9,10,11,12,13,14,15,16,17
8269,1,2,3,4,5,6,7,8,9,10,11,12,13,14,15,16,17
8270,1,2,3,4,5,6,7,8,9,10,11,12,13,14,15,16,17
8271,1,2,3,4,5,6,7,8,9,10,11,12,13,14,15,16,17
8272,1,2,3,4,5,6,7,8,9,10,11,12,13,14,15,16,17
8273,1,2,3,4,5,6,7,8,9,10,11,12,13,14,15,16,17
8274,1,2,3,4,5,6,7,8,9,10,11,12,13,14,15,16,17
8275,1,2,3,4,5,6,7,8,9,10,11,12,13,14,15,16,17
8276,1,2,3,4,5,6,7,8,9,10,11,12,13,14,15,16,17
8277,1,2,3,4,5,6,7,8,9,10,11,12,13,14,15,16,17
8278,1,2,3,4,5,6,7,8,9,10,11,12,13,14,15,16,17
8279,1,2,3,4,5,6,7,8,9,10,11,12,13,14,15,16,17
8280,1,2,3,4,5,6,7,8,9,10,11,12,13,14,15,16,17
8281,1,2,3,4,5,6,7,8,9,10,11,12,13,14,15,16,17
8282,1,2,3,4,5,6,7,8,9,10,11,12,13,14,15,16,17
8283,1,2,3,4,5,6,7,8,9,10,11,12,13,14,15,16,17
8284,1,2,3,4,5,6,7,8,9,10,11,12,13,14,15,16,17
8285,1,2,3,4,5,6,7,8,9,10,11,12,13,14,15,16,17
8286,1,2,3,4,5,6,7,8,9,10,11,12,13,14,15,16,17
8287,1,2,3,4,5,6,7,8,9,10,11,12,13,14,15,16,17
8288,1,2,3,4,5,6,7,8,9,10,11,12,13,14,15,16,17
8289,1,2,3,4,5,6,7,8,9,10,11,12,13,14,15,16,17
8290,1,2,3,4,5,6,7,8,9,10,11,12,13,14,15,16,17
8291,1,2,3,4,5,6,7,8,9,10,11,12,13,14,15,16,17
8292,1,2,3,4,5,6,7,8,9,10,11,12,13,14,15,16,17
8293,1,2,3,4,5,6,7,8,9,10,11,12,13,14,15,16,17
8294,1,2,3,4,5,6,7,8,9,10,11,12,13,14,15,16,17
8295,1,2,3,4,5,6,7,8,9,10,11,12,13,14,15,16,17
8296,1,2,3,4,5,6,7,8,9,10,11,12,13,14,15,16,17
8297,1,2,3,4,5,6,7,8,9,10,11,12,13,14,15,16,17
8298,1,2,3,4,5,6,7,8,9,10,11,12,13,14,15,16,17
8299,1,2,3,4,5,6,7,8,9,10,11,12,13,14,15,16,17
8300,1,2,3,4,5,6,7,8,9,10,11,12,13,14,15,16,17
8301,1,2,3,4,5,6,7,8,9,10,11,12,13,14,15,16,17
8302,1,2,3,4,5,6,7,8,9,10,11,12,13,14,15,16,17
8303,1,2,3,4,5,6,7,8,9,10,11,12,13,14,15,16,17
8304,1,2,3,4,5,6,7,8,9,10,11,12,13,14,15,16,17
8305,1,2,3,4,5,6,7,8,9,10,11,12,13,14,15,16,17
8306,1,2,3,4,5,6,7,8,9,10,11,12,13,14,15,16,17
8307,1,2,3,4,5,6,7,8,9,10,11,12,13,14,15,16,17
8308,1,2,3,4,5,6,7,8,9,10,11,12,13,14,15,16,17
8309,1,2,3,4,5,6,7,8,9,10,11,12,13,14,15,16,17
8310,1,2,3,4,5,6,7,8,9,10,11,12,13,14,15,16,17
8311,1,2,3,4,5,6,7,8,9,10,11,12,13,14,15,16,17
8312,1,2,3,4,5,6,7,8,9,10,11,12,13,14,15,16,17
8313,1,2,3,4,5,6,7,8,9,10,11,12,13,14,15,16,17
8314,1,2,3,4,5,6,7,8,9,10,11,12,13,14,15,16,17
8315,1,2,3,4,5,6,7,8,9,10,11,12,13,14,15,16,17
8316,1,2,3,4,5,6,7,8,9,10,11,12,13,14,15,16,17
8317,1,2,3,4,5,6,7,8,9,10,11,12,13,14,15,16,17
8318,1,2,3,4,5,6,7,8,9,10,11,12,13,14,15,16,17
8319,1,2,3,4,5,6,7,8,9,10,11,12,13,14,15,16,17
8320,1,2,3,4,5,6,7,8,9,10,11,12,13,14,15,16,17
8321,1,2,3,4,5,6,7,8,9,10,11,12,13,14,15,16,17
8322,1,2,3,4,5,6,7,8,9,10,11,12,13,14,15,16,17
8323,1,2,3,4,5,6,7,8,9,10,11,12,13,14,15,16,17
8324,1,2,3,4,5,6,7,8,9,10,11,12,13,14,15,16,17
8325,1,2,3,4,5,6,7,8,9,10,11,12,13,14,15,16,17
8326,1,2,3,4,5,6,7,8,9,10,11,12,13,14,15,16,17
8327,1,2,3,4,5,6,7,8,9,10,11,12,13,14,15,16,17
8328,1,2,3,4,5,6,7,8,9,10,11,12,13,14,15,16,17
8329,1,2,3,4,5,6,7,8,9,10,11,12,13,14,15,16,17
8330,1,2,3,4,5,6,7,8,9,10,11,12,13,14,15,16,17
8331,1,2,3,4,5,6,7,8,9,10,11,12,13,14,15,16,17
8332,1,2,3,4,5,6,7,8,9,10,11,12,13,14,15,16,17
8333,1,2,3,4,5,6,7,8,9,10,11,12,13,14,15,16,17
8334,1,2,3,4,5,6,7,8,9,10,11,12,13,14,15,16,17
8335,1,2,3,4,5,6,7,8,9,10,11,12,13,14,15,16,17
8336,1,2,3,4,5,6,7,8,9,10,11,12,13,14,15,16,17
8337,1,2,3,4,5,6,7,8,9,10,11,12,13,14,15,16,17
8338,1,2,3,4,5,6,7,8,9,10,11,12,13,14,15,16,17
8339,1,2,3,4,5,6,7,8,9,10,11,12,13,14,15,16,17
8340,1,2,3,4,5,6,7,8,9,10,11,12,13,14,15,16,17
8341,1,2,3,4,5,6,7,8,9,10,11,12,13,14,15,16,17
8342,1,2,3,4,5,6,7,8,9,10,11,12,13,14,15,16,17
8343,1,2,3,4,5,6,7,8,9,10,11,12,13,14,15,16,17
8344,1,2,3,4,5,6,7,8,9,10,11,12,13,14,15,16,17
8345,1,2,3,4,5,6,7,8,9,10,11,12,13,14,15,16,17
8346,1,2,3,4,5,6,7,8,9,10,11,12,13,14,15,16,17
8347,1,2,3,4,5,6,7,8,9,10,11,12,13,14,15,16,17
8348,1,2,3,4,5,6,7,8,9,10,11,12,13,14,15,16,17
8349,1,2,3,4,5,6,7,8,9,10,11,12,13,14,15,16,17
8350,1,2,3,4,5,6,7,8,9,10,11,12,13,14,15,16,17
8351,1,2,3,4,5,6,7,8,9,10,11,12,13,14,15,16,17
8352,1,2,3,4,5,6,7,8,9,10,11,12,13,14,15,16,17
8353,1,2,3,4,5,6,7,8,9,10,11,12,13,14,15,16,17
8354,1,2,3,4,5,6,7,8,9,10,11,12,13,14,15,16,17
8355,1,2,3,4,5,6,7,8,9,10,11,12,13,14,15,16,17
8356,1,2,3,4,5,6,7,8,9,10,11,12,13,14,15,16,17
8357,1,2,3,4,5,6,7,8,9,10,11,12,13,14,15,16,17
8358,1,2,3,4,5,6,7,8,9,10,11,12,13,14,15,16,17
8359,1,2,3,4,5,6,7,8,9,10,11,12,13,14,15,16,17
8360,1,2,3,4,5,6,7,8,9,10,11,12,13,14,15,16,17
8361,1,2,3,4,5,6,7,8,9,10,11,12,13,14,15,16,17
8362,1,2,3,4,5,6,7,8,9,10,11,12,13,14,15,16,17
8363,1,2,3,4,5,6,7,8,9,10,11,12,13,14,15,16,17
8364,1,2,3,4,5,6,7,8,9,10,11,12,13,14,15,16,17
8365,1,2,3,4,5,6,7,8,9,10,11,12,13,14,15,16,17
8366,1,2,3,4,5,6,7,8,9,10,11,12,13,14,15,16,17
8367,1,2,3,4,5,6,7,8,9,10,11,12,13,14,15,16,17
8368,1,2,3,4,5,6,7,8,9,10,11,12,13,14,15,16,17
8369,1,2,3,4,5,6,7,8,9,10,11,12,13,14,15,16,17
8370,1,2,3,4,5,6,7,8,9,10,11,12,13,14,15,16,17
8371,1,2,3,4,5,6,7,8,9,10,11,12,13,14,15,16,17
8372,1,2,3,4,5,6,7,8,9,10,11,12,13,14,15,16,17
8373,1,2,3,4,5,6,7,8,9,10,11,12,13,14,15,16,17
8374,1,2,3,4,5,6,7,8,9,10,11,12,13,14,15,16,17
8375,1,2,3,4,5,6,7,8,9,10,11,12,13,14,15,16,17
8376,1,2,3,4,5,6,7,8,9,10,11,12,13,14,15,16,17
8377,1,2,3,4,5,6,7,8,9,10,11,12,13,14,15,16,17
8378,1,2,3,4,5,6,7,8,9,10,11,12,13,14,15,16,17
8379,1,2,3,4,5,6,7,8,9,10,11,12,13,14,15,16,17
8380,1,2,3,4,5,6,7,8,9,10,11,12,13,14,15,16,17
8381,1,2,3,4,5,6,7,8,9,10,11,12,13,14,15,16,17
8382,1,2,3,4,5,6,7,8,9,10,11,12,13,14,15,16,17
8383,1,2,3,4,5,6,7,8,9,10,11,12,13,14,15,16,17
8384,1,2,3,4,5,6,7,8,9,10,11,12,13,14,15,16,17
8385,1,2,3,4,5,6,7,8,9,10,11,12,13,14,15,16,17
8386,1,2,3,4,5,6,7,8,9,10,11,12,13,14,15,16,17
8387,1,2,3,4,5,6,7,8,9,10,11,12,13,14,15,16,17
8388,1,2,3,4,5,6,7,8,9,10,11,12,13,14,15,16,17
8389,1,2,3,4,5,6,7,8,9,10,11,12,13,14,15,16,17
8390,1,2,3,4,5,6,7,8,9,10,11,12,13,14,15,16,17
8391,1,2,3,4,5,6,7,8,9,10,11,12,13,14,15,16,17
8392,1,2,3,4,5,6,7,8,9,10,11,12,13,14,15,16,17
8393,1,2,3,4,5,6,7,8,9,10,11,12,13,14,15,16,17
8394,1,2,3,4,5,6,7,8,9,10,11,12,13,14,15,16,17
8395,1,2,3,4,5,6,7,8,9,10,11,12,13,14,15,16,17
8396,1,2,3,4,5,6,7,8,9,10,11,12,13,14,15,16,17
8397,1,2,3,4,5,6,7,8,9,10,11,12,13,14,15,16,17
8398,1,2,3,4,5,6,7,8,9,10,11,12,13,14,15,16,17
8399,1,2,3,4,5,6,7,8,9,10,11,12,13,14,15,16,17
8400,1,2,3,4,5,6,7,8,9,10,11,12,13,14,15,16,17
8401,1,2,3,4,5,6,7,8,9,10,11,12,13,14,15,16,17
8402,1,2,3,4,5,6,7,8,9,10,11,12,13,14,15,16,17
8403,1,2,3,4,5,6,7,8,9,10,11,12,13,14,15,16,17
8404,1,2,3,4,5,6,7,8,9,10,11,12,13,14,15,16,17
8405,1,2,3,4,5,6,7,8,9,10,11,12,13,14,15,16,17
8406,1,2,3,4,5,6,7,8,9,10,11,12,13,14,15,16,17
8407,1,2,3,4,5,6,7,8,9,10,11,12,13,14,15,16,17
8408,1,2,3,4,5,6,7,8,9,10,11,12,13,14,15,16,17
8409,1,2,3,4,5,6,7,8,9,10,11,12,13,14,15,16,17
8410,1,2,3,4,5,6,7,8,9,10,11,12,13,14,15,16,17
8411,1,2,3,4,5,6,7,8,9,10,11,12,13,14,15,16,17
8412,1,2,3,4,5,6,7,8,9,10,11,12,13,14,15,16,17
8413,1,2,3,4,5,6,7,8,9,10,11,12,13,14,15,16,17
8414,1,2,3,4,5,6,7,8,9,10,11,12,13,14,15,16,17
8415,1,2,3,4,5,6,7,8,9,10,11,12,13,14,15,16,17
8416,1,2,3,4,5,6,7,8,9,10,11,12,13,14,15,16,17
8417,1,2,3,4,5,6,7,8,9,10,11,12,13,14,15,16,17
8418,1,2,3,4,5,6,7,8,9,10,11,12,13,14,15,16,17
8419,1,2,3,4,5,6,7,8,9,10,11,12,13,14,15,16,17
8420,1,2,3,4,5,6,7,8,9,10,11,12,13,14,15,16,17
8421,1,2,3,4,5,6,7,8,9,10,11,12,13,14,15,16,17
8422,1,2,3,4,5,6,7,8,9,10,11,12,13,14,15,16,17
8423,1,2,3,4,5,6,7,8,9,10,11,12,13,14,15,16,17
8424,1,2,3,4,5,6,7,8,9,10,11,12,13,14,15,16,17
8425,1,2,3,4,5,6,7,8,9,10,11,12,13,14,15,16,17
8426,1,2,3,4,5,6,7,8,9,10,11,12,13,14,15,16,17
8427,1,2,3,4,5,6,7,8,9,10,11,12,13,14,15,16,17
8428,1,2,3,4,5,6,7,8,9,10,11,12,13,14,15,16,17
8429,1,2,3,4,5,6,7,8,9,10,11,12,13,14,15,16,17
8430,1,2,3,4,5,6,7,8,9,10,11,12,13,14,15,16,17
8431,1,2,3,4,5,6,7,8,9,10,11,12,13,14,15,16,17
8432,1,2,3,4,5,6,7,8,9,10,11,12,13,14,15,16,17
8433,1,2,3,4,5,6,7,8,9,10,11,12,13,14,15,16,17
8434,1,2,3,4,5,6,7,8,9,10,11,12,13,14,15,16,17
8435,1,2,3,4,5,6,7,8,9,10,11,12,13,14,15,16,17
8436,1,2,3,4,5,6,7,8,9,10,11,12,13,14,15,16,17
8437,1,2,3,4,5,6,7,8,9,10,11,12,13,14,15,16,17
8438,1,2,3,4,5,6,7,8,9,10,11,12,13,14,15,16,17
8439,1,2,3,4,5,6,7,8,9,10,11,12,13,14,15,16,17
8440,1,2,3,4,5,6,7,8,9,10,11,12,13,14,15,16,17
8441,1,2,3,4,5,6,7,8,9,10,11,12,13,14,15,16,17
8442,1,2,3,4,5,6,7,8,9,10,11,12,13,14,15,16,17
8443,1,2,3,4,5,6,7,8,9,10,11,12,13,14,15,16,17
8444,1,2,3,4,5,6,7,8,9,10,11,12,13,14,15,16,17
8445,1,2,3,4,5,6,7,8,9,10,11,12,13,14,15,16,17
8446,1,2,3,4,5,6,7,8,9,10,11,12,13,14,15,16,17
8447,1,2,3,4,5,6,7,8,9,10,11,12,13,14,15,16,17
8448,1,2,3,4,5,6,7,8,9,10,11,12,13,14,15,16,17
8449,1,2,3,4,5,6,7,8,9,10,11,12,13,14,15,16,17
8450,1,2,3,4,5,6,7,8,9,10,11,12,13,14,15,16,17
8451,1,2,3,4,5,6,7,8,9,10,11,12,13,14,15,16,17
8452,1,2,3,4,5,6,7,8,9,10,11,12,13,14,15,16,17
8453,1,2,3,4,5,6,7,8,9,10,11,12,13,14,15,16,17
8454,1,2,3,4,5,6,7,8,9,10,11,12,13,14,15,16,17
8455,1,2,3,4,5,6,7,8,9,10,11,12,13,14,15,16,17
8456,1,2,9,4,5,6,7,8,9,10,11,12,13,14,15,16,17
8457,1,2,3,4,5,6,7,8,9,10,11,12,13,14,15,16,17
8458,1,2,3,4,5,6,7,8,9,10,11,12,13,14,15,16,17
8459,1,2,3,4,5,6,7,8,9,10,11,12,13,14,15,16,17
8460,1,2,3,4,5,6,7,8,9,10,11,12,13,14,15,16,17
8461,1,2,3,4,5,6,7,8,9,10,11,12,13,14,15,16,17
8462,1,2,3,4,5,6,7,8,9,10,11,12,13,14,15,16,17
8463,1,2,3,4,5,6,7,8,9,10,11,12,13,14,15,16,17
8464,1,2,3,4,5,6,7,8,9,10,11,12,13,14,15,16,17
8465,1,2,3,4,5,6,7,8,9,10,11,12,13,14,15,16,17
8466,1,2,3,4,5,6,7,8,9,10,11,12,13,14,15,16,17
8467,1,2,3,4,5,6,7,8,9,10,11,12,13,14,15,16,17
8468,1,2,3,4,5,6,7,8,9,10,11,12,13,14,15,16,17
8469,1,2,3,4,5,6,7,8,9,10,11,12,13,14,15,16,17
8470,1,2,3,4,5,6,7,8,9,10,11,12,13,14,15,16,17
8471,1,2,3,4,5,6,7,8,9,10,11,12,13,14,15,16,17
8472,1,2,3,4,5,6,7,8,9,10,11,12,13,14,15,16,17
8473,1,2,3,4,5,6,7,8,9,10,11,12,13,14,15,16,17
8474,1,2,3,4,5,6,7,8,9,10,11,12,13,14,15,16,17
8475,1,2,3,4,5,6,7,8,9,10,11,12,13,14,15,16,17
8476,1,2,3,4,5,6,7,8,9,10,11,12,13,14,15,16,17
8477,1,2,3,4,5,6,7,8,9,10,11,12,13,14,15,16,17
8478,1,2,3,4,5,6,7,8,9,10,11,12,13,14,15,16,17
8479,1,2,3,4,5,6,7,8,9,10,11,12,13,14,15,16,17
8480,1,2,3,4,5,6,7,8,9,10,11,12,13,14,15,16,17
8481,1,2,3,4,5,6,7,8,9,10,11,12,13,14,15,16,17
8482,1,2,3,4,5,6,7,8,9,10,11,12,13,14,15,16,17
8483,1,2,3,4,5,6,7,8,9,10,11,12,13,14,15,16,17
8484,1,2,3,4,5,6,7,8,9,10,11,12,13,14,15,16,17
8485,1,2,3,4,5,6,7,8,9,10,11,12,13,14,15,16,17
8486,1,2,3,4,5,6,7,8,9,10,11,12,13,14,15,16,17
8487,1,2,3,4,5,6,7,8,9,10,11,12,13,14,15,16,17
8488,1,2,3,4,5,6,7,8,9,10,11,12,13,14,15,16,17
8489,1,2,3,4,5,6,7,8,9,10,11,12,13,14,15,16,17
8490,1,2,3,4,5,6,7,8,9,10,11,12,13,14,15,16,17
8491,1,2,3,4,5,6,7,8,9,10,11,12,13,14,15,16,17
8492,1,2,3,4,5,6,7,8,9,10,11,12,13,14,15,16,17
8493,1,2,3,4,5,6,7,8,9,10,11,12,13,14,15,16,17
8494,1,2,3,4,5,6,7,8,9,10,11,12,13,14,15,16,17
8495,1,2,3,4,5,6,7,8,9,10,11,12,13,14,15,16,17
8496,1,2,3,4,5,6,7,8,9,10,11,12,13,14,15,16,17
8497,1,2,3,4,5,6,7,8,9,10,11,12,13,14,15,16,17
8498,1,2,3,4,5,6,7,8,9,10,11,12,13,14,15,16,17
8499,1,2,3,4,5,6,7,8,9,10,11,12,13,14,15,16,17
8500,1,2,3,4,5,6,7,8,9,10,11,12,13,14,15,16,17
8501,1,2,3,4,5,6,7,8,9,10,11,12,13,14,15,16,17
8502,1,2,3,4,5,6,7,8,9,10,11,12,13,14,15,16,17
8503,1,2,3,4,5,6,7,8,9,10,11,12,13,14,15,16,17
8504,1,2,3,4,5,6,7,8,9,10,11,12,13,14,15,16,17
8505,1,2,3,4,5,6,7,8,9,10,11,12,13,14,15,16,17
8506,1,2,3,4,5,6,7,8,9,10,11,12,13,14,15,16,17
8507,1,2,3,4,5,6,7,8,9,10,11,12,13,14,15,16,17
8508,1,2,3,4,5,6,7,8,9,10,11,12,13,14,15,16,17
8509,1,2,3,4,5,6,7,8,9,10,11,12,13,14,15,16,17
8510,1,2,3,4,5,6,7,8,9,10,11,12,13,14,15,16,17
8511,1,2,3,4,5,6,7,8,9,10,11,12,13,14,15,16,17
8512,1,2,3,4,5,6,7,8,9,10,11,12,13,14,15,16,17
8513,1,2,3,4,5,6,7,8,9,10,11,12,13,14,15,16,17
8514,1,2,3,4,5,6,7,8,9,10,11,12,13,14,15,16,17
8515,1,2,3,4,5,6,7,8,9,10,11,12,13,14,15,16,17
8516,1,2,3,4,5,6,7,8,9,10,11,12,13,14,15,16,17
8517,1,2,3,4,5,6,7,8,9,10,11,12,13,14,15,16,17
8518,1,2,3,4,5,6,7,8,9,10,11,12,13,14,15,16,17
8519,1,2,3,4,5,6,7,8,9,10,11,12,13,14,15,16,17
8520,1,2,3,4,5,6,7,8,9,10,11,12,13,14,15,16,17
8521,1,2,3,4,5,6,7,8,9,10,11,12,13,14,15,16,17
8522,1,2,3,4,5,6,7,8,9,10,11,12,13,14,15,16,17
8523,1,2,3,4,5,6,7,8,9,10,11,12,13,14,15,16,17
8524,1,2,3,4,5,6,7,8,9,10,11,12,13,14,15,16,17
8525,1,2,3,4,5,6,7,8,9,10,11,12,13,14,15,16,17
8526,1,2,3,4,5,6,7,8,9,10,11,12,13,14,15,16,17
8527,1,2,3,4,5,6,7,8,9,10,11,12,13,14,15,16,17
8528,1,2,3,4,5,6,7,8,9,10,11,12,13,14,15,16,17
8529,1,2,3,4,5,6,7,8,9,10,11,12,13,14,15,16,17
8530,1,2,3,4,5,6,7,8,9,10,11,12,13,14,15,16,17
8531,1,2,3,4,5,6,7,8,9,10,11,12,13,14,15,16,17
8532,1,2,3,4,5,6,7,8,9,10,11,12,13,14,15,16,17
8533,1,2,3,4,5,6,7,8,9,10,11,12,13,14,15,16,17
8534,1,2,3,4,5,6,7,8,9,10,11,12,13,14,15,16,17
8535,1,2,3,4,5,6,7,8,9,10,11,12,13,14,15,16,17
8536,1,2,3,4,5,6,7,8,9,10,11,12,13,14,15,16,17
8537,1,2,3,4,5,6,7,8,9,10,11,12,13,14,15,16,17
8538,1,2,3,4,5,6,7,8,9,10,11,12,13,14,15,16,17
8539,1,2,3,4,5,6,7,8,9,10,11,12,13,14,15,16,17
8540,1,2,3,4,5,6,7,8,9,10,11,12,13,14,15,16,17
8541,1,2,3,4,5,6,7,8,9,10,11,12,13,14,15,16,17
8542,1,2,3,4,5,6,7,8,9,10,11,12,13,14,15,16,17
8543,1,2,3,4,5,6,7,8,9,10,11,12,13,14,15,16,17
8544,1,2,3,4,5,6,7,8,9,10,11,12,13,14,15,16,17
8545,1,2,3,4,5,6,7,8,9,10,11,12,13,14,15,16,17
8546,1,2,3,4,5,6,7,8,9,10,11,12,13,14,15,16,17
8547,1,2,3,4,5,6,7,8,9,10,11,12,13,14,15,16,17
8548,1,2,3,4,5,6,7,8,9,10,11,12,13,14,15,16,17
8549,1,2,3,4,5,6,7,8,9,10,11,12,13,14,15,16,17
8550,1,2,3,4,5,6,7,8,9,10,11,12,13,14,15,16,17
8551,1,2,3,4,5,6,7,8,9,10,11,12,13,14,15,16,17
8552,1,2,3,4,5,6,7,8,9,10,11,12,13,14,15,16,17
8553,1,2,3,4,5,6,7,8,9,10,11,12,13,14,15,16,17
8554,1,2,3,4,5,6,7,8,9,10,11,12,13,14,15,16,17
8555,1,2,3,4,5,6,7,8,9,10,11,12,13,14,15,16,17
8556,1,2,3,4,5,6,7,8,9,10,11,12,13,14,15,16,17
8557,1,2,3,4,5,6,7,8,9,10,11,12,13,14,15,16,17
8558,1,2,3,4,5,6,7,8,9,10,11,12,13,14,15,16,17
8559,1,2,3,4,5,6,7,8,9,10,11,12,13,14,15,16,17
8560,1,2,3,4,5,6,7,8,9,10,11,12,13,14,15,16,17
8561,1,2,3,4,5,6,7,8,9,10,11,12,13,14,15,16,17
8562,1,2,3,4,5,6,7,8,9,10,11,12,13,14,15,16,17
8563,1,2,3,4,5,6,7,8,9,10,11,12,13,14,15,16,17
8564,1,2,3,4,5,6,7,8,9,10,11,12,13,14,15,16,17
8565,1,2,3,4,5,6,7,8,9,10,11,12,13,14,15,16,17
8566,1,2,3,4,5,6,7,8,9,10,11,12,13,14,15,16,17
8567,1,2,3,4,5,6,7,8,9,10,11,12,13,14,15,16,17
8568,1,2,3,4,5,6,7,8,9,10,11,12,13,14,15,16,17
8569,1,2,3,4,5,6,7,8,9,10,11,12,13,14,15,16,17
8570,1,2,3,4,5,6,7,8,9,10,11,12,13,14,15,16,17
8571,1,2,3,4,5,6,7,8,9,10,11,12,13,14,15,16,17
8572,1,2,3,4,5,6,7,8,9,10,11,12,13,14,15,16,17
8573,1,2,3,4,5,6,7,8,9,10,11,12,13,14,15,16,17
8574,1,2,3,4,5,6,7,8,9,10,11,12,13,14,15,16,17
8575,1,2,3,4,5,6,7,8,9,10,11,12,13,14,15,16,17
8576,1,2,3,4,5,6,7,8,9,10,11,12,13,14,15,16,17
8577,1,2,3,4,5,6,7,8,9,10,11,12,13,14,15,16,17
8578,1,2,3,4,5,6,7,8,9,10,11,12,13,14,15,16,17
8579,1,2,3,4,5,6,7,8,9,10,11,12,13,14,15,16,17
8580,1,2,3,4,5,6,7,8,9,10,11,12,13,14,15,16,17
8581,1,2,3,4,5,6,7,8,9,10,11,12,13,14,15,16,17
8582,1,2,3,4,5,6,7,8,9,10,11,12,13,14,15,16,17
8583,1,2,3,4,5,6,7,8,9,10,11,12,13,14,15,16,17
8584,1,2,3,4,5,6,7,8,9,10,11,12,13,14,15,16,17
8585,1,2,3,4,5,6,7,8,9,10,11,12,13,14,15,16,17
8586,1,2,3,4,5,6,7,8,9,10,11,12,13,14,15,16,17
8587,1,2,3,4,5,6,7,8,9,10,11,12,13,14,15,16,17
8588,1,2,3,4,5,6,7,8,9,10,11,12,13,14,15,16,17
8589,1,2,3,4,5,6,7,8,9,10,11,12,13,14,15,16,17
8590,1,2,3,4,5,6,7,8,9,10,11,12,13,14,15,16,17
8591,1,2,3,4,5,6,7,8,9,10,11,12,13,14,15,16,17
8592,1,2,3,4,5,6,7,8,9,10,11,12,13,14,15,16,17
8593,1,2,3,4,5,6,7,8,9,10,11,12,13,14,15,16,17
8594,1,2,3,4,5,6,7,8,9,10,11,12,13,14,15,16,17
8595,1,2,3,4,5,6,7,8,9,10,11,12,13,14,15,16,17
8596,1,2,3,4,5,6,7,8,9,10,11,12,13,14,15,16,17
8597,1,2,3,4,5,6,7,8,9,10,11,12,13,14,15,16,17
8598,1,2,3,4,5,6,7,8,9,10,11,12,13,14,15,16,17
8599,1,1,7,13,5,6,7,8,9,10,11,12,13,14,15,16,17
8600,1,2,3,4,5,6,7,8,9,10,11,12,13,14,15,16,17
8601,1,2,3,4,5,6,7,8,9,10,11,12,13,14,15,16,17
8602,1,2,3,4,5,6,7,8,9,10,11,12,13,14,15,16,17
8603,1,2,3,4,5,6,7,8,9,10,11,12,13,14,15,16,17
8604,1,2,3,4,5,6,7,8,9,10,11,12,13,14,15,16,17
8605,1,15,3,4,5,6,7,8,9,10,11,12,13,14,15,16,17
8606,1,2,3,4,5,6,7,8,9,10,11,12,13,14,15,16,17
8607,1,2,3,4,5,6,7,8,9,10,11,12,13,14,15,16,17
8608,1,2,3,4,5,6,7,8,9,10,11,12,13,14,15,16,17
8609,1,2,3,4,5,6,7,8,9,10,11,12,13,14,15,16,17
8610,1,2,3,4,5,6,7,8,9,10,11,12,13,14,15,16,17
8611,1,2,3,4,5,6,7,8,9,10,11,12,13,14,15,16,17
8612,1,2,3,4,5,6,7,8,9,10,11,12,13,14,15,16,17
8613,1,2,3,4,5,6,7,8,9,10,11,12,13,14,15,16,17
8614,1,2,3,4,5,6,7,8,9,10,11,12,13,14,15,16,17
8615,1,2,3,4,5,6,7,8,9,10,11,12,13,14,15,16,17
8616,1,2,3,4,5,6,7,8,9,10,11,12,13,14,15,16,17
8617,1,2,3,4,5,6,7,8,9,10,11,12,13,14,15,16,17
8618,1,2,3,4,5,6,7,8,9,10,11,12,13,14,15,16,17
8619,1,2,3,4,5,6,7,8,9,10,11,12,13,14,15,16,17
8620,1,2,3,4,5,6,7,8,9,10,11,12,13,14,15,16,17
8621,1,2,3,4,5,6,7,8,9,10,11,12,13,14,15,16,17
8622,1,2,3,4,5,6,7,8,9,10,11,12,13,14,15,16,17
8623,1,2,3,4,5,6,7,8,9,10,11,12,13,14,15,16,17
8624,1,2,3,4,5,6,7,8,9,10,11,12,13,14,15,16,17
8625,1,2,3,4,5,6,7,8,9,10,11,12,13,14,15,16,17
8626,1,2,3,4,5,6,7,8,9,10,11,12,13,14,15,16,17
8627,1,2,3,4,5,6,7,8,9,10,11,12,13,14,15,16,17
8628,1,2,3,4,5,6,7,8,9,10,11,12,13,14,15,16,17
8629,1,2,3,4,5,6,7,8,9,10,11,12,13,14,15,16,17
8630,1,2,3,4,5,6,7,8,9,10,11,12,13,14,15,16,17
8631,1,2,3,4,5,6,7,8,9,10,11,12,13,14,15,16,17
8632,1,2,3,4,5,6,7,8,9,10,11,12,13,14,15,16,17
8633,1,2,3,4,5,6,7,8,9,10,11,12,13,14,15,16,17
8634,1,2,3,4,5,6,7,8,9,10,11,12,13,14,15,16,17
8635,1,2,3,4,5,6,7,8,9,10,11,12,13,14,15,16,17
8636,1,2,3,4,5,6,7,8,9,10,11,12,13,14,15,16,17
8637,1,2,3,4,5,6,7,8,9,10,11,12,13,14,15,16,17
8638,1,2,3,4,5,6,7,8,9,10,11,12,13,14,15,16,17
8639,1,2,3,4,5,6,7,8,9,10,11,12,13,14,15,16,17
8640,1,2,3,4,5,6,7,8,9,10,11,12,13,14,15,16,17
8641,1,2,3,4,5,6,7,8,9,10,11,12,13,14,15,16,17
8642,1,2,3,4,5,6,7,8,9,10,11,12,13,14,15,16,17
8643,1,2,3,4,5,6,7,8,9,10,11,12,13,14,15,16,17
8644,1,2,3,4,5,6,7,8,9,10,11,12,13,14,15,16,17
8645,1,2,3,4,5,6,7,8,9,10,11,12,13,14,15,16,17
8646,1,2,3,4,5,6,7,8,9,10,11,12,13,14,15,16,17
8647,1,2,3,4,5,6,7,8,9,10,11,12,13,14,15,16,17
8648,1,2,3,4,5,6,7,8,9,10,11,12,13,14,15,16,17
8649,1,2,3,4,5,6,7,8,9,10,11,12,13,14,15,16,17
8650,1,2,3,4,5,6,7,8,9,10,11,12,13,14,15,16,17
8651,1,2,3,4,5,6,7,8,9,10,11,12,13,14,15,16,17
8652,1,2,3,4,5,6,7,8,9,10,11,12,13,14,15,16,17
8653,1,2,3,4,5,6,7,8,9,10,11,12,13,14,15,16,17
8654,1,2,3,4,5,6,7,8,9,10,11,12,13,14,15,16,17
8655,1,2,3,4,5,6,7,8,9,10,11,12,13,14,15,16,17
8656,1,2,3,4,5,6,7,8,9,10,11,12,13,14,15,16,17
8657,1,2,3,4,5,6,7,8,9,10,11,12,13,14,15,16,17
8658,1,2,3,4,5,6,7,8,9,10,11,12,13,14,15,16,17
8659,1,2,3,4,5,6,7,8,9,10,11,12,13,14,15,16,17
8660,1,2,3,4,5,6,7,8,9,10,11,12,13,14,15,16,17
8661,1,2,3,4,5,6,7,8,9,10,11,12,13,14,15,16,17
8662,1,2,3,4,5,6,7,8,9,10,11,12,13,14,15,16,17
8663,1,2,3,4,5,6,7,8,9,10,11,12,13,14,15,16,17
8664,1,2,3,4,5,6,7,8,9,10,11,12,13,14,15,16,17
8665,1,2,3,4,5,6,7,8,9,10,11,12,13,14,15,16,17
8666,1,2,3,4,5,6,7,8,9,10,11,12,13,14,15,16,17
8667,1,2,3,4,5,6,7,8,9,10,11,12,13,14,15,16,17
8668,1,2,3,4,5,6,7,8,9,10,11,12,13,14,15,16,17
8669,1,2,3,4,5,6,7,8,9,10,11,12,13,14,15,16,17
8670,1,2,3,4,5,6,7,8,9,10,11,12,13,14,15,16,17
8671,1,2,3,4,5,6,7,8,9,10,11,12,13,14,15,16,17
8672,1,2,3,4,5,6,7,8,9,10,11,12,13,14,15,16,17
8673,1,2,3,4,5,6,7,8,9,10,11,12,13,14,15,16,17
8674,1,2,3,4,5,6,7,8,9,10,11,12,13,14,15,16,17
8675,1,2,3,4,5,6,7,8,9,10,11,12,13,14,15,16,17
8676,1,2,3,4,5,6,7,8,9,10,11,12,13,14,15,16,17
8677,1,2,3,4,5,6,7,8,9,10,11,12,13,14,15,16,17
8678,1,2,3,4,5,6,7,8,9,10,11,12,13,14,15,16,17
8679,1,2,3,4,5,6,7,8,9,10,11,12,13,14,15,16,17
8680,1,2,3,4,5,6,7,8,9,10,11,12,13,14,15,16,17
8681,1,2,3,4,5,6,7,8,9,10,11,12,13,14,15,16,17
8682,1,2,3,4,5,6,7,8,9,10,11,12,13,14,15,16,17
8683,1,2,3,4,5,6,7,8,9,10,11,12,13,14,15,16,17
8684,1,2,3,4,5,6,7,8,9,10,11,12,13,14,15,16,17
8685,1,2,3,4,5,6,7,8,9,10,11,12,13,14,15,16,17
8686,1,2,3,4,5,6,7,8,9,10,11,12,13,14,15,16,17
8687,1,2,3,4,5,6,7,8,9,10,11,12,13,14,15,16,17
8688,1,2,3,4,5,6,7,8,9,10,11,12,13,14,15,16,17
8689,1,2,3,4,5,6,7,8,9,10,11,12,13,14,15,16,17
8690,1,2,3,4,5,6,7,8,9,10,11,12,13,14,15,16,17
8691,1,2,3,4,5,6,7,8,9,10,11,12,13,14,15,16,17
8692,1,2,3,4,5,6,7,8,9,10,11,12,13,14,15,16,17
8693,1,2,3,4,5,6,7,8,9,10,11,12,13,14,15,16,17
8694,1,2,3,4,5,6,7,8,9,10,11,12,13,14,15,16,17
8695,1,2,3,4,5,6,7,8,9,10,11,12,13,14,15,16,17
8696,1,2,3,4,5,6,7,8,9,10,11,12,13,14,15,16,17
8697,1,2,3,4,5,6,7,8,9,10,11,12,13,14,15,16,17
8698,1,2,3,4,5,6,7,8,9,10,11,12,13,14,15,16,17
8699,1,2,3,4,5,6,7,8,9,10,11,12,13,14,15,16,17
8700,1,2,3,4,5,6,7,8,9,10,11,12,13,14,15,16,17
8701,1,2,3,4,5,6,7,8,9,10,11,12,13,14,15,16,17
8702,1,2,3,4,5,6,7,8,9,10,11,12,13,14,15,16,17
8703,1,2,3,4,5,6,7,8,9,10,11,12,13,14,15,16,17
8704,1,2,3,4,5,6,7,8,9,10,11,12,13,14,15,16,17
8705,1,2,3,4,5,6,7,8,9,10,11,12,13,14,15,16,17
8706,1,2,3,4,5,6,7,8,9,10,11,12,13,14,15,16,17
8707,1,2,3,4,5,6,7,8,9,10,11,12,13,14,15,16,17
8708,1,2,3,4,5,6,7,8,9,10,11,12,13,14,15,16,17
8709,1,2,3,4,5,6,7,8,9,10,11,12,13,14,15,16,17
8710,1,2,3,4,5,6,7,8,9,10,11,12,13,14,15,16,17
8711,1,2,3,4,5,6,7,8,9,10,11,12,13,14,15,16,17
8712,1,2,3,4,5,6,7,8,9,10,11,12,13,14,15,16,17
8713,1,2,3,4,5,6,7,8,9,10,11,12,13,14,15,16,17
8714,1,2,3,4,5,6,7,8,9,10,11,12,13,14,15,16,17
8715,1,2,3,4,5,6,7,8,9,10,11,12,13,14,15,16,17
8716,1,2,3,4,5,6,7,8,9,10,11,12,13,14,15,16,17
8717,1,2,3,4,5,6,7,8,9,10,11,12,13,14,15,16,17
8718,1,2,3,4,5,6,7,8,9,10,11,12,13,14,15,16,17
8719,1,2,3,4,5,6,7,8,9,10,11,12,13,14,15,16,17
8720,1,2,3,4,5,6,7,8,9,10,11,12,13,14,15,16,17
8721,1,2,3,4,5,6,7,8,9,10,11,12,13,14,15,16,17
8722,1,2,3,4,5,6,7,8,9,10,11,12,13,14,15,16,17
8723,1,2,3,4,5,6,7,8,9,10,11,12,13,14,15,16,17
8724,1,2,3,4,5,6,7,8,9,10,11,12,13,14,15,16,17
8725,1,2,3,4,5,6,7,8,9,10,11,12,13,14,15,16,17
8726,1,2,3,4,5,6,7,8,9,10,11,12,13,14,15,16,17
8727,1,2,3,4,5,6,7,8,9,10,11,12,13,14,15,16,17
8728,1,2,3,4,5,6,7,8,9,10,11,12,13,14,15,16,17
8729,1,2,3,4,5,6,7,8,9,10,11,12,13,14,15,16,17
8730,3,2,3,4,4,6,7,8,9,6,7,12,8,9,15,12,15
8731,2,2,3,4,5,6,7,8,9,10,11,12,5,14,15,9,12
8732,1,2,3,4,5,6,7,8,9,10,11,12,13,14,15,16,17
8733,1,2,3,4,5,6,7,8,9,10,11,12,13,14,15,16,17
8734,1,2,3,4,5,6,7,8,9,10,11,12,13,14,15,16,17
8735,1,2,3,4,5,6,7,8,9,10,11,12,13,14,15,16,17
8736,1,2,3,4,5,6,7,8,9,10,11,12,13,14,15,16,17
8737,1,2,3,4,5,6,7,8,9,10,11,12,13,14,15,16,17
8738,1,2,3,4,5,6,7,8,9,10,11,12,13,14,15,16,17
8739,1,2,3,4,5,6,7,8,9,10,11,12,13,14,15,16,17
8740,1,2,3,4,5,6,7,8,9,10,11,12,13,14,15,16,17
8741,1,2,3,4,5,6,7,8,9,10,11,12,13,14,15,16,17
8742,1,2,3,4,5,6,7,8,9,10,11,12,13,14,15,16,17
8743,1,2,3,4,5,6,7,8,9,10,11,12,13,14,15,16,17
8744,1,2,3,4,5,6,7,8,9,10,11,12,13,14,15,16,17
8745,1,2,3,4,5,6,7,8,9,10,11,12,13,14,15,16,17
8746,1,2,3,4,5,6,7,8,9,10,11,12,13,14,15,16,17
8747,1,1,8,11,13,16,7,8,9,10,11,12,13,14,15,16,17
8748,1,1,10,11,13,14,16,8,17,10,11,12,13,14,15,16,17
8749,1,3,3,4,5,6,7,8,9,10,11,12,13,14,15,16,17
8750,1,2,3,4,5,6,7,8,9,10,11,12,13,14,15,16,17
8751,1,2,3,4,5,6,7,8,9,10,11,12,13,14,15,16,17
8752,1,2,3,4,5,6,7,8,9,10,11,12,13,14,15,16,17
8753,1,2,3,4,5,6,7,8,9,10,11,12,13,14,15,16,17
8754,1,2,3,4,5,6,7,8,9,10,11,12,13,14,15,16,17
8755,1,2,3,4,5,6,7,8,9,10,11,12,13,14,15,16,17
8756,1,2,3,4,5,6,7,8,9,10,11,12,13,14,15,16,17
8757,1,2,3,4,5,6,7,8,9,10,11,12,13,14,15,16,17
8758,1,2,3,4,5,6,7,8,9,10,11,12,13,14,15,16,17
8759,1,2,3,4,5,6,7,8,9,10,11,12,13,14,15,16,17
8760,1,2,3,4,5,6,7,8,9,10,11,12,13,14,15,16,17
8761,1,2,3,4,5,6,7,8,9,10,11,12,13,14,15,16,17
8762,1,2,3,4,5,6,7,8,9,10,11,12,13,14,15,16,17
8763,1,2,3,4,5,6,7,8,9,10,11,12,13,14,15,16,17
8764,1,2,3,4,5,6,7,8,9,10,11,12,13,14,15,16,17
8765,1,2,3,4,5,6,7,8,9,10,11,12,13,14,15,16,17
8766,1,2,3,4,5,6,7,8,9,10,11,12,13,14,15,16,17
8767,1,2,3,4,5,6,7,8,9,10,11,12,13,14,15,16,17
8768,1,2,3,4,5,6,7,8,9,10,11,12,13,14,15,16,17
8769,1,2,3,4,5,6,7,8,9,10,11,12,13,14,15,16,17
8770,1,2,3,4,5,6,7,8,9,10,11,12,13,14,15,16,17
8771,1,2,3,4,5,6,7,8,9,10,11,12,13,14,15,16,17
8772,1,2,3,4,5,6,7,8,9,10,11,12,13,14,15,16,17
8773,1,2,3,4,5,6,7,8,9,10,11,12,13,14,15,16,17
8774,1,2,3,4,5,6,7,8,9,10,11,12,13,14,15,16,17
8775,1,2,3,4,5,6,7,8,9,10,11,12,13,14,15,16,17
8776,1,2,3,4,5,6,7,8,9,10,11,12,13,14,15,16,17
8777,1,2,3,4,5,6,7,8,9,10,11,12,13,14,15,16,17
8778,1,2,3,4,5,6,7,8,9,10,11,12,13,14,15,16,17
8779,1,2,3,4,5,6,7,8,9,10,11,12,13,14,15,16,17
8780,1,2,3,4,5,6,7,8,9,10,11,12,13,14,15,16,17
8781,1,2,3,4,5,6,7,8,9,10,11,12,13,14,15,16,17
8782,1,2,3,4,5,6,7,8,9,10,11,12,13,14,15,16,17
8783,1,2,3,4,5,6,7,8,9,10,11,12,13,14,15,16,17
8784,1,2,3,4,5,6,7,8,9,10,11,12,13,14,15,16,17
8785,1,2,3,4,5,6,7,8,9,10,11,12,13,14,15,16,17
8786,1,2,3,4,5,6,7,8,9,10,11,12,13,14,15,16,17
8787,1,2,3,4,5,6,7,8,9,10,11,12,13,14,15,16,17
8788,1,2,3,4,5,6,7,8,9,10,11,12,13,14,15,16,17
8789,1,2,3,4,5,6,7,8,9,10,11,12,13,14,15,16,17
8790,1,2,3,4,5,6,7,8,9,10,11,12,13,14,15,16,17
8791,1,2,3,4,5,6,7,8,9,10,11,12,13,14,15,16,17
8792,1,2,3,4,5,6,7,8,9,10,11,12,13,14,15,16,17
8793,1,2,3,4,5,6,7,8,9,10,11,12,13,14,15,16,17
8794,1,2,3,4,5,6,7,8,9,10,11,12,13,14,15,16,17
8795,1,2,3,4,5,6,7,8,9,10,11,12,13,14,15,16,17
8796,1,2,3,4,5,6,7,8,9,10,11,12,13,14,15,16,17
8797,1,2,3,4,5,6,7,8,9,10,11,12,13,14,15,16,17
8798,1,2,3,4,5,6,7,8,9,10,11,12,13,14,15,16,17
8799,1,2,3,4,5,6,7,8,9,10,11,12,13,14,15,16,17
8800,1,2,3,4,5,6,7,8,9,10,11,12,13,14,15,16,17
8801,1,2,3,4,5,6,7,8,9,10,11,12,13,14,15,16,17
8802,1,2,3,4,5,6,7,8,9,10,11,12,13,14,15,16,17
8803,1,2,3,4,5,6,7,8,9,10,11,12,13,14,15,16,17
8804,1,2,3,4,5,6,7,8,9,10,11,12,13,14,15,16,17
8805,1,2,3,4,5,6,7,8,9,10,11,12,13,14,15,16,17
8806,1,2,3,4,5,6,7,8,9,10,11,12,13,14,15,16,17
8807,1,2,3,4,5,6,7,8,9,10,11,12,13,14,15,16,17
8808,1,2,3,4,5,6,7,8,9,10,11,12,13,14,15,16,17
8809,1,2,3,4,5,6,7,8,9,10,11,12,13,14,15,16,17
8810,1,2,3,4,5,6,7,8,9,10,11,12,13,14,15,16,17
8811,1,2,3,4,5,6,7,8,9,10,11,12,13,14,15,16,17
8812,1,2,3,4,5,6,7,8,9,10,11,12,13,14,15,16,17
8813,1,2,3,4,5,6,7,8,9,10,11,12,13,14,15,16,17
8814,1,2,3,4,5,6,7,8,9,10,11,12,13,14,15,16,17
8815,1,2,3,4,5,6,7,8,9,10,11,12,13,14,15,16,17
8816,1,2,3,4,5,6,7,8,9,10,11,12,13,14,15,16,17
8817,1,2,3,4,5,6,7,8,9,10,11,12,13,14,15,16,17
8818,1,2,3,4,5,6,7,8,9,10,11,12,13,14,15,16,17
8819,1,2,3,4,5,6,7,8,9,10,11,12,13,14,15,16,17
8820,1,2,3,4,5,6,7,8,9,10,11,12,13,14,15,16,17
8821,1,2,3,4,5,6,7,8,9,10,11,12,13,14,15,16,17
8822,1,2,3,4,5,6,7,8,9,10,11,12,13,14,15,16,17
8823,1,2,3,4,5,6,7,8,9,10,11,12,13,14,15,16,17
8824,1,2,3,4,5,6,7,8,9,10,11,12,13,14,15,16,17
8825,1,2,3,4,5,6,7,8,9,10,11,12,13,14,15,16,17
8826,1,2,3,4,5,6,7,8,9,10,11,12,13,14,15,16,17
8827,1,2,3,4,5,6,7,8,9,10,11,12,13,14,15,16,17
8828,1,2,3,4,5,6,7,8,9,10,11,12,13,14,15,16,17
8829,1,2,3,4,5,6,7,8,9,10,11,12,13,14,15,16,17
8830,1,2,3,4,5,6,7,8,9,10,11,12,13,14,15,16,17
8831,1,2,3,4,5,6,7,8,9,10,11,12,13,14,15,16,17
8832,1,2,3,4,5,6,7,8,9,10,11,12,13,14,15,16,17
8833,1,2,3,4,5,6,7,8,9,10,11,12,13,14,15,16,17
8834,1,2,3,4,5,6,7,8,9,10,11,12,13,14,15,16,17
8835,1,2,3,4,5,6,7,8,9,10,11,12,13,14,15,16,17
8836,1,2,3,4,5,6,7,8,9,10,11,12,13,14,15,16,17
8837,1,2,3,4,5,6,7,8,9,10,11,12,13,14,15,16,17
8838,1,2,3,4,5,6,7,8,9,10,11,12,13,14,15,16,17
8839,1,2,3,4,5,6,7,8,9,10,11,12,13,14,15,16,17
8840,1,2,3,4,5,6,7,8,9,10,11,12,13,14,15,16,17
8841,1,2,3,4,5,6,7,8,9,10,11,12,13,14,15,16,17
8842,1,2,3,4,5,6,7,8,9,10,11,12,13,14,15,16,17
8843,1,2,3,4,5,6,7,8,9,10,11,12,13,14,15,16,17
8844,1,2,3,4,5,6,7,8,9,10,11,12,13,14,15,16,17
8845,1,2,3,4,5,6,7,8,9,10,11,12,13,14,15,16,17
8846,1,2,3,4,5,6,7,8,9,10,11,12,13,14,15,16,17
8847,1,2,3,4,5,6,7,8,9,10,11,12,13,14,15,16,17
8848,1,2,3,4,5,6,7,8,9,10,11,12,13,14,15,16,17
8849,1,2,3,4,5,6,7,8,9,10,11,12,13,14,15,16,17
8850,1,2,3,4,5,6,7,8,9,10,11,12,13,14,15,16,17
8851,1,2,3,4,5,6,7,8,9,10,11,12,13,14,15,16,17
8852,1,2,3,4,5,6,7,8,9,10,11,12,13,14,15,16,17
8853,1,2,3,4,5,6,7,8,9,10,11,12,13,14,15,16,17
8854,1,2,3,4,5,6,7,8,9,10,11,12,13,14,15,16,17
8855,1,2,3,4,5,6,7,8,9,10,11,12,13,14,15,16,17
8856,1,2,3,4,5,6,7,8,9,10,11,12,13,14,15,16,17
8857,1,2,3,4,5,6,7,8,9,10,11,12,13,14,15,16,17
8858,1,2,3,4,5,6,7,8,9,10,11,12,13,14,15,16,17
8859,1,2,3,4,5,6,7,8,9,10,11,12,13,14,15,16,17
8860,1,2,3,4,5,6,7,8,9,10,11,12,13,14,15,16,17
8861,1,2,3,4,5,6,7,8,9,10,11,12,13,14,15,16,17
8862,1,2,3,4,5,6,7,8,9,10,11,12,13,14,15,16,17
8863,1,2,3,4,5,6,7,8,9,10,11,12,13,14,15,16,17
8864,1,2,3,4,5,6,7,8,9,10,11,12,13,14,15,16,17
8865,1,2,3,4,5,6,7,8,9,10,11,12,13,14,15,16,17
8866,1,2,3,4,5,6,7,8,9,10,11,12,13,14,15,16,17
8867,1,2,3,4,5,6,7,8,9,10,11,12,13,14,15,16,17
8868,1,2,3,4,5,6,7,8,9,10,11,12,13,14,15,16,17
8869,1,2,3,4,5,6,7,8,9,10,11,12,13,14,15,16,17
8870,1,2,3,4,5,6,7,8,9,10,11,12,13,14,15,16,17
8871,1,2,3,4,5,6,7,8,9,10,11,12,13,14,15,16,17
8872,1,2,3,4,5,6,7,8,9,10,11,12,13,14,15,16,17
8873,1,2,3,4,5,6,7,8,9,10,11,12,13,14,15,16,17
8874,1,2,3,4,5,6,7,8,9,10,11,12,13,14,15,16,17
8875,1,2,3,4,5,6,7,8,9,10,11,12,13,14,15,16,17
8876,1,2,3,4,5,6,7,8,9,10,11,12,13,14,15,16,17
8877,1,2,3,4,5,6,7,8,9,10,11,12,13,14,15,16,17
8878,1,2,3,4,5,6,7,8,9,10,11,12,13,14,15,16,17
8879,1,2,3,4,5,6,7,8,9,10,11,12,13,14,15,16,17
8880,1,2,3,4,5,6,7,8,9,10,11,12,13,14,15,16,17
8881,1,2,3,4,5,6,7,8,9,10,11,12,13,14,15,16,17
8882,1,2,3,4,5,6,7,8,9,10,11,12,13,14,15,16,17
8883,1,2,3,4,5,6,7,8,9,10,11,12,13,14,15,16,17
8884,1,2,3,4,5,6,7,8,9,10,11,12,13,14,15,16,17
8885,1,2,3,4,5,6,7,8,9,10,11,12,13,14,15,16,17
8886,1,2,3,4,5,6,7,8,9,10,11,12,13,14,15,16,17
8887,1,2,3,4,5,6,7,8,9,10,11,12,13,14,15,16,17
8888,1,2,3,4,5,6,7,8,9,10,11,12,13,14,15,16,17
8889,1,2,3,4,5,6,7,8,9,10,11,12,13,14,15,16,17
8890,1,1,10,11,12,14,15,8,17,10,11,12,13,14,15,16,17
8891,1,7,9,12,14,16,7,8,9,10,11,12,13,14,15,16,17
8892,1,2,3,4,5,6,7,8,9,10,11,12,13,14,15,16,17
8893,1,2,3,4,5,6,7,8,9,10,11,12,13,14,15,16,17
8894,1,2,3,4,5,6,7,8,9,10,11,12,13,14,15,16,17
8895,1,2,3,4,5,6,7,8,9,10,11,12,13,14,15,16,17
8896,1,2,3,4,5,6,7,8,9,10,11,12,13,14,15,16,17
8897,1,2,3,4,5,6,7,8,9,10,11,12,13,14,15,16,17
8898,1,2,3,4,5,6,7,8,9,10,11,12,13,14,15,16,17
8899,1,2,3,4,5,6,7,8,9,10,11,12,13,14,15,16,17
8900,1,2,3,4,5,6,7,8,9,10,11,12,13,14,15,16,17
8901,1,2,3,4,5,6,7,8,9,10,11,12,13,14,15,16,17
8902,1,2,3,4,5,6,7,8,9,10,11,12,13,14,15,16,17
8903,1,2,3,4,5,6,7,8,9,10,11,12,13,14,15,16,17
8904,1,2,3,4,5,6,7,8,9,10,11,12,13,14,15,16,17
8905,1,2,3,4,5,6,7,8,9,10,11,12,13,14,15,16,17
8906,1,2,3,4,5,6,7,8,9,10,11,12,13,14,15,16,17
8907,1,2,3,4,5,6,7,8,9,10,11,12,13,14,15,16,17
8908,1,2,3,4,5,6,7,8,9,10,11,12,13,14,15,16,17
8909,1,2,3,4,5,6,7,8,9,10,11,12,13,14,15,16,17
8910,1,2,3,4,5,6,7,8,9,10,11,12,13,14,15,16,17
8911,1,2,3,4,5,6,7,8,9,10,11,12,13,14,15,16,17
8912,1,2,3,4,5,6,7,8,9,10,11,12,13,14,15,16,17
8913,1,2,3,4,5,6,7,8,9,10,11,12,13,14,15,16,17
8914,1,2,3,4,5,6,7,8,9,10,11,12,13,14,15,16,17
8915,1,2,3,4,5,6,7,8,9,10,11,12,13,14,15,16,17
8916,1,2,3,4,5,6,7,8,9,10,11,12,13,14,15,16,17
8917,1,2,3,4,5,6,7,8,9,10,11,12,13,14,15,16,17
8918,1,2,3,4,5,6,7,8,9,10,11,12,13,14,15,16,17
8919,1,2,3,4,5,6,7,8,9,10,11,12,13,14,15,16,17
8920,1,2,3,4,5,6,7,8,9,10,11,12,13,14,15,16,17
8921,1,2,3,4,5,6,7,8,9,10,11,12,13,14,15,16,17
8922,1,2,3,4,5,6,7,8,9,10,11,12,13,14,15,16,17
8923,1,2,3,4,5,6,7,8,9,10,11,12,13,14,15,16,17
8924,1,2,3,4,5,6,7,8,9,10,11,12,13,14,15,16,17
8925,1,2,3,4,5,6,7,8,9,10,11,12,13,14,15,16,17
8926,1,2,3,4,5,6,7,8,9,10,11,12,13,14,15,16,17
8927,1,2,3,4,5,6,7,8,9,10,11,12,13,14,15,16,17
8928,1,2,3,4,5,6,7,8,9,10,11,12,13,14,15,16,17
8929,1,2,3,4,5,6,7,8,9,10,11,12,13,14,15,16,17
8930,1,2,3,4,5,6,7,8,9,10,11,12,13,14,15,16,17
8931,1,2,3,4,5,6,7,8,9,10,11,12,13,14,15,16,17
8932,1,2,3,4,5,6,7,8,9,10,11,12,13,14,15,16,17
8933,1,2,3,4,5,6,7,8,9,10,11,12,13,14,15,16,17
8934,1,2,3,4,5,6,7,8,9,10,11,12,13,14,15,16,17
8935,1,2,3,4,5,6,7,8,9,10,11,12,13,14,15,16,17
8936,1,2,3,4,5,6,7,8,9,10,11,12,13,14,15,16,17
8937,1,2,3,4,5,6,7,8,9,10,11,12,13,14,15,16,17
8938,1,2,3,4,5,6,7,8,9,10,11,12,13,14,15,16,17
8939,1,2,3,4,5,6,7,8,9,10,11,12,13,14,15,16,17
8940,1,2,3,4,5,6,7,8,9,10,11,12,13,14,15,16,17
8941,1,2,3,4,5,6,7,8,9,10,11,12,13,14,15,16,17
8942,1,2,3,4,5,6,7,8,9,10,11,12,13,14,15,16,17
8943,1,2,3,4,5,6,7,8,9,10,11,12,13,14,15,16,17
8944,1,2,3,4,5,6,7,8,9,10,11,12,13,14,15,16,17
8945,1,2,3,4,5,6,7,8,9,10,11,12,13,14,15,16,17
8946,1,2,3,4,5,6,7,8,9,10,11,12,13,14,15,16,17
8947,1,2,3,4,5,6,7,8,9,10,11,12,13,14,15,16,17
8948,1,2,3,4,5,6,7,8,9,10,11,12,13,14,15,16,17
8949,1,2,3,4,5,6,7,8,9,10,11,12,13,14,15,16,17
8950,1,2,3,4,5,6,7,8,9,10,11,12,13,14,15,16,17
8951,1,2,3,4,5,6,7,8,9,10,11,12,13,14,15,16,17
8952,1,2,3,4,5,6,7,8,9,10,11,12,13,14,15,16,17
8953,1,2,3,4,5,6,7,8,9,10,11,12,13,14,15,16,17
8954,1,2,3,4,5,6,7,8,9,10,11,12,13,14,15,16,17
8955,1,2,3,4,5,6,7,8,9,10,11,12,13,14,15,16,17
8956,1,2,3,4,5,6,7,8,9,10,11,12,13,14,15,16,17
8957,1,2,3,4,5,6,7,8,9,10,11,12,13,14,15,16,17
8958,1,2,3,4,5,6,7,8,9,10,11,12,13,14,15,16,17
8959,1,2,3,4,5,6,7,8,9,10,11,12,13,14,15,16,17
8960,1,2,3,4,5,6,7,8,9,10,11,12,13,14,15,16,17
8961,1,2,3,4,5,6,7,8,9,10,11,12,13,14,15,16,17
8962,1,2,3,4,5,6,7,8,9,10,11,12,13,14,15,16,17
8963,1,2,3,4,5,6,7,8,9,10,11,12,13,14,15,16,17
8964,1,2,3,4,5,6,7,8,9,10,11,12,13,14,15,16,17
8965,1,2,3,4,5,6,7,8,9,10,11,12,13,14,15,16,17
8966,1,2,3,4,5,6,7,8,9,10,11,12,13,14,15,16,17
8967,1,2,3,4,5,6,7,8,9,10,11,12,13,14,15,16,17
8968,1,2,3,4,5,6,7,8,9,10,11,12,13,14,15,16,17
8969,1,2,3,4,5,6,7,8,9,10,11,12,13,14,15,16,17
8970,1,2,3,4,5,6,7,8,9,10,11,12,13,14,15,16,17
8971,1,2,3,4,5,6,7,8,9,10,11,12,13,14,15,16,17
8972,1,2,3,4,5,6,7,8,9,10,11,12,13,14,15,16,17
8973,1,2,3,4,5,6,7,8,9,10,11,12,13,14,15,16,17
8974,1,2,3,4,5,6,7,8,9,10,11,12,13,14,15,16,17
8975,1,2,3,4,5,6,7,8,9,10,11,12,13,14,15,16,17
8976,1,2,3,4,5,6,7,8,9,10,11,12,13,14,15,16,17
8977,1,2,3,4,5,6,7,8,9,10,11,12,13,14,15,16,17
8978,1,2,3,4,5,6,7,8,9,10,11,12,13,14,15,16,17
8979,1,2,3,4,5,6,7,8,9,10,11,12,13,14,15,16,17
8980,1,2,3,4,5,6,7,8,9,10,11,12,13,14,15,16,17
8981,1,2,3,4,5,6,7,8,9,10,11,12,13,14,15,16,17
8982,1,2,3,4,5,6,7,8,9,10,11,12,13,14,15,16,17
8983,1,2,3,4,5,6,7,8,9,10,11,12,13,14,15,16,17
8984,1,2,3,4,5,6,7,8,9,10,11,12,13,14,15,16,17
8985,1,2,3,4,5,6,7,8,9,10,11,12,13,14,15,16,17
8986,1,2,3,4,5,6,7,8,9,10,11,12,13,14,15,16,17
8987,1,2,3,4,5,6,7,8,9,10,11,12,13,14,15,16,17
8988,1,2,3,4,5,6,7,8,9,10,11,12,13,14,15,16,17
8989,1,2,3,4,5,6,7,8,9,10,11,12,13,14,15,16,17
8990,1,2,3,4,5,6,7,8,9,10,11,12,13,14,15,16,17
8991,1,2,3,4,5,6,7,8,9,10,11,12,13,14,15,16,17
8992,1,2,3,4,5,6,7,8,9,10,11,12,13,14,15,16,17
8993,1,2,3,4,5,6,7,8,9,10,11,12,13,14,15,16,17
8994,1,2,3,4,5,6,7,8,9,10,11,12,13,14,15,16,17
8995,1,2,3,4,5,6,7,8,9,10,11,12,13,14,15,16,17
8996,1,2,3,4,5,6,7,8,9,10,11,12,13,14,15,16,17
8997,1,2,3,4,5,6,7,8,9,10,11,12,13,14,15,16,17
8998,1,2,3,4,5,6,7,8,9,10,11,12,13,14,15,16,17
8999,1,2,3,4,5,6,7,8,9,10,11,12,13,14,15,16,17
9000,1,2,3,4,5,6,7,8,9,10,11,12,13,14,15,16,17
9001,1,2,3,4,5,6,7,8,9,10,11,12,13,14,15,16,17
9002,1,2,3,4,5,6,7,8,9,10,11,12,13,14,15,16,17
9003,1,2,3,4,5,6,7,8,9,10,11,12,13,14,15,16,17
9004,1,2,3,4,5,6,7,8,9,10,11,12,13,14,15,16,17
9005,1,2,3,4,5,6,7,8,9,10,11,12,13,14,15,16,17
9006,1,2,3,4,5,6,7,8,9,10,11,12,13,14,15,16,17
9007,1,2,3,4,5,6,7,8,9,10,11,12,13,14,15,16,17
9008,1,2,3,4,5,6,7,8,9,10,11,12,13,14,15,16,17
9009,1,2,3,4,5,6,7,8,9,10,11,12,13,14,15,16,17
9010,1,2,3,4,5,6,7,8,9,10,11,12,13,14,15,16,17
9011,1,2,3,4,5,6,7,8,9,10,11,12,13,14,15,16,17
9012,1,2,3,4,5,6,7,8,9,10,11,12,13,14,15,16,17
9013,1,2,3,4,5,6,7,8,9,10,11,12,13,14,15,16,17
9014,1,2,3,4,5,6,7,8,9,10,11,12,13,14,15,16,17
9015,1,2,3,4,5,6,7,8,9,10,11,12,13,14,15,16,17
9016,1,2,3,4,5,6,7,8,9,10,11,12,13,14,15,16,17
9017,1,2,3,4,5,6,7,8,9,10,11,12,13,14,15,16,17
9018,1,2,3,4,5,6,7,8,9,10,11,12,13,14,15,16,17
9019,1,2,3,4,5,6,7,8,9,10,11,12,13,14,15,16,17
9020,1,2,3,4,5,6,7,8,9,10,11,12,13,14,15,16,17
9021,1,2,3,4,5,6,7,8,9,10,11,12,13,14,15,16,17
9022,1,2,3,4,5,6,7,8,9,10,11,12,13,14,15,16,17
9023,1,2,3,4,5,6,7,8,9,10,11,12,13,14,15,16,17
9024,1,2,3,4,5,6,7,8,9,10,11,12,13,14,15,16,17
9025,1,2,3,4,5,6,7,8,9,10,11,12,13,14,15,16,17
9026,1,2,3,4,5,6,7,8,9,10,11,12,13,14,15,16,17
9027,1,2,3,4,5,6,7,8,9,10,11,12,13,14,15,16,17
9028,1,2,3,4,5,6,7,8,9,10,11,12,13,14,15,16,17
9029,1,2,3,4,5,6,7,8,9,10,11,12,13,14,15,16,17
9030,1,2,3,4,5,6,7,8,9,10,11,12,13,14,15,16,17
9031,1,2,3,4,5,6,7,8,9,10,11,12,13,14,15,16,17
9032,1,2,3,4,5,6,7,8,9,10,11,12,13,14,15,16,17
9033,1,9,13,17,5,6,7,8,9,10,11,12,13,14,15,16,17
9034,1,3,3,4,5,6,7,8,9,10,11,12,13,14,15,16,17
9035,1,2,3,4,5,6,7,8,9,10,11,12,13,14,15,16,17
9036,1,2,3,4,5,6,7,8,9,10,11,12,13,14,15,16,17
9037,1,2,3,4,5,6,7,8,9,10,11,12,13,14,15,16,17
9038,1,2,3,4,5,6,7,8,9,10,11,12,13,14,15,16,17
9039,1,2,3,4,5,6,7,8,9,10,11,12,13,14,15,16,17
9040,1,2,3,4,5,6,7,8,9,10,11,12,13,14,15,16,17
9041,1,2,3,4,5,6,7,8,9,10,11,12,13,14,15,16,17
9042,1,2,3,4,5,6,7,8,9,10,11,12,13,14,15,16,17
9043,1,2,3,4,5,6,7,8,9,10,11,12,13,14,15,16,17
9044,1,2,3,4,5,6,7,8,9,10,11,12,13,14,15,16,17
9045,1,2,3,4,5,6,7,8,9,10,11,12,13,14,15,16,17
9046,1,2,3,4,5,6,7,8,9,10,11,12,13,14,15,16,17
9047,1,2,3,4,5,6,7,8,9,10,11,12,13,14,15,16,17
9048,1,2,3,4,5,6,7,8,9,10,11,12,13,14,15,16,17
9049,1,2,3,4,5,6,7,8,9,10,11,12,13,14,15,16,17
9050,1,2,3,4,5,6,7,8,9,10,11,12,13,14,15,16,17
9051,1,2,3,4,5,6,7,8,9,10,11,12,13,14,15,16,17
9052,1,2,3,4,5,6,7,8,9,10,11,12,13,14,15,16,17
9053,1,2,3,4,5,6,7,8,9,10,11,12,13,14,15,16,17
9054,1,2,3,4,5,6,7,8,9,10,11,12,13,14,15,16,17
9055,1,2,3,4,5,6,7,8,9,10,11,12,13,14,15,16,17
9056,1,2,3,4,5,6,7,8,9,10,11,12,13,14,15,16,17
9057,1,2,3,4,5,6,7,8,9,10,11,12,13,14,15,16,17
9058,1,2,3,4,5,6,7,8,9,10,11,12,13,14,15,16,17
9059,1,2,3,4,5,6,7,8,9,10,11,12,13,14,15,16,17
9060,1,2,3,4,5,6,7,8,9,10,11,12,13,14,15,16,17
9061,1,2,3,4,5,6,7,8,9,10,11,12,13,14,15,16,17
9062,1,2,3,4,5,6,7,8,9,10,11,12,13,14,15,16,17
9063,1,2,3,4,5,6,7,8,9,10,11,12,13,14,15,16,17
9064,1,2,3,4,5,6,7,8,9,10,11,12,13,14,15,16,17
9065,1,2,3,4,5,6,7,8,9,10,11,12,13,14,15,16,17
9066,1,2,3,4,5,6,7,8,9,10,11,12,13,14,15,16,17
9067,1,2,3,4,5,6,7,8,9,10,11,12,13,14,15,16,17
9068,1,2,3,4,5,6,7,8,9,10,11,12,13,14,15,16,17
9069,1,2,3,4,5,6,7,8,9,10,11,12,13,14,15,16,17
9070,1,2,3,4,5,6,7,8,9,10,11,12,13,14,15,16,17
9071,1,2,3,4,5,6,7,8,9,10,11,12,13,14,15,16,17
9072,1,2,3,4,5,6,7,8,9,10,11,12,13,14,15,16,17
9073,1,2,3,4,5,6,7,8,9,10,11,12,13,14,15,16,17
9074,1,2,3,4,5,6,7,8,9,10,11,12,13,14,15,16,17
9075,1,2,3,4,5,6,7,8,9,10,11,12,13,14,15,16,17
9076,1,2,3,4,5,6,7,8,9,10,11,12,13,14,15,16,17
9077,1,2,3,4,5,6,7,8,9,10,11,12,13,14,15,16,17
9078,1,2,3,4,5,6,7,8,9,10,11,12,13,14,15,16,17
9079,1,2,3,4,5,6,7,8,9,10,11,12,13,14,15,16,17
9080,1,2,3,4,5,6,7,8,9,10,11,12,13,14,15,16,17
9081,1,2,3,4,5,6,7,8,9,10,11,12,13,14,15,16,17
9082,1,2,3,4,5,6,7,8,9,10,11,12,13,14,15,16,17
9083,1,2,3,4,5,6,7,8,9,10,11,12,13,14,15,16,17
9084,1,2,3,4,5,6,7,8,9,10,11,12,13,14,15,16,17
9085,1,2,3,4,5,6,7,8,9,10,11,12,13,14,15,16,17
9086,1,2,3,4,5,6,7,8,9,10,11,12,13,14,15,16,17
9087,1,2,3,4,5,6,7,8,9,10,11,12,13,14,15,16,17
9088,1,2,3,4,5,6,7,8,9,10,11,12,13,14,15,16,17
9089,1,2,3,4,5,6,7,8,9,10,11,12,13,14,15,16,17
9090,1,2,3,4,5,6,7,8,9,10,11,12,13,14,15,16,17
9091,1,2,3,4,5,6,7,8,9,10,11,12,13,14,15,16,17
9092,1,2,3,4,5,6,7,8,9,10,11,12,13,14,15,16,17
9093,1,2,3,4,5,6,7,8,9,10,11,12,13,14,15,16,17
9094,1,2,3,4,5,6,7,8,9,10,11,12,13,14,15,16,17
9095,1,2,3,4,5,6,7,8,9,10,11,12,13,14,15,16,17
9096,1,2,3,4,5,6,7,8,9,10,11,12,13,14,15,16,17
9097,1,2,3,4,5,6,7,8,9,10,11,12,13,14,15,16,17
9098,1,2,3,4,5,6,7,8,9,10,11,12,13,14,15,16,17
9099,1,2,3,4,5,6,7,8,9,10,11,12,13,14,15,16,17
9100,1,2,3,4,5,6,7,8,9,10,11,12,13,14,15,16,17
9101,1,2,3,4,5,6,7,8,9,10,11,12,13,14,15,16,17
9102,1,2,3,4,5,6,7,8,9,10,11,12,13,14,15,16,17
9103,1,2,3,4,5,6,7,8,9,10,11,12,13,14,15,16,17
9104,1,2,3,4,5,6,7,8,9,10,11,12,13,14,15,16,17
9105,1,2,3,4,5,6,7,8,9,10,11,12,13,14,15,16,17
9106,1,2,3,4,5,6,7,8,9,10,11,12,13,14,15,16,17
9107,1,2,3,4,5,6,7,8,9,10,11,12,13,14,15,16,17
9108,1,2,3,4,5,6,7,8,9,10,11,12,13,14,15,16,17
9109,1,2,3,4,5,6,7,8,9,10,11,12,13,14,15,16,17
9110,1,2,3,4,5,6,7,8,9,10,11,12,13,14,15,16,17
9111,1,2,3,4,5,6,7,8,9,10,11,12,13,14,15,16,17
9112,1,2,3,4,5,6,7,8,9,10,11,12,13,14,15,16,17
9113,1,2,3,4,5,6,7,8,9,10,11,12,13,14,15,16,17
9114,1,2,3,4,5,6,7,8,9,10,11,12,13,14,15,16,17
9115,1,2,3,4,5,6,7,8,9,10,11,12,13,14,15,16,17
9116,1,2,3,4,5,6,7,8,9,10,11,12,13,14,15,16,17
9117,1,2,3,4,5,6,7,8,9,10,11,12,13,14,15,16,17
9118,1,2,3,4,5,6,7,8,9,10,11,12,13,14,15,16,17
9119,1,2,3,4,5,6,7,8,9,10,11,12,13,14,15,16,17
9120,1,2,3,4,5,6,7,8,9,10,11,12,13,14,15,16,17
9121,1,2,3,4,5,6,7,8,9,10,11,12,13,14,15,16,17
9122,1,2,3,4,5,6,7,8,9,10,11,12,13,14,15,16,17
9123,1,2,3,4,5,6,7,8,9,10,11,12,13,14,15,16,17
9124,1,2,3,4,5,6,7,8,9,10,11,12,13,14,15,16,17
9125,1,2,3,4,5,6,7,8,9,10,11,12,13,14,15,16,17
9126,1,2,3,4,5,6,7,8,9,10,11,12,13,14,15,16,17
9127,1,2,3,4,5,6,7,8,9,10,11,12,13,14,15,16,17
9128,1,2,3,4,5,6,7,8,9,10,11,12,13,14,15,16,17
9129,1,2,3,4,5,6,7,8,9,10,11,12,13,14,15,16,17
9130,1,2,3,4,5,6,7,8,9,10,11,12,13,14,15,16,17
9131,1,2,3,4,5,6,7,8,9,10,11,12,13,14,15,16,17
9132,1,2,3,4,5,6,7,8,9,10,11,12,13,14,15,16,17
9133,1,2,3,4,5,6,7,8,9,10,11,12,13,14,15,16,17
9134,1,2,3,4,5,6,7,8,9,10,11,12,13,14,15,16,17
9135,1,2,3,4,5,6,7,8,9,10,11,12,13,14,15,16,17
9136,1,2,3,4,5,6,7,8,9,10,11,12,13,14,15,16,17
9137,1,2,3,4,5,6,7,8,9,10,11,12,13,14,15,16,17
9138,1,2,3,4,5,6,7,8,9,10,11,12,13,14,15,16,17
9139,1,2,3,4,5,6,7,8,9,10,11,12,13,14,15,16,17
9140,1,2,3,4,5,6,7,8,9,10,11,12,13,14,15,16,17
9141,1,2,3,4,5,6,7,8,9,10,11,12,13,14,15,16,17
9142,1,2,3,4,5,6,7,8,9,10,11,12,13,14,15,16,17
9143,1,2,3,4,5,6,7,8,9,10,11,12,13,14,15,16,17
9144,1,2,3,4,5,6,7,8,9,10,11,12,13,14,15,16,17
9145,1,2,3,4,5,6,7,8,9,10,11,12,13,14,15,16,17
9146,1,2,3,4,5,6,7,8,9,10,11,12,13,14,15,16,17
9147,1,2,3,4,5,6,7,8,9,10,11,12,13,14,15,16,17
9148,1,2,3,4,5,6,7,8,9,10,11,12,13,14,15,16,17
9149,1,2,3,4,5,6,7,8,9,10,11,12,13,14,15,16,17
9150,1,2,3,4,5,6,7,8,9,10,11,12,13,14,15,16,17
9151,1,2,3,4,5,6,7,8,9,10,11,12,13,14,15,16,17
9152,1,2,3,4,5,6,7,8,9,10,11,12,13,14,15,16,17
9153,1,2,3,4,5,6,7,8,9,10,11,12,13,14,15,16,17
9154,1,2,3,4,5,6,7,8,9,10,11,12,13,14,15,16,17
9155,1,2,3,4,5,6,7,8,9,10,11,12,13,14,15,16,17
9156,1,2,3,4,5,6,7,8,9,10,11,12,13,14,15,16,17
9157,1,2,3,4,5,6,7,8,9,10,11,12,13,14,15,16,17
9158,1,2,3,4,5,6,7,8,9,10,11,12,13,14,15,16,17
9159,1,2,3,4,5,6,7,8,9,10,11,12,13,14,15,16,17
9160,1,2,3,4,5,6,7,8,9,10,11,12,13,14,15,16,17
9161,1,2,3,4,5,6,7,8,9,10,11,12,13,14,15,16,17
9162,1,2,3,4,5,6,7,8,9,10,11,12,13,14,15,16,17
9163,1,2,3,4,5,6,7,8,9,10,11,12,13,14,15,16,17
9164,1,2,3,4,5,6,7,8,9,10,11,12,13,14,15,16,17
9165,1,2,3,4,5,6,7,8,9,10,11,12,13,14,15,16,17
9166,1,2,3,4,5,6,7,8,9,10,11,12,13,14,15,16,17
9167,1,2,3,4,5,6,7,8,9,10,11,12,13,14,15,16,17
9168,1,2,3,4,5,6,7,8,9,10,11,12,13,14,15,16,17
9169,1,2,3,4,5,6,7,8,9,10,11,12,13,14,15,16,17
9170,1,2,3,4,5,6,7,8,9,10,11,12,13,14,15,16,17
9171,1,2,3,4,5,6,7,8,9,10,11,12,13,14,15,16,17
9172,1,2,3,4,5,6,7,8,9,10,11,12,13,14,15,16,17
9173,1,2,3,4,5,6,7,8,9,10,11,12,13,14,15,16,17
9174,1,2,3,4,5,6,7,8,9,10,11,12,13,14,15,16,17
9175,1,2,3,4,5,6,7,8,9,10,11,12,13,14,15,16,17
9176,1,2,3,4,5,6,7,8,9,10,11,12,13,14,15,16,17
9177,1,2,3,4,5,6,7,8,9,10,11,12,13,14,15,16,17
9178,1,2,3,4,5,6,7,8,9,10,11,12,13,14,15,16,17
9179,1,2,3,4,5,6,7,8,9,10,11,12,13,14,15,16,17
9180,1,2,3,4,5,6,7,8,9,10,11,12,13,14,15,16,17
9181,1,2,3,4,5,6,7,8,9,10,11,12,13,14,15,16,17
9182,1,2,3,4,5,6,7,8,9,10,11,12,13,14,15,16,17
9183,1,2,3,4,5,6,7,8,9,10,11,12,13,14,15,16,17
9184,1,2,3,4,5,6,7,8,9,10,11,12,13,14,15,16,17
9185,1,2,3,4,5,6,7,8,9,10,11,12,13,14,15,16,17
9186,1,2,3,4,5,6,7,8,9,10,11,12,13,14,15,16,17
9187,1,2,3,4,5,6,7,8,9,10,11,12,13,14,15,16,17
9188,1,2,3,4,5,6,7,8,9,10,11,12,13,14,15,16,17
9189,1,2,3,4,5,6,7,8,9,10,11,12,13,14,15,16,17
9190,1,2,3,4,5,6,7,8,9,10,11,12,13,14,15,16,17
9191,1,2,3,4,5,6,7,8,9,10,11,12,13,14,15,16,17
9192,1,2,3,4,5,6,7,8,9,10,11,12,13,14,15,16,17
9193,1,2,3,4,5,6,7,8,9,10,11,12,13,14,15,16,17
9194,1,2,3,4,5,6,7,8,9,10,11,12,13,14,15,16,17
9195,1,2,3,4,5,6,7,8,9,10,11,12,13,14,15,16,17
9196,1,2,3,4,5,6,7,8,9,10,11,12,13,14,15,16,17
9197,1,2,3,4,5,6,7,8,9,10,11,12,13,14,15,16,17
9198,1,2,3,4,5,6,7,8,9,10,11,12,13,14,15,16,17
9199,1,2,3,4,5,6,7,8,9,10,11,12,13,14,15,16,17
9200,1,2,3,4,5,6,7,8,9,10,11,12,13,14,15,16,17
9201,1,2,3,4,5,6,7,8,9,10,11,12,13,14,15,16,17
9202,1,2,3,4,5,6,7,8,9,10,11,12,13,14,15,16,17
9203,1,2,3,4,5,6,7,8,9,10,11,12,13,14,15,16,17
9204,1,2,3,4,5,6,7,8,9,10,11,12,13,14,15,16,17
9205,1,2,3,4,5,6,7,8,9,10,11,12,13,14,15,16,17
9206,1,2,3,4,5,6,7,8,9,10,11,12,13,14,15,16,17
9207,1,2,3,4,5,6,7,8,9,10,11,12,13,14,15,16,17
9208,1,2,3,4,5,6,7,8,9,10,11,12,13,14,15,16,17
9209,1,2,3,4,5,6,7,8,9,10,11,12,13,14,15,16,17
9210,1,2,3,4,5,6,7,8,9,10,11,12,13,14,15,16,17
9211,1,2,3,4,5,6,7,8,9,10,11,12,13,14,15,16,17
9212,1,2,3,4,5,6,7,8,9,10,11,12,13,14,15,16,17
9213,1,2,3,4,5,6,7,8,9,10,11,12,13,14,15,16,17
9214,1,2,3,4,5,6,7,8,9,10,11,12,13,14,15,16,17
9215,1,2,3,4,5,6,7,8,9,10,11,12,13,14,15,16,17
9216,1,2,3,4,5,6,7,8,9,10,11,12,13,14,15,16,17
9217,1,2,3,4,5,6,7,8,9,10,11,12,13,14,15,16,17
9218,1,2,3,4,5,6,7,8,9,10,11,12,13,14,15,16,17
9219,1,2,3,4,5,6,7,8,9,10,11,12,13,14,15,16,17
9220,1,2,3,4,5,6,7,8,9,10,11,12,13,14,15,16,17
9221,1,2,3,4,5,6,7,8,9,10,11,12,13,14,15,16,17
9222,1,2,3,4,5,6,7,8,9,10,11,12,13,14,15,16,17
9223,1,2,3,4,5,6,7,8,9,10,11,12,13,14,15,16,17
9224,1,2,3,4,5,6,7,8,9,10,11,12,13,14,15,16,17
9225,1,2,3,4,5,6,7,8,9,10,11,12,13,14,15,16,17
9226,1,2,3,4,5,6,7,8,9,10,11,12,13,14,15,16,17
9227,1,2,3,4,5,6,7,8,9,10,11,12,13,14,15,16,17
9228,1,2,3,4,5,6,7,8,9,10,11,12,13,14,15,16,17
9229,1,2,3,4,5,6,7,8,9,10,11,12,13,14,15,16,17
9230,1,2,3,4,5,6,7,8,9,10,11,12,13,14,15,16,17
9231,1,2,3,4,5,6,7,8,9,10,11,12,13,14,15,16,17
9232,1,2,3,4,5,6,7,8,9,10,11,12,13,14,15,16,17
9233,1,2,3,4,5,6,7,8,9,10,11,12,13,14,15,16,17
9234,1,2,3,4,5,6,7,8,9,10,11,12,13,14,15,16,17
9235,1,2,3,4,5,6,7,8,9,10,11,12,13,14,15,16,17
9236,1,2,3,4,5,6,7,8,9,10,11,12,13,14,15,16,17
9237,1,2,3,4,5,6,7,8,9,10,11,12,13,14,15,16,17
9238,1,2,3,4,5,6,7,8,9,10,11,12,13,14,15,16,17
9239,1,2,3,4,5,6,7,8,9,10,11,12,13,14,15,16,17
9240,1,2,3,4,5,6,7,8,9,10,11,12,13,14,15,16,17
9241,1,2,3,4,5,6,7,8,9,10,11,12,13,14,15,16,17
9242,1,2,3,4,5,6,7,8,9,10,11,12,13,14,15,16,17
9243,1,2,3,4,5,6,7,8,9,10,11,12,13,14,15,16,17
9244,1,2,3,4,5,6,7,8,9,10,11,12,13,14,15,16,17
9245,1,2,3,4,5,6,7,8,9,10,11,12,13,14,15,16,17
9246,1,2,3,4,5,6,7,8,9,10,11,12,13,14,15,16,17
9247,1,2,3,4,5,6,7,8,9,10,11,12,13,14,15,16,17
9248,1,2,3,4,5,6,7,8,9,10,11,12,13,14,15,16,17
9249,1,2,3,4,5,6,7,8,9,10,11,12,13,14,15,16,17
9250,1,2,3,4,5,6,7,8,9,10,11,12,13,14,15,16,17
9251,1,2,3,4,5,6,7,8,9,10,11,12,13,14,15,16,17
9252,1,2,3,4,5,6,7,8,9,10,11,12,13,14,15,16,17
9253,1,2,3,4,5,6,7,8,9,10,11,12,13,14,15,16,17
9254,1,2,3,4,5,6,7,8,9,10,11,12,13,14,15,16,17
9255,1,2,3,4,5,6,7,8,9,10,11,12,13,14,15,16,17
9256,1,2,3,4,5,6,7,8,9,10,11,12,13,14,15,16,17
9257,1,2,3,4,5,6,7,8,9,10,11,12,13,14,15,16,17
9258,1,2,3,4,5,6,7,8,9,10,11,12,13,14,15,16,17
9259,1,2,3,4,5,6,7,8,9,10,11,12,13,14,15,16,17
9260,1,2,3,4,5,6,7,8,9,10,11,12,13,14,15,16,17
9261,1,2,3,4,5,6,7,8,9,10,11,12,13,14,15,16,17
9262,1,2,3,4,5,6,7,8,9,10,11,12,13,14,15,16,17
9263,1,2,3,4,5,6,7,8,9,10,11,12,13,14,15,16,17
9264,1,2,3,4,5,6,7,8,9,10,11,12,13,14,15,16,17
9265,1,2,3,4,5,6,7,8,9,10,11,12,13,14,15,16,17
9266,1,2,3,4,5,6,7,8,9,10,11,12,13,14,15,16,17
9267,1,2,3,4,5,6,7,8,9,10,11,12,13,14,15,16,17
9268,1,2,3,4,5,6,7,8,9,10,11,12,13,14,15,16,17
9269,1,2,3,4,5,6,7,8,9,10,11,12,13,14,15,16,17
9270,1,2,3,4,5,6,7,8,9,10,11,12,13,14,15,16,17
9271,1,2,3,4,5,6,7,8,9,10,11,12,13,14,15,16,17
9272,1,2,3,4,5,6,7,8,9,10,11,12,13,14,15,16,17
9273,1,2,3,4,5,6,7,8,9,10,11,12,13,14,15,16,17
9274,1,2,3,4,5,6,7,8,9,10,11,12,13,14,15,16,17
9275,1,2,3,4,5,6,7,8,9,10,11,12,13,14,15,16,17
9276,1,2,3,4,5,6,7,8,9,10,11,12,13,14,15,16,17
9277,1,2,3,4,5,6,7,8,9,10,11,12,13,14,15,16,17
9278,1,2,3,4,5,6,7,8,9,10,11,12,13,14,15,16,17
9279,1,2,3,4,5,6,7,8,9,10,11,12,13,14,15,16,17
9280,1,2,3,4,5,6,7,8,9,10,11,12,13,14,15,16,17
9281,1,2,3,4,5,6,7,8,9,10,11,12,13,14,15,16,17
9282,1,2,3,4,5,6,7,8,9,10,11,12,13,14,15,16,17
9283,1,2,3,4,5,6,7,8,9,10,11,12,13,14,15,16,17
9284,1,2,3,4,5,6,7,8,9,10,11,12,13,14,15,16,17
9285,1,2,3,4,5,6,7,8,9,10,11,12,13,14,15,16,17
9286,1,2,3,4,5,6,7,8,9,10,11,12,13,14,15,16,17
9287,1,2,3,4,5,6,7,8,9,10,11,12,13,14,15,16,17
9288,1,2,3,4,5,6,7,8,9,10,11,12,13,14,15,16,17
9289,1,2,3,4,5,6,7,8,9,10,11,12,13,14,15,16,17
9290,1,2,3,4,5,6,7,8,9,10,11,12,13,14,15,16,17
9291,1,2,3,4,5,6,7,8,9,10,11,12,13,14,15,16,17
9292,1,2,3,4,5,6,7,8,9,10,11,12,13,14,15,16,17
9293,1,2,3,4,5,6,7,8,9,10,11,12,13,14,15,16,17
9294,1,2,3,4,5,6,7,8,9,10,11,12,13,14,15,16,17
9295,1,2,3,4,5,6,7,8,9,10,11,12,13,14,15,16,17
9296,1,2,3,4,5,6,7,8,9,10,11,12,13,14,15,16,17
9297,1,2,3,4,5,6,7,8,9,10,11,12,13,14,15,16,17
9298,1,2,3,4,5,6,7,8,9,10,11,12,13,14,15,16,17
9299,1,2,3,4,5,6,7,8,9,10,11,12,13,14,15,16,17
9300,1,2,3,4,5,6,7,8,9,10,11,12,13,14,15,16,17
9301,1,2,3,4,5,6,7,8,9,10,11,12,13,14,15,16,17
9302,1,2,3,4,5,6,7,8,9,10,11,12,13,14,15,16,17
9303,1,2,3,4,5,6,7,8,9,10,11,12,13,14,15,16,17
9304,2,2,3,4,3,6,7,8,9,10,4,6,7,14,8,9,10
9305,1,2,3,4,5,6,7,8,9,10,11,12,13,14,15,16,17
9306,1,2,3,4,5,6,7,8,9,10,11,12,13,14,15,16,17
9307,1,2,3,4,5,6,7,8,9,10,11,12,13,14,15,16,17
9308,1,2,3,4,5,6,7,8,9,10,11,12,13,14,15,16,17
9309,1,2,3,4,5,6,7,8,9,10,11,12,13,14,15,16,17
9310,1,2,3,4,5,6,7,8,9,10,11,12,13,14,15,16,17
9311,1,2,3,4,5,6,7,8,9,10,11,12,13,14,15,16,17
9312,1,2,3,4,5,6,7,8,9,10,11,12,13,14,15,16,17
9313,1,2,3,4,5,6,7,8,9,10,11,12,13,14,15,16,17
9314,1,2,3,4,5,6,7,8,9,10,11,12,13,14,15,16,17
9315,1,2,3,4,5,6,7,8,9,10,11,12,13,14,15,16,17
9316,1,2,3,4,5,6,7,8,9,10,11,12,13,14,15,16,17
9317,1,2,3,4,5,6,7,8,9,10,11,12,13,14,15,16,17
9318,1,2,3,4,5,6,7,8,9,10,11,12,13,14,15,16,17
9319,1,2,3,4,5,6,7,8,9,10,11,12,13,14,15,16,17
9320,1,2,3,4,5,6,7,8,9,10,11,12,13,14,15,16,17
9321,1,2,3,4,5,6,7,8,9,10,11,12,13,14,15,16,17
9322,1,2,3,4,5,6,7,8,9,10,11,12,13,14,15,16,17
9323,1,2,3,4,5,6,7,8,9,10,11,12,13,14,15,16,17
9324,1,2,3,4,5,6,7,8,9,10,11,12,13,14,15,16,17
9325,1,2,3,4,5,6,7,8,9,10,11,12,13,14,15,16,17
9326,1,2,3,4,5,6,7,8,9,10,11,12,13,14,15,16,17
9327,1,2,3,4,5,6,7,8,9,10,11,12,13,14,15,16,17
9328,1,2,3,4,5,6,7,8,9,10,11,12,13,14,15,16,17
9329,1,2,3,4,5,6,7,8,9,10,11,12,13,14,15,16,17
9330,1,2,3,4,5,6,7,8,9,10,11,12,13,14,15,16,17
9331,1,2,3,4,5,6,7,8,9,10,11,12,13,14,15,16,17
9332,1,2,3,4,5,6,7,8,9,10,11,12,13,14,15,16,17
9333,1,2,3,4,5,6,7,8,9,10,11,12,13,14,15,16,17
9334,1,2,3,4,5,6,7,8,9,10,11,12,13,14,15,16,17
9335,1,2,3,4,5,6,7,8,9,10,11,12,13,14,15,16,17
9336,1,2,3,4,5,6,7,8,9,10,11,12,13,14,15,16,17
9337,1,2,3,4,5,6,7,8,9,10,11,12,13,14,15,16,17
9338,1,2,3,4,5,6,7,8,9,10,11,12,13,14,15,16,17
9339,1,2,3,4,5,6,7,8,9,10,11,12,13,14,15,16,17
9340,1,2,3,4,5,6,7,8,9,10,11,12,13,14,15,16,17
9341,1,2,3,4,5,6,7,8,9,10,11,12,13,14,15,16,17
9342,1,2,3,4,5,6,7,8,9,10,11,12,13,14,15,16,17
9343,1,2,3,4,5,6,7,8,9,10,11,12,13,14,15,16,17
9344,1,2,3,4,5,6,7,8,9,10,11,12,13,14,15,16,17
9345,1,2,3,4,5,6,7,8,9,10,11,12,13,14,15,16,17
9346,1,2,3,4,5,6,7,8,9,10,11,12,13,14,15,16,17
9347,1,2,3,4,5,6,7,8,9,10,11,12,13,14,15,16,17
9348,1,2,3,4,5,6,7,8,9,10,11,12,13,14,15,16,17
9349,1,2,3,4,5,6,7,8,9,10,11,12,13,14,15,16,17
9350,1,2,3,4,5,6,7,8,9,10,11,12,13,14,15,16,17
9351,1,2,3,4,5,6,7,8,9,10,11,12,13,14,15,16,17
9352,1,2,3,4,5,6,7,8,9,10,11,12,13,14,15,16,17
9353,1,2,3,4,5,6,7,8,9,10,11,12,13,14,15,16,17
9354,1,2,3,4,5,6,7,8,9,10,11,12,13,14,15,16,17
9355,1,2,3,4,5,6,7,8,9,10,11,12,13,14,15,16,17
9356,1,2,3,4,5,6,7,8,9,10,11,12,13,14,15,16,17
9357,1,2,3,4,5,6,7,8,9,10,11,12,13,14,15,16,17
9358,1,2,3,4,5,6,7,8,9,10,11,12,13,14,15,16,17
9359,1,2,3,4,5,6,7,8,9,10,11,12,13,14,15,16,17
9360,1,2,3,4,5,6,7,8,9,10,11,12,13,14,15,16,17
9361,1,2,3,4,5,6,7,8,9,10,11,12,13,14,15,16,17
9362,1,2,3,4,5,6,7,8,9,10,11,12,13,14,15,16,17
9363,1,2,3,4,5,6,7,8,9,10,11,12,13,14,15,16,17
9364,1,2,3,4,5,6,7,8,9,10,11,12,13,14,15,16,17
9365,1,2,3,4,5,6,7,8,9,10,11,12,13,14,15,16,17
9366,1,2,3,4,5,6,7,8,9,10,11,12,13,14,15,16,17
9367,1,2,3,4,5,6,7,8,9,10,11,12,13,14,15,16,17
9368,1,2,3,4,5,6,7,8,9,10,11,12,13,14,15,16,17
9369,1,2,3,4,5,6,7,8,9,10,11,12,13,14,15,16,17
9370,1,2,3,4,5,6,7,8,9,10,11,12,13,14,15,16,17
9371,1,2,3,4,5,6,7,8,9,10,11,12,13,14,15,16,17
9372,1,2,3,4,5,6,7,8,9,10,11,12,13,14,15,16,17
9373,1,2,3,4,5,6,7,8,9,10,11,12,13,14,15,16,17
9374,1,2,3,4,5,6,7,8,9,10,11,12,13,14,15,16,17
9375,1,2,3,4,5,6,7,8,9,10,11,12,13,14,15,16,17
9376,1,2,3,4,5,6,7,8,9,10,11,12,13,14,15,16,17
9377,1,2,3,4,5,6,7,8,9,10,11,12,13,14,15,16,17
9378,1,2,3,4,5,6,7,8,9,10,11,12,13,14,15,16,17
9379,1,2,3,4,5,6,7,8,9,10,11,12,13,14,15,16,17
9380,1,2,3,4,5,6,7,8,9,10,11,12,13,14,15,16,17
9381,1,2,3,4,5,6,7,8,9,10,11,12,13,14,15,16,17
9382,1,2,3,4,5,6,7,8,9,10,11,12,13,14,15,16,17
9383,1,2,3,4,5,6,7,8,9,10,11,12,13,14,15,16,17
9384,1,2,3,4,5,6,7,8,9,10,11,12,13,14,15,16,17
9385,1,2,3,4,5,6,7,8,9,10,11,12,13,14,15,16,17
9386,1,2,3,4,5,6,7,8,9,10,11,12,13,14,15,16,17
9387,1,2,3,4,5,6,7,8,9,10,11,12,13,14,15,16,17
9388,1,2,3,4,5,6,7,8,9,10,11,12,13,14,15,16,17
9389,1,2,3,4,5,6,7,8,9,10,11,12,13,14,15,16,17
9390,1,2,3,4,5,6,7,8,9,10,11,12,13,14,15,16,17
9391,1,2,3,4,5,6,7,8,9,10,11,12,13,14,15,16,17
9392,1,2,3,4,5,6,7,8,9,10,11,12,13,14,15,16,17
9393,1,2,3,4,5,6,7,8,9,10,11,12,13,14,15,16,17
9394,1,2,3,4,5,6,7,8,9,10,11,12,13,14,15,16,17
9395,1,2,3,4,5,6,7,8,9,10,11,12,13,14,15,16,17
9396,1,2,3,4,5,6,7,8,9,10,11,12,13,14,15,16,17
9397,1,2,3,4,5,6,7,8,9,10,11,12,13,14,15,16,17
9398,1,2,3,4,5,6,7,8,9,10,11,12,13,14,15,16,17
9399,1,2,3,4,5,6,7,8,9,10,11,12,13,14,15,16,17
9400,1,2,3,4,5,6,7,8,9,10,11,12,13,14,15,16,17
9401,1,2,3,4,5,6,7,8,9,10,11,12,13,14,15,16,17
9402,1,2,3,4,5,6,7,8,9,10,11,12,13,14,15,16,17
9403,1,2,3,4,5,6,7,8,9,10,11,12,13,14,15,16,17
9404,1,2,3,4,5,6,7,8,9,10,11,12,13,14,15,16,17
9405,1,2,3,4,5,6,7,8,9,10,11,12,13,14,15,16,17
9406,1,2,3,4,5,6,7,8,9,10,11,12,13,14,15,16,17
9407,1,2,3,4,5,6,7,8,9,10,11,12,13,14,15,16,17
9408,1,2,3,4,5,6,7,8,9,10,11,12,13,14,15,16,17
9409,1,2,3,4,5,6,7,8,9,10,11,12,13,14,15,16,17
9410,1,2,3,4,5,6,7,8,9,10,11,12,13,14,15,16,17
9411,1,2,3,4,5,6,7,8,9,10,11,12,13,14,15,16,17
9412,1,2,3,4,5,6,7,8,9,10,11,12,13,14,15,16,17
9413,1,2,3,4,5,6,7,8,9,10,11,12,13,14,15,16,17
9414,1,2,3,4,5,6,7,8,9,10,11,12,13,14,15,16,17
9415,1,2,3,4,5,6,7,8,9,10,11,12,13,14,15,16,17
9416,1,2,3,4,5,6,7,8,9,10,11,12,13,14,15,16,17
9417,1,2,3,4,5,6,7,8,9,10,11,12,13,14,15,16,17
9418,1,2,3,4,5,6,7,8,9,10,11,12,13,14,15,16,17
9419,1,2,3,4,5,6,7,8,9,10,11,12,13,14,15,16,17
9420,1,2,3,4,5,6,7,8,9,10,11,12,13,14,15,16,17
9421,1,2,3,4,5,6,7,8,9,10,11,12,13,14,15,16,17
9422,1,2,3,4,5,6,7,8,9,10,11,12,13,14,15,16,17
9423,1,2,3,4,5,6,7,8,9,10,11,12,13,14,15,16,17
9424,1,2,3,4,5,6,7,8,9,10,11,12,13,14,15,16,17
9425,1,2,3,4,5,6,7,8,9,10,11,12,13,14,15,16,17
9426,1,2,3,4,5,6,7,8,9,10,11,12,13,14,15,16,17
9427,1,2,3,4,5,6,7,8,9,10,11,12,13,14,15,16,17
9428,1,2,3,4,5,6,7,8,9,10,11,12,13,14,15,16,17
9429,1,2,3,4,5,6,7,8,9,10,11,12,13,14,15,16,17
9430,1,2,3,4,5,6,7,8,9,10,11,12,13,14,15,16,17
9431,1,2,3,4,5,6,7,8,9,10,11,12,13,14,15,16,17
9432,1,2,3,4,5,6,7,8,9,10,11,12,13,14,15,16,17
9433,1,2,3,4,5,6,7,8,9,10,11,12,13,14,15,16,17
9434,1,2,3,4,5,6,7,8,9,10,11,12,13,14,15,16,17
9435,1,2,3,4,5,6,7,8,9,10,11,12,13,14,15,16,17
9436,1,2,3,4,5,6,7,8,9,10,11,12,13,14,15,16,17
9437,1,2,3,4,5,6,7,8,9,10,11,12,13,14,15,16,17
9438,1,2,3,4,5,6,7,8,9,10,11,12,13,14,15,16,17
9439,1,2,3,4,5,6,7,8,9,10,11,12,13,14,15,16,17
9440,1,2,3,4,5,6,7,8,9,10,11,12,13,14,15,16,17
9441,1,2,3,4,5,6,7,8,9,10,11,12,13,14,15,16,17
9442,1,2,3,4,5,6,7,8,9,10,11,12,13,14,15,16,17
9443,1,2,3,4,5,6,7,8,9,10,11,12,13,14,15,16,17
9444,1,2,3,4,5,6,7,8,9,10,11,12,13,14,15,16,17
9445,1,2,3,4,5,6,7,8,9,10,11,12,13,14,15,16,17
9446,1,2,3,4,5,6,7,8,9,10,11,12,13,14,15,16,17
9447,1,2,3,4,5,6,7,8,9,10,11,12,13,14,15,16,17
9448,1,2,3,4,5,6,7,8,9,10,11,12,13,14,15,16,17
9449,1,2,3,4,5,6,7,8,9,10,11,12,13,14,15,16,17
9450,1,2,3,4,5,6,7,8,9,10,11,12,13,14,15,16,17
9451,1,3,3,4,3,6,7,8,4,10,4,12,6,6,15,8,8
9452,2,2,3,4,3,6,7,8,3,4,11,6,6,14,8,8,17
9453,2,2,3,4,2,6,7,8,9,3,3,12,4,6,6,16,8
9454,1,2,3,4,5,6,7,8,9,10,11,12,13,14,15,16,17
9455,1,2,3,4,5,6,7,8,9,10,11,12,13,14,15,16,17
9456,1,2,3,4,5,6,7,8,9,10,11,12,13,14,15,16,17
9457,1,2,3,4,5,6,7,8,9,10,11,12,13,14,15,16,17
9458,1,2,3,4,5,6,7,8,9,10,11,12,13,14,15,16,17
9459,1,2,3,4,5,6,7,8,9,10,11,12,13,14,15,16,17
9460,1,2,3,4,5,6,7,8,9,10,11,12,13,14,15,16,17
9461,1,2,3,4,5,6,7,8,9,10,11,12,13,14,15,16,17
9462,1,2,3,4,5,6,7,8,9,10,11,12,13,14,15,16,17
9463,1,2,3,4,5,6,7,8,9,10,11,12,13,14,15,16,17
9464,1,2,3,4,5,6,7,8,9,10,11,12,13,14,15,16,17
9465,1,2,3,4,5,6,7,8,9,10,11,12,13,14,15,16,17
9466,1,2,3,4,5,6,7,8,9,10,11,12,13,14,15,16,17
9467,1,2,3,4,5,6,7,8,9,10,11,12,13,14,15,16,17
9468,1,2,3,4,5,6,7,8,9,10,11,12,13,14,15,16,17
9469,1,2,3,4,5,6,7,8,9,10,11,12,13,14,15,16,17
9470,1,2,3,4,5,6,7,8,9,10,11,12,13,14,15,16,17
9471,1,2,3,4,5,6,7,8,9,10,11,12,13,14,15,16,17
9472,1,2,3,4,5,6,7,8,9,10,11,12,13,14,15,16,17
9473,1,2,3,4,5,6,7,8,9,10,11,12,13,14,15,16,17
9474,1,2,3,4,5,6,7,8,9,10,11,12,13,14,15,16,17
9475,1,2,3,4,5,6,7,8,9,10,11,12,13,14,15,16,17
9476,1,2,3,4,5,6,7,8,9,10,11,12,13,14,15,16,17
9477,1,2,3,4,5,6,7,8,9,10,11,12,13,14,15,16,17
9478,1,2,3,4,5,6,7,8,9,10,11,12,13,14,15,16,17
9479,1,2,3,4,5,6,7,8,9,10,11,12,13,14,15,16,17
9480,1,2,3,4,5,6,7,8,9,10,11,12,13,14,15,16,17
9481,1,2,3,4,5,6,7,8,9,10,11,12,13,14,15,16,17
9482,1,2,3,4,5,6,7,8,9,10,11,12,13,14,15,16,17
9483,1,2,3,4,5,6,7,8,9,10,11,12,13,14,15,16,17
9484,1,2,3,4,5,6,7,8,9,10,11,12,13,14,15,16,17
9485,1,2,3,4,5,6,7,8,9,10,11,12,13,14,15,16,17
9486,1,2,3,4,5,6,7,8,9,10,11,12,13,14,15,16,17
9487,1,2,3,4,5,6,7,8,9,10,11,12,13,14,15,16,17
9488,1,2,3,4,5,6,7,8,9,10,11,12,13,14,15,16,17
9489,1,2,3,4,5,6,7,8,9,10,11,12,13,14,15,16,17
9490,1,2,3,4,5,6,7,8,9,10,11,12,13,14,15,16,17
9491,1,2,3,4,5,6,7,8,9,10,11,12,13,14,15,16,17
9492,1,2,3,4,5,6,7,8,9,10,11,12,13,14,15,16,17
9493,1,2,3,4,5,6,7,8,9,10,11,12,13,14,15,16,17
9494,1,2,3,4,5,6,7,8,9,10,11,12,13,14,15,16,17
9495,1,2,3,4,5,6,7,8,9,10,11,12,13,14,15,16,17
9496,1,2,3,4,5,6,7,8,9,10,11,12,13,14,15,16,17
9497,1,2,3,4,5,6,7,8,9,10,11,12,13,14,15,16,17
9498,1,2,3,4,5,6,7,8,9,10,11,12,13,14,15,16,17
9499,1,2,3,4,5,6,7,8,9,10,11,12,13,14,15,16,17
9500,1,2,3,4,5,6,7,8,9,10,11,12,13,14,15,16,17
9501,1,2,3,4,5,6,7,8,9,10,11,12,13,14,15,16,17
9502,1,2,3,4,5,6,7,8,9,10,11,12,13,14,15,16,17
9503,1,2,3,4,5,6,7,8,9,10,11,12,13,14,15,16,17
9504,1,2,3,4,5,6,7,8,9,10,11,12,13,14,15,16,17
9505,1,2,3,4,5,6,7,8,9,10,11,12,13,14,15,16,17
9506,1,2,3,4,5,6,7,8,9,10,11,12,13,14,15,16,17
9507,1,2,3,4,5,6,7,8,9,10,11,12,13,14,15,16,17
9508,1,2,3,4,5,6,7,8,9,10,11,12,13,14,15,16,17
9509,1,2,3,4,5,6,7,8,9,10,11,12,13,14,15,16,17
9510,1,2,3,4,5,6,7,8,9,10,11,12,13,14,15,16,17
9511,1,2,3,4,5,6,7,8,9,10,11,12,13,14,15,16,17
9512,1,2,3,4,5,6,7,8,9,10,11,12,13,14,15,16,17
9513,1,2,3,4,5,6,7,8,9,10,11,12,13,14,15,16,17
9514,1,2,3,4,5,6,7,8,9,10,11,12,13,14,15,16,17
9515,1,2,3,4,5,6,7,8,9,10,11,12,13,14,15,16,17
9516,1,2,3,4,5,6,7,8,9,10,11,12,13,14,15,16,17
9517,1,2,3,4,5,6,7,8,9,10,11,12,13,14,15,16,17
9518,1,2,3,4,5,6,7,8,9,10,11,12,13,14,15,16,17
9519,1,2,3,4,5,6,7,8,9,10,11,12,13,14,15,16,17
9520,1,2,3,4,5,6,7,8,9,10,11,12,13,14,15,16,17
9521,1,2,3,4,5,6,7,8,9,10,11,12,13,14,15,16,17
9522,1,2,3,4,5,6,7,8,9,10,11,12,13,14,15,16,17
9523,1,2,3,4,5,6,7,8,9,10,11,12,13,14,15,16,17
9524,1,2,3,4,5,6,7,8,9,10,11,12,13,14,15,16,17
9525,1,2,3,4,5,6,7,8,9,10,11,12,13,14,15,16,17
9526,1,2,3,4,5,6,7,8,9,10,11,12,13,14,15,16,17
9527,1,2,3,4,5,6,7,8,9,10,11,12,13,14,15,16,17
9528,1,2,3,4,5,6,7,8,9,10,11,12,13,14,15,16,17
9529,1,2,3,4,5,6,7,8,9,10,11,12,13,14,15,16,17
9530,1,2,3,4,5,6,7,8,9,10,11,12,13,14,15,16,17
9531,1,2,3,4,5,6,7,8,9,10,11,12,13,14,15,16,17
9532,1,2,3,4,5,6,7,8,9,10,11,12,13,14,15,16,17
9533,1,2,3,4,5,6,7,8,9,10,11,12,13,14,15,16,17
9534,1,2,3,4,5,6,7,8,9,10,11,12,13,14,15,16,17
9535,1,2,3,4,5,6,7,8,9,10,11,12,13,14,15,16,17
9536,1,2,3,4,5,6,7,8,9,10,11,12,13,14,15,16,17
9537,1,2,3,4,5,6,7,8,9,10,11,12,13,14,15,16,17
9538,1,2,3,4,5,6,7,8,9,10,11,12,13,14,15,16,17
9539,1,2,3,4,5,6,7,8,9,10,11,12,13,14,15,16,17
9540,1,2,3,4,5,6,7,8,9,10,11,12,13,14,15,16,17
9541,1,2,3,4,5,6,7,8,9,10,11,12,13,14,15,16,17
9542,1,2,3,4,5,6,7,8,9,10,11,12,13,14,15,16,17
9543,1,2,3,4,5,6,7,8,9,10,11,12,13,14,15,16,17
9544,1,2,3,4,5,6,7,8,9,10,11,12,13,14,15,16,17
9545,1,2,3,4,5,6,7,8,9,10,11,12,13,14,15,16,17
9546,1,2,3,4,5,6,7,8,9,10,11,12,13,14,15,16,17
9547,1,2,3,4,5,6,7,8,9,10,11,12,13,14,15,16,17
9548,1,2,3,4,5,6,7,8,9,10,11,12,13,14,15,16,17
9549,1,2,3,4,5,6,7,8,9,10,11,12,13,14,15,16,17
9550,1,2,3,4,5,6,7,8,9,10,11,12,13,14,15,16,17
9551,1,2,3,4,5,6,7,8,9,10,11,12,13,14,15,16,17
9552,1,2,3,4,5,6,7,8,9,10,11,12,13,14,15,16,17
9553,1,2,3,4,5,6,7,8,9,10,11,12,13,14,15,16,17
9554,1,2,3,4,5,6,7,8,9,10,11,12,13,14,15,16,17
9555,1,2,3,4,5,6,7,8,9,10,11,12,13,14,15,16,17
9556,1,2,3,4,5,6,7,8,9,10,11,12,13,14,15,16,17
9557,1,2,3,4,5,6,7,8,9,10,11,12,13,14,15,16,17
9558,1,2,3,4,5,6,7,8,9,10,11,12,13,14,15,16,17
9559,1,2,3,4,5,6,7,8,9,10,11,12,13,14,15,16,17
9560,1,2,3,4,5,6,7,8,9,10,11,12,13,14,15,16,17
9561,1,2,3,4,5,6,7,8,9,10,11,12,13,14,15,16,17
9562,1,2,3,4,5,6,7,8,9,10,11,12,13,14,15,16,17
9563,1,2,3,4,5,6,7,8,9,10,11,12,13,14,15,16,17
9564,1,2,3,4,5,6,7,8,9,10,11,12,13,14,15,16,17
9565,1,2,3,4,5,6,7,8,9,10,11,12,13,14,15,16,17
9566,1,2,3,4,5,6,7,8,9,10,11,12,13,14,15,16,17
9567,1,2,3,4,5,6,7,8,9,10,11,12,13,14,15,16,17
9568,1,2,3,4,5,6,7,8,9,10,11,12,13,14,15,16,17
9569,1,2,3,4,5,6,7,8,9,10,11,12,13,14,15,16,17
9570,1,2,3,4,5,6,7,8,9,10,11,12,13,14,15,16,17
9571,1,2,3,4,5,6,7,8,9,10,11,12,13,14,15,16,17
9572,1,2,3,4,5,6,7,8,9,10,11,12,13,14,15,16,17
9573,1,2,3,4,5,6,7,8,9,10,11,12,13,14,15,16,17
9574,1,2,3,4,5,6,7,8,9,10,11,12,13,14,15,16,17
9575,1,2,3,4,5,6,7,8,9,10,11,12,13,14,15,16,17
9576,1,2,3,4,5,6,7,8,9,10,11,12,13,14,15,16,17
9577,1,2,3,4,5,6,7,8,9,10,11,12,13,14,15,16,17
9578,1,2,3,4,5,6,7,8,9,10,11,12,13,14,15,16,17
9579,1,2,3,4,5,6,7,8,9,10,11,12,13,14,15,16,17
9580,1,2,3,4,5,6,7,8,9,10,11,12,13,14,15,16,17
9581,1,2,3,4,5,6,7,8,9,10,11,12,13,14,15,16,17
9582,1,2,3,4,5,6,7,8,9,10,11,12,13,14,15,16,17
9583,1,2,3,4,5,6,7,8,9,10,11,12,13,14,15,16,17
9584,1,2,3,4,5,6,7,8,9,10,11,12,13,14,15,16,17
9585,1,2,3,4,5,6,7,8,9,10,11,12,13,14,15,16,17
9586,1,2,3,4,5,6,7,8,9,10,11,12,13,14,15,16,17
9587,1,2,3,4,5,6,7,8,9,10,11,12,13,14,15,16,17
9588,1,2,3,4,5,6,7,8,9,10,11,12,13,14,15,16,17
9589,1,2,3,4,5,6,7,8,9,10,11,12,13,14,15,16,17
9590,1,2,3,4,5,6,7,8,9,10,11,12,13,14,15,16,17
9591,1,2,3,4,5,6,7,8,9,10,11,12,13,14,15,16,17
9592,1,2,3,4,5,6,7,8,9,10,11,12,13,14,15,16,17
9593,1,2,3,4,5,6,7,8,9,10,11,12,13,14,15,16,17
9594,1,2,3,4,5,6,7,8,9,10,11,12,13,14,15,16,17
9595,1,2,3,4,5,6,7,8,9,10,11,12,13,14,15,16,17
9596,1,2,3,4,5,6,7,8,9,10,11,12,13,14,15,16,17
9597,1,3,3,4,3,6,7,8,4,10,4,6,13,6,8,16,8
9598,3,2,3,4,5,6,3,8,3,10,6,12,13,6,15,6,17
9599,1,2,3,4,5,6,7,8,9,10,11,12,13,14,15,16,17
9600,1,2,3,4,5,6,7,8,9,10,11,12,13,14,15,16,17
9601,1,2,3,4,5,6,7,8,9,10,11,12,13,14,15,16,17
9602,1,2,3,4,5,6,7,8,9,10,11,12,13,14,15,16,17
9603,1,2,3,4,5,6,7,8,9,10,11,12,13,14,15,16,17
9604,1,2,3,4,5,6,7,8,9,10,11,12,13,14,15,16,17
9605,1,2,3,4,5,6,7,8,9,10,11,12,13,14,15,16,17
9606,1,2,3,4,5,6,7,8,9,10,11,12,13,14,15,16,17
9607,1,2,3,4,5,6,7,8,9,10,11,12,13,14,15,16,17
9608,1,2,3,4,5,6,7,8,9,10,11,12,13,14,15,16,17
9609,1,2,3,4,5,6,7,8,9,10,11,12,13,14,15,16,17
9610,1,2,3,4,5,6,7,8,9,10,11,12,13,14,15,16,17
9611,1,2,3,4,5,6,7,8,9,10,11,12,13,14,15,16,17
9612,1,2,3,4,5,6,7,8,9,10,11,12,13,14,15,16,17
9613,1,2,3,4,5,6,7,8,9,10,11,12,13,14,15,16,17
9614,1,2,3,4,5,6,7,8,9,10,11,12,13,14,15,16,17
9615,1,2,3,4,5,6,7,8,9,10,11,12,13,14,15,16,17
9616,1,2,3,4,5,6,7,8,9,10,11,12,13,14,15,16,17
9617,1,2,3,4,5,6,7,8,9,10,11,12,13,14,15,16,17
9618,1,2,3,4,5,6,7,8,9,10,11,12,13,14,15,16,17
9619,1,2,3,4,5,6,7,8,9,10,11,12,13,14,15,16,17
9620,1,2,3,4,5,6,7,8,9,10,11,12,13,14,15,16,17
9621,1,2,3,4,5,6,7,8,9,10,11,12,13,14,15,16,17
9622,1,2,3,4,5,6,7,8,9,10,11,12,13,14,15,16,17
9623,1,2,3,4,5,6,7,8,9,10,11,12,13,14,15,16,17
9624,1,2,3,4,5,6,7,8,9,10,11,12,13,14,15,16,17
9625,1,2,3,4,5,6,7,8,9,10,11,12,13,14,15,16,17
9626,1,2,3,4,5,6,7,8,9,10,11,12,13,14,15,16,17
9627,1,2,3,4,5,6,7,8,9,10,11,12,13,14,15,16,17
9628,1,2,3,4,5,6,7,8,9,10,11,12,13,14,15,16,17
9629,1,2,3,4,5,6,7,8,9,10,11,12,13,14,15,16,17
9630,1,2,3,4,5,6,7,8,9,10,11,12,13,14,15,16,17
9631,1,2,3,4,5,6,7,8,9,10,11,12,13,14,15,16,17
9632,1,2,3,4,5,6,7,8,9,10,11,12,13,14,15,16,17
9633,1,2,3,4,5,6,7,8,9,10,11,12,13,14,15,16,17
9634,1,2,3,4,5,6,7,8,9,10,11,12,13,14,15,16,17
9635,1,2,3,4,5,6,7,8,9,10,11,12,13,14,15,16,17
9636,1,2,3,4,5,6,7,8,9,10,11,12,13,14,15,16,17
9637,1,2,3,4,5,6,7,8,9,10,11,12,13,14,15,16,17
9638,1,2,3,4,5,6,7,8,9,10,11,12,13,14,15,16,17
9639,1,2,3,4,5,6,7,8,9,10,11,12,13,14,15,16,17
9640,1,2,3,4,5,6,7,8,9,10,11,12,13,14,15,16,17
9641,1,2,3,4,5,6,7,8,9,10,11,12,13,14,15,16,17
9642,1,2,3,4,5,6,7,8,9,10,11,12,13,14,15,16,17
9643,1,2,3,4,5,6,7,8,9,10,11,12,13,14,15,16,17
9644,1,2,3,4,5,6,7,8,9,10,11,12,13,14,15,16,17
9645,1,2,3,4,5,6,7,8,9,10,11,12,13,14,15,16,17
9646,1,2,3,4,5,6,7,8,9,10,11,12,13,14,15,16,17
9647,1,2,3,4,5,6,7,8,9,10,11,12,13,14,15,16,17
9648,1,2,3,4,5,6,7,8,9,10,11,12,13,14,15,16,17
9649,1,2,3,4,5,6,7,8,9,10,11,12,13,14,15,16,17
9650,1,2,3,4,5,6,7,8,9,10,11,12,13,14,15,16,17
9651,1,2,3,4,5,6,7,8,9,10,11,12,13,14,15,16,17
9652,1,2,3,4,5,6,7,8,9,10,11,12,13,14,15,16,17
9653,1,2,3,4,5,6,7,8,9,10,11,12,13,14,15,16,17
9654,1,2,3,4,5,6,7,8,9,10,11,12,13,14,15,16,17
9655,1,2,3,4,5,6,7,8,9,10,11,12,13,14,15,16,17
9656,1,2,3,4,5,6,7,8,9,10,11,12,13,14,15,16,17
9657,1,2,3,4,5,6,7,8,9,10,11,12,13,14,15,16,17
9658,1,2,3,4,5,6,7,8,9,10,11,12,13,14,15,16,17
9659,1,2,3,4,5,6,7,8,9,10,11,12,13,14,15,16,17
9660,1,2,3,4,5,6,7,8,9,10,11,12,13,14,15,16,17
9661,1,2,3,4,5,6,7,8,9,10,11,12,13,14,15,16,17
9662,1,2,3,4,5,6,7,8,9,10,11,12,13,14,15,16,17
9663,1,2,3,4,5,6,7,8,9,10,11,12,13,14,15,16,17
9664,1,2,3,4,5,6,7,8,9,10,11,12,13,14,15,16,17
9665,1,2,3,4,5,6,7,8,9,10,11,12,13,14,15,16,17
9666,1,2,3,4,5,6,7,8,9,10,11,12,13,14,15,16,17
9667,1,2,3,4,5,6,7,8,9,10,11,12,13,14,15,16,17
9668,1,2,3,4,5,6,7,8,9,10,11,12,13,14,15,16,17
9669,1,2,3,4,5,6,7,8,9,10,11,12,13,14,15,16,17
9670,1,2,3,4,5,6,7,8,9,10,11,12,13,14,15,16,17
9671,1,2,3,4,5,6,7,8,9,10,11,12,13,14,15,16,17
9672,1,2,3,4,5,6,7,8,9,10,11,12,13,14,15,16,17
9673,1,2,3,4,5,6,7,8,9,10,11,12,13,14,15,16,17
9674,1,2,3,4,5,6,7,8,9,10,11,12,13,14,15,16,17
9675,1,2,3,4,5,6,7,8,9,10,11,12,13,14,15,16,17
9676,1,2,3,4,5,6,7,8,9,10,11,12,13,14,15,16,17
9677,1,2,3,4,5,6,7,8,9,10,11,12,13,14,15,16,17
9678,1,2,3,4,5,6,7,8,9,10,11,12,13,14,15,16,17
9679,1,2,3,4,5,6,7,8,9,10,11,12,13,14,15,16,17
9680,1,2,3,4,5,6,7,8,9,10,11,12,13,14,15,16,17
9681,1,2,3,4,5,6,7,8,9,10,11,12,13,14,15,16,17
9682,1,2,3,4,5,6,7,8,9,10,11,12,13,14,15,16,17
9683,1,2,3,4,5,6,7,8,9,10,11,12,13,14,15,16,17
9684,1,2,3,4,5,6,7,8,9,10,11,12,13,14,15,16,17
9685,1,2,3,4,5,6,7,8,9,10,11,12,13,14,15,16,17
9686,1,2,3,4,5,6,7,8,9,10,11,12,13,14,15,16,17
9687,1,2,3,4,5,6,7,8,9,10,11,12,13,14,15,16,17
9688,1,2,3,4,5,6,7,8,9,10,11,12,13,14,15,16,17
9689,1,2,3,4,5,6,7,8,9,10,11,12,13,14,15,16,17
9690,1,2,3,4,5,6,7,8,9,10,11,12,13,14,15,16,17
9691,1,2,3,4,5,6,7,8,9,10,11,12,13,14,15,16,17
9692,1,2,3,4,5,6,7,8,9,10,11,12,13,14,15,16,17
9693,1,2,3,4,5,6,7,8,9,10,11,12,13,14,15,16,17
9694,1,2,3,4,5,6,7,8,9,10,11,12,13,14,15,16,17
9695,1,2,3,4,5,6,7,8,9,10,11,12,13,14,15,16,17
9696,1,2,3,4,5,6,7,8,9,10,11,12,13,14,15,16,17
9697,1,2,3,4,5,6,7,8,9,10,11,12,13,14,15,16,17
9698,1,2,3,4,5,6,7,8,9,10,11,12,13,14,15,16,17
9699,1,2,3,4,5,6,7,8,9,10,11,12,13,14,15,16,17
9700,1,2,3,4,5,6,7,8,9,10,11,12,13,14,15,16,17
9701,1,2,3,4,5,6,7,8,9,10,11,12,13,14,15,16,17
9702,1,2,3,4,5,6,7,8,9,10,11,12,13,14,15,16,17
9703,1,2,3,4,5,6,7,8,9,10,11,12,13,14,15,16,17
9704,1,2,3,4,5,6,7,8,9,10,11,12,13,14,15,16,17
9705,1,2,3,4,5,6,7,8,9,10,11,12,13,14,15,16,17
9706,1,2,3,4,5,6,7,8,9,10,11,12,13,14,15,16,17
9707,1,2,3,4,5,6,7,8,9,10,11,12,13,14,15,16,17
9708,1,2,3,4,5,6,7,8,9,10,11,12,13,14,15,16,17
9709,1,2,3,4,5,6,7,8,9,10,11,12,13,14,15,16,17
9710,1,2,3,4,5,6,7,8,9,10,11,12,13,14,15,16,17
9711,1,2,3,4,5,6,7,8,9,10,11,12,13,14,15,16,17
9712,1,2,3,4,5,6,7,8,9,10,11,12,13,14,15,16,17
9713,1,2,3,4,5,6,7,8,9,10,11,12,13,14,15,16,17
9714,1,2,3,4,5,6,7,8,9,10,11,12,13,14,15,16,17
9715,1,2,3,4,5,6,7,8,9,10,11,12,13,14,15,16,17
9716,1,2,3,4,5,6,7,8,9,10,11,12,13,14,15,16,17
9717,1,2,3,4,5,6,7,8,9,10,11,12,13,14,15,16,17
9718,1,2,3,4,5,6,7,8,9,10,11,12,13,14,15,16,17
9719,1,2,3,4,5,6,7,8,9,10,11,12,13,14,15,16,17
9720,1,2,3,4,5,6,7,8,9,10,11,12,13,14,15,16,17
9721,1,2,3,4,5,6,7,8,9,10,11,12,13,14,15,16,17
9722,1,2,3,4,5,6,7,8,9,10,11,12,13,14,15,16,17
9723,1,2,3,4,5,6,7,8,9,10,11,12,13,14,15,16,17
9724,1,2,3,4,5,6,7,8,9,10,11,12,13,14,15,16,17
9725,1,2,3,4,5,6,7,8,9,10,11,12,13,14,15,16,17
9726,1,2,3,4,5,6,7,8,9,10,11,12,13,14,15,16,17
9727,1,2,3,4,5,6,7,8,9,10,11,12,13,14,15,16,17
9728,1,2,3,4,5,6,7,8,9,10,11,12,13,14,15,16,17
9729,1,2,3,4,5,6,7,8,9,10,11,12,13,14,15,16,17
9730,1,2,3,4,5,6,7,8,9,10,11,12,13,14,15,16,17
9731,1,2,3,4,5,6,7,8,9,10,11,12,13,14,15,16,17
9732,1,2,3,4,5,6,7,8,9,10,11,12,13,14,15,16,17
9733,1,2,3,4,5,6,7,8,9,10,11,12,13,14,15,16,17
9734,1,2,3,4,5,6,7,8,9,10,11,12,13,14,15,16,17
9735,1,2,3,4,5,6,7,8,9,10,11,12,13,14,15,16,17
9736,1,2,3,4,5,6,7,8,9,10,11,12,13,14,15,16,17
9737,1,2,3,4,5,6,7,8,9,10,11,12,13,14,15,16,17
9738,1,2,3,4,5,6,7,8,9,10,11,12,13,14,15,16,17
9739,1,2,3,4,5,6,7,8,9,10,11,12,13,14,15,16,17
9740,3,2,3,4,5,6,7,8,4,4,11,6,6,14,8,8,17
9741,3,2,3,4,3,6,7,3,9,4,11,6,13,6,15,6,17
9742,1,2,3,4,5,6,7,8,9,10,11,12,13,14,15,16,17
9743,1,2,3,4,5,6,7,8,9,10,11,12,13,14,15,16,17
9744,1,2,3,4,5,6,7,8,9,10,11,12,13,14,15,16,17
9745,1,2,3,4,5,6,7,8,9,10,11,12,13,14,15,16,17
9746,1,2,3,4,5,6,7,8,9,10,11,12,13,14,15,16,17
9747,1,2,3,4,5,6,7,8,9,10,11,12,13,14,15,16,17
9748,1,2,3,4,5,6,7,8,9,10,11,12,13,14,15,16,17
9749,1,2,3,4,5,6,7,8,9,10,11,12,13,14,15,16,17
9750,1,2,3,4,5,6,7,8,9,10,11,12,13,14,15,16,17
9751,1,2,3,4,5,6,7,8,9,10,11,12,13,14,15,16,17
9752,1,2,3,4,5,6,7,8,9,10,11,12,13,14,15,16,17
9753,1,2,3,4,5,6,7,8,9,10,11,12,13,14,15,16,17
9754,1,2,3,4,5,6,7,8,9,10,11,12,13,14,15,16,17
9755,1,2,3,4,5,6,7,8,9,10,11,12,13,14,15,16,17
9756,1,2,3,4,5,6,7,8,9,10,11,12,13,14,15,16,17
9757,1,2,3,4,5,6,7,8,9,10,11,12,13,14,15,16,17
9758,1,2,3,4,5,6,7,8,9,10,11,12,13,14,15,16,17
9759,1,2,3,4,5,6,7,8,9,10,11,12,13,14,15,16,17
9760,1,2,3,4,5,6,7,8,9,10,11,12,13,14,15,16,17
9761,1,2,3,4,5,6,7,8,9,10,11,12,13,14,15,16,17
9762,1,2,3,4,5,6,7,8,9,10,11,12,13,14,15,16,17
9763,1,2,3,4,5,6,7,8,9,10,11,12,13,14,15,16,17
9764,1,2,3,4,5,6,7,8,9,10,11,12,13,14,15,16,17
9765,1,2,3,4,5,6,7,8,9,10,11,12,13,14,15,16,17
9766,1,2,3,4,5,6,7,8,9,10,11,12,13,14,15,16,17
9767,1,2,3,4,5,6,7,8,9,10,11,12,13,14,15,16,17
9768,1,2,3,4,5,6,7,8,9,10,11,12,13,14,15,16,17
9769,1,2,3,4,5,6,7,8,9,10,11,12,13,14,15,16,17
9770,1,2,3,4,5,6,7,8,9,10,11,12,13,14,15,16,17
9771,1,2,3,4,5,6,7,8,9,10,11,12,13,14,15,16,17
9772,1,2,3,4,5,6,7,8,9,10,11,12,13,14,15,16,17
9773,1,2,3,4,5,6,7,8,9,10,11,12,13,14,15,16,17
9774,1,2,3,4,5,6,7,8,9,10,11,12,13,14,15,16,17
9775,1,2,3,4,5,6,7,8,9,10,11,12,13,14,15,16,17
9776,1,2,3,4,5,6,7,8,9,10,11,12,13,14,15,16,17
9777,1,2,3,4,5,6,7,8,9,10,11,12,13,14,15,16,17
9778,1,2,3,4,5,6,7,8,9,10,11,12,13,14,15,16,17
9779,1,2,3,4,5,6,7,8,9,10,11,12,13,14,15,16,17
9780,1,2,3,4,5,6,7,8,9,10,11,12,13,14,15,16,17
9781,1,2,3,4,5,6,7,8,9,10,11,12,13,14,15,16,17
9782,1,2,3,4,5,6,7,8,9,10,11,12,13,14,15,16,17
9783,1,2,3,4,5,6,7,8,9,10,11,12,13,14,15,16,17
9784,1,2,3,4,5,6,7,8,9,10,11,12,13,14,15,16,17
9785,1,2,3,4,5,6,7,8,9,10,11,12,13,14,15,16,17
9786,1,2,3,4,5,6,7,8,9,10,11,12,13,14,15,16,17
9787,1,2,3,4,5,6,7,8,9,10,11,12,13,14,15,16,17
9788,1,2,3,4,5,6,7,8,9,10,11,12,13,14,15,16,17
9789,1,2,3,4,5,6,7,8,9,10,11,12,13,14,15,16,17
9790,1,2,3,4,5,6,7,8,9,10,11,12,13,14,15,16,17
9791,1,2,3,4,5,6,7,8,9,10,11,12,13,14,15,16,17
9792,1,2,3,4,5,6,7,8,9,10,11,12,13,14,15,16,17
9793,1,2,3,4,5,6,7,8,9,10,11,12,13,14,15,16,17
9794,1,2,3,4,5,6,7,8,9,10,11,12,13,14,15,16,17
9795,1,2,3,4,5,6,7,8,9,10,11,12,13,14,15,16,17
9796,1,2,3,4,5,6,7,8,9,10,11,12,13,14,15,16,17
9797,1,2,3,4,5,6,7,8,9,10,11,12,13,14,15,16,17
9798,1,2,3,4,5,6,7,8,9,10,11,12,13,14,15,16,17
9799,1,2,3,4,5,6,7,8,9,10,11,12,13,14,15,16,17
9800,1,2,3,4,5,6,7,8,9,10,11,12,13,14,15,16,17
9801,1,2,3,4,5,6,7,8,9,10,11,12,13,14,15,16,17
9802,1,2,3,4,5,6,7,8,9,10,11,12,13,14,15,16,17
9803,1,2,3,4,5,6,7,8,9,10,11,12,13,14,15,16,17
9804,1,2,3,4,5,6,7,8,9,10,11,12,13,14,15,16,17
9805,1,2,3,4,5,6,7,8,9,10,11,12,13,14,15,16,17
9806,1,2,3,4,5,6,7,8,9,10,11,12,13,14,15,16,17
9807,1,2,3,4,5,6,7,8,9,10,11,12,13,14,15,16,17
9808,1,2,3,4,5,6,7,8,9,10,11,12,13,14,15,16,17
9809,1,2,3,4,5,6,7,8,9,10,11,12,13,14,15,16,17
9810,1,2,3,4,5,6,7,8,9,10,11,12,13,14,15,16,17
9811,1,2,3,4,5,6,7,8,9,10,11,12,13,14,15,16,17
9812,1,2,3,4,5,6,7,8,9,10,11,12,13,14,15,16,17
9813,1,2,3,4,5,6,7,8,9,10,11,12,13,14,15,16,17
9814,1,2,3,4,5,6,7,8,9,10,11,12,13,14,15,16,17
9815,1,2,3,4,5,6,7,8,9,10,11,12,13,14,15,16,17
9816,1,2,3,4,5,6,7,8,9,10,11,12,13,14,15,16,17
9817,1,2,3,4,5,6,7,8,9,10,11,12,13,14,15,16,17
9818,1,2,3,4,5,6,7,8,9,10,11,12,13,14,15,16,17
9819,1,2,3,4,5,6,7,8,9,10,11,12,13,14,15,16,17
9820,1,2,3,4,5,6,7,8,9,10,11,12,13,14,15,16,17
9821,1,2,3,4,5,6,7,8,9,10,11,12,13,14,15,16,17
9822,1,2,3,4,5,6,7,8,9,10,11,12,13,14,15,16,17
9823,1,2,3,4,5,6,7,8,9,10,11,12,13,14,15,16,17
9824,1,2,3,4,5,6,7,8,9,10,11,12,13,14,15,16,17
9825,1,2,3,4,5,6,7,8,9,10,11,12,13,14,15,16,17
9826,1,2,3,4,5,6,7,8,9,10,11,12,13,14,15,16,17
9827,1,2,3,4,5,6,7,8,9,10,11,12,13,14,15,16,17
9828,1,2,3,4,5,6,7,8,9,10,11,12,13,14,15,16,17
9829,1,2,3,4,5,6,7,8,9,10,11,12,13,14,15,16,17
9830,1,2,3,4,5,6,7,8,9,10,11,12,13,14,15,16,17
9831,1,2,3,4,5,6,7,8,9,10,11,12,13,14,15,16,17
9832,1,2,3,4,5,6,7,8,9,10,11,12,13,14,15,16,17
9833,1,2,3,4,5,6,7,8,9,10,11,12,13,14,15,16,17
9834,1,2,3,4,5,6,7,8,9,10,11,12,13,14,15,16,17
9835,1,2,3,4,5,6,7,8,9,10,11,12,13,14,15,16,17
9836,1,2,3,4,5,6,7,8,9,10,11,12,13,14,15,16,17
9837,1,2,3,4,5,6,7,8,9,10,11,12,13,14,15,16,17
9838,1,2,3,4,5,6,7,8,9,10,11,12,13,14,15,16,17
9839,1,2,3,4,5,6,7,8,9,10,11,12,13,14,15,16,17
9840,1,2,3,4,5,6,7,8,9,10,11,12,13,14,15,16,17
9841,1,2,3,4,5,6,7,8,9,10,11,12,13,14,15,16,17
9842,1,2,3,4,5,6,7,8,9,10,11,12,13,14,15,16,17
9843,1,2,3,4,5,6,7,8,9,10,11,12,13,14,15,16,17
9844,1,2,3,4,5,6,7,8,9,10,11,12,13,14,15,16,17
9845,1,2,3,4,5,6,7,8,9,10,11,12,13,14,15,16,17
9846,1,2,3,4,5,6,7,8,9,10,11,12,13,14,15,16,17
9847,1,2,3,4,5,6,7,8,9,10,11,12,13,14,15,16,17
9848,1,2,3,4,5,6,7,8,9,10,11,12,13,14,15,16,17
9849,1,2,3,4,5,6,7,8,9,10,11,12,13,14,15,16,17
9850,1,2,3,4,5,6,7,8,9,10,11,12,13,14,15,16,17
9851,1,2,3,4,5,6,7,8,9,10,11,12,13,14,15,16,17
9852,1,2,3,4,5,6,7,8,9,10,11,12,13,14,15,16,17
9853,1,2,3,4,5,6,7,8,9,10,11,12,13,14,15,16,17
9854,1,2,3,4,5,6,7,8,9,10,11,12,13,14,15,16,17
9855,1,2,3,4,5,6,7,8,9,10,11,12,13,14,15,16,17
9856,1,2,3,4,5,6,7,8,9,10,11,12,13,14,15,16,17
9857,1,2,3,4,5,6,7,8,9,10,11,12,13,14,15,16,17
9858,1,2,3,4,5,6,7,8,9,10,11,12,13,14,15,16,17
9859,1,2,3,4,5,6,7,8,9,10,11,12,13,14,15,16,17
9860,1,2,3,4,5,6,7,8,9,10,11,12,13,14,15,16,17
9861,1,2,3,4,5,6,7,8,9,10,11,12,13,14,15,16,17
9862,1,2,3,4,5,6,7,8,9,10,11,12,13,14,15,16,17
9863,1,2,3,4,5,6,7,8,9,10,11,12,13,14,15,16,17
9864,1,2,3,4,5,6,7,8,9,10,11,12,13,14,15,16,17
9865,1,2,3,4,5,6,7,8,9,10,11,12,13,14,15,16,17
9866,1,2,3,4,5,6,7,8,9,10,11,12,13,14,15,16,17
9867,1,2,3,4,5,6,7,8,9,10,11,12,13,14,15,16,17
9868,1,2,3,4,5,6,7,8,9,10,11,12,13,14,15,16,17
9869,1,2,3,4,5,6,7,8,9,10,11,12,13,14,15,16,17
9870,1,2,3,4,5,6,7,8,9,10,11,12,13,14,15,16,17
9871,1,2,3,4,5,6,7,8,9,10,11,12,13,14,15,16,17
9872,1,2,3,4,5,6,7,8,9,10,11,12,13,14,15,16,17
9873,1,2,3,4,5,6,7,8,9,10,11,12,13,14,15,16,17
9874,1,2,3,4,5,6,7,8,9,10,11,12,13,14,15,16,17
9875,1,2,3,4,5,6,7,8,9,10,11,12,13,14,15,16,17
9876,1,2,3,4,5,6,7,8,9,10,11,12,13,14,15,16,17
9877,1,2,3,4,5,6,7,8,9,10,11,12,13,14,15,16,17
9878,1,2,3,4,5,6,7,8,9,10,11,12,13,14,15,16,17
9879,1,2,3,4,5,6,7,8,9,10,11,12,13,14,15,16,17
9880,1,2,3,4,5,6,7,8,9,10,11,12,13,14,15,16,17
9881,1,2,3,4,5,6,7,8,9,10,11,12,13,14,15,16,17
9882,1,2,3,4,5,6,7,8,9,10,11,12,13,14,15,16,17
9883,1,2,2,4,5,6,2,8,2,10,8,12,8,14,8,16,8
9884,1,2,3,4,5,6,7,8,9,2,11,12,13,14,15,16,17
9885,1,2,3,4,5,6,7,8,9,10,11,12,13,14,15,16,17
9886,1,2,3,4,5,6,7,8,9,10,11,12,13,14,15,16,17
9887,1,2,3,4,5,6,7,8,9,10,11,12,13,14,15,16,17
9888,1,2,3,4,5,6,7,8,9,10,11,12,13,14,15,16,17
9889,1,2,3,4,5,6,7,8,9,10,11,12,13,14,15,16,17
9890,1,2,3,4,5,6,7,8,9,10,11,12,13,14,15,16,17
9891,1,2,3,4,5,6,7,8,9,10,11,12,13,14,15,16,17
9892,1,2,3,4,5,6,7,8,9,10,11,12,13,14,15,16,17
9893,1,2,3,4,5,6,7,8,9,10,11,12,13,14,15,16,17
9894,1,2,3,4,5,6,7,8,9,10,11,12,13,14,15,16,17
9895,1,2,3,4,5,6,7,8,9,10,11,12,13,14,15,16,17
9896,1,2,3,4,5,6,7,8,9,10,11,12,13,14,15,16,17
9897,1,2,3,4,5,6,7,8,9,10,11,12,13,14,15,16,17
9898,1,2,3,4,5,6,7,8,9,10,11,12,13,14,15,16,17
9899,1,2,3,4,5,6,7,8,9,10,11,12,13,14,15,16,17
9900,1,2,3,4,5,6,7,8,9,10,11,12,13,14,15,16,17
9901,1,2,3,4,5,6,7,8,9,10,11,12,13,14,15,16,17
9902,1,2,3,4,5,6,7,8,9,10,11,12,13,14,15,16,17
9903,1,2,3,4,5,6,7,8,9,10,11,12,13,14,15,16,17
9904,1,2,3,4,5,6,7,8,9,10,11,12,13,14,15,16,17
9905,1,2,3,4,5,6,7,8,9,10,11,12,13,14,15,16,17
9906,1,2,3,4,5,6,7,8,9,10,11,12,13,14,15,16,17
9907,1,2,3,4,5,6,7,8,9,10,11,12,13,14,15,16,17
9908,1,2,3,4,5,6,7,8,9,10,11,12,13,14,15,16,17
9909,1,2,3,4,5,6,7,8,9,10,11,12,13,14,15,16,17
9910,1,2,3,4,5,6,7,8,9,10,11,12,13,14,15,16,17
9911,1,2,3,4,5,6,7,8,9,10,11,12,13,14,15,16,17
9912,1,2,3,4,5,6,7,8,9,10,11,12,13,14,15,16,17
9913,1,2,3,4,5,6,7,8,9,10,11,12,13,14,15,16,17
9914,1,2,3,4,5,6,7,8,9,10,11,12,13,14,15,16,17
9915,1,2,3,4,5,6,7,8,9,10,11,12,13,14,15,16,17
9916,1,2,3,4,5,6,7,8,9,10,11,12,13,14,15,16,17
9917,1,2,3,4,5,6,7,8,9,10,11,12,13,14,15,16,17
9918,1,2,3,4,5,6,7,8,9,10,11,12,13,14,15,16,17
9919,1,2,3,4,5,6,7,8,9,10,11,12,13,14,15,16,17
9920,1,2,3,4,5,6,7,8,9,10,11,12,13,14,15,16,17
9921,1,2,3,4,5,6,7,8,9,10,11,12,13,14,15,16,17
9922,1,2,3,4,5,6,7,8,9,10,11,12,13,14,15,16,17
9923,1,2,3,4,5,6,7,8,9,10,11,12,13,14,15,16,17
9924,1,2,3,4,5,6,7,8,9,10,11,12,13,14,15,16,17
9925,1,2,3,4,5,6,7,8,9,10,11,12,13,14,15,16,17
9926,1,2,3,4,5,6,7,8,9,10,11,12,13,14,15,16,17
9927,1,2,3,4,5,6,7,8,9,10,11,12,13,14,15,16,17
9928,1,2,3,4,5,6,7,8,9,10,11,12,13,14,15,16,17
9929,1,2,3,4,5,6,7,8,9,10,11,12,13,14,15,16,17
9930,1,2,3,4,5,6,7,8,9,10,11,12,13,14,15,16,17
9931,1,2,3,4,5,6,7,8,9,10,11,12,13,14,15,16,17
9932,1,2,3,4,5,6,7,8,9,10,11,12,13,14,15,16,17
9933,1,2,3,4,5,6,7,8,9,10,11,12,13,14,15,16,17
9934,1,2,3,4,5,6,7,8,9,10,11,12,13,14,15,16,17
9935,1,2,3,4,5,6,7,8,9,10,11,12,13,14,15,16,17
9936,1,2,3,4,5,6,7,8,9,10,11,12,13,14,15,16,17
9937,1,2,3,4,5,6,7,8,9,10,11,12,13,14,15,16,17
9938,1,2,3,4,5,6,7,8,9,10,11,12,13,14,15,16,17
9939,1,2,3,4,5,6,7,8,9,10,11,12,13,14,15,16,17
9940,1,2,3,4,5,6,7,8,9,10,11,12,13,14,15,16,17
9941,1,2,3,4,5,6,7,8,9,10,11,12,13,14,15,16,17
9942,1,2,3,4,5,6,7,8,9,10,11,12,13,14,15,16,17
9943,1,2,3,4,5,6,7,8,9,10,11,12,13,14,15,16,17
9944,1,2,3,4,5,6,7,8,9,10,11,12,13,14,15,16,17
9945,1,2,3,4,5,6,7,8,9,10,11,12,13,14,15,16,17
9946,1,2,3,4,5,6,7,8,9,10,11,12,13,14,15,16,17
9947,1,2,3,4,5,6,7,8,9,10,11,12,13,14,15,16,17
9948,1,2,3,4,5,6,7,8,9,10,11,12,13,14,15,16,17
9949,1,2,3,4,5,6,7,8,9,10,11,12,13,14,15,16,17
9950,1,2,3,4,5,6,7,8,9,10,11,12,13,14,15,16,17
9951,1,2,3,4,5,6,7,8,9,10,11,12,13,14,15,16,17
9952,1,2,3,4,5,6,7,8,9,10,11,12,13,14,15,16,17
9953,1,2,3,4,5,6,7,8,9,10,11,12,13,14,15,16,17
9954,1,7,3,4,5,6,7,8,9,10,11,12,13,14,15,16,17
9955,1,2,3,4,5,6,7,8,9,10,11,12,13,14,15,16,17
9956,1,2,3,4,5,6,7,8,9,10,11,12,13,14,15,16,17
9957,1,2,3,4,5,6,7,8,9,10,11,12,13,14,15,16,17
9958,1,2,3,4,5,6,7,8,9,10,11,12,13,14,15,16,17
9959,1,2,3,4,5,6,7,8,9,10,11,12,13,14,15,16,17
9960,1,2,3,4,5,6,7,8,9,10,11,12,13,14,15,16,17
9961,1,2,3,4,5,6,7,8,9,10,11,12,13,14,15,16,17
9962,1,2,3,4,5,6,7,8,9,10,11,12,13,14,15,16,17
9963,1,2,3,4,5,6,7,8,9,10,11,12,13,14,15,16,17
9964,1,2,3,4,5,6,7,8,9,10,11,12,13,14,15,16,17
9965,1,2,3,4,5,6,7,8,9,10,11,12,13,14,15,16,17
9966,1,2,3,4,5,6,7,8,9,10,11,12,13,14,15,16,17
9967,1,2,3,4,5,6,7,8,9,10,11,12,13,14,15,16,17
9968,1,2,3,4,5,6,7,8,9,10,11,12,13,14,15,16,17
9969,1,2,3,4,5,6,7,8,9,10,11,12,13,14,15,16,17
9970,1,2,3,4,5,6,7,8,9,10,11,12,13,14,15,16,17
9971,1,2,3,4,5,6,7,8,9,10,11,12,13,14,15,16,17
9972,1,2,3,4,5,6,7,8,9,10,11,12,13,14,15,16,17
9973,1,2,3,4,5,6,7,8,9,10,11,12,13,14,15,16,17
9974,1,2,3,4,5,6,7,8,9,10,11,12,13,14,15,16,17
9975,1,2,3,4,5,6,7,8,9,10,11,12,13,14,15,16,17
9976,1,2,3,4,5,6,7,8,9,10,11,12,13,14,15,16,17
9977,1,2,3,4,5,6,7,8,9,10,11,12,13,14,15,16,17
9978,1,2,3,4,5,6,7,8,9,10,11,12,13,14,15,16,17
9979,1,2,3,4,5,6,7,8,9,10,11,12,13,14,15,16,17
9980,1,2,3,4,5,6,7,8,9,10,11,12,13,14,15,16,17
9981,1,2,3,4,5,6,7,8,9,10,11,12,13,14,15,16,17
9982,1,2,3,4,5,6,7,8,9,10,11,12,13,14,15,16,17
9983,1,2,3,4,5,6,7,8,9,10,11,12,13,14,15,16,17
9984,1,2,3,4,5,6,7,8,9,10,11,12,13,14,15,16,17
9985,1,2,3,4,5,6,7,8,9,10,11,12,13,14,15,16,17
9986,1,2,3,4,5,6,7,8,9,10,11,12,13,14,15,16,17
9987,1,2,3,4,5,6,7,8,9,10,11,12,13,14,15,16,17
9988,1,2,3,4,5,6,7,8,9,10,11,12,13,14,15,16,17
9989,1,2,3,4,5,6,7,8,9,10,11,12,13,14,15,16,17
9990,1,2,3,4,5,6,7,8,9,10,11,12,13,14,15,16,17
9991,1,2,3,4,5,6,7,8,9,10,11,12,13,14,15,16,17
9992,1,2,3,4,5,6,7,8,9,10,11,12,13,14,15,16,17
9993,1,2,3,4,5,6,7,8,9,10,11,12,13,14,15,16,17
9994,1,2,3,4,5,6,7,8,9,10,11,12,13,14,15,16,17
9995,1,2,3,4,5,6,7,8,9,10,11,12,13,14,15,16,17
9996,1,2,3,4,5,6,7,8,9,10,11,12,13,14,15,16,17
9997,1,2,3,4,5,6,7,8,9,10,11,12,13,14,15,16,17
9998,1,2,3,4,5,6,7,8,9,10,11,12,13,14,15,16,17
9999,1,2,3,4,5,6,3,8,9,10,11,12,13,14,3,16,17
10000,1,2,2,4,5,12,7,8,9,10,11,12,13,14,15,16,17
10001,1,2,3,4,5,6,7,8,9,10,11,12,13,14,15,16,17
10002,1,2,3,4,5,6,7,8,9,10,11,12,13,14,15,16,17
10003,1,2,3,4,5,6,7,8,9,10,11,12,13,14,15,16,17
10004,1,2,3,4,5,6,7,8,9,10,11,12,13,14,15,16,17
10005,1,2,3,4,5,6,7,8,9,10,11,12,13,14,15,16,17
10006,1,2,3,4,5,6,7,8,9,10,11,12,13,14,15,16,17
10007,1,2,3,4,5,6,7,8,9,10,11,12,13,14,15,16,17
10008,1,2,3,4,5,6,7,8,9,10,11,12,13,14,15,16,17
10009,1,2,3,4,5,6,7,8,9,10,11,12,13,14,15,16,17
10010,1,2,3,4,5,6,7,8,9,10,11,12,13,14,15,16,17
10011,1,2,3,4,5,6,7,8,9,10,11,12,13,14,15,16,17
10012,1,2,3,4,5,6,7,8,9,10,11,12,13,14,15,16,17
10013,1,2,3,4,5,6,7,8,9,10,11,12,13,14,15,16,17
10014,1,2,3,4,5,6,7,8,9,10,11,12,13,14,15,16,17
10015,1,2,3,4,5,6,7,8,9,10,11,12,13,14,15,16,17
10016,1,2,3,4,5,6,7,8,9,10,11,12,13,14,15,16,17
10017,1,2,3,4,5,6,7,8,9,10,11,12,13,14,15,16,17
10018,1,2,3,4,5,6,7,8,9,10,11,12,13,14,15,16,17
10019,1,2,3,4,5,6,7,8,9,10,11,12,13,14,15,16,17
10020,1,2,3,4,5,6,7,8,9,10,11,12,13,14,15,16,17
10021,1,2,3,4,5,6,7,8,9,10,11,12,13,14,15,16,17
10022,1,2,3,4,5,6,7,8,9,10,11,12,13,14,15,16,17
10023,1,2,3,4,5,6,7,8,9,10,11,12,13,14,15,16,17
10024,1,2,3,4,5,6,7,8,9,10,11,12,13,14,15,16,17
10025,1,2,3,4,5,6,7,8,9,10,11,12,13,14,15,16,17
10026,1,2,3,4,5,6,7,8,9,10,11,12,13,14,15,16,17
10027,1,2,3,4,5,6,7,8,9,10,11,12,13,14,15,16,17
10028,1,2,3,4,5,6,7,8,9,10,11,12,13,14,15,16,17
10029,2,2,3,4,5,6,2,8,9,10,11,12,2,14,15,16,17
10030,1,2,3,4,5,6,7,8,9,10,11,12,13,14,15,16,17
10031,1,2,3,4,5,6,7,8,9,10,11,12,13,14,15,16,17
10032,1,2,3,4,5,6,7,8,9,10,11,12,13,14,15,16,17
10033,1,2,3,4,5,6,7,8,9,10,11,12,13,14,15,16,17
10034,1,2,3,4,5,6,7,8,9,10,11,12,13,14,15,16,17
10035,1,2,3,4,5,6,7,8,9,10,11,12,13,14,15,16,17
10036,1,2,3,4,5,6,7,8,9,10,11,12,13,14,15,16,17
10037,1,2,3,4,5,6,7,8,9,10,11,12,13,14,15,16,17
10038,1,2,3,4,5,6,7,8,9,10,11,12,13,14,15,16,17
10039,1,2,3,4,5,6,7,8,9,10,11,12,13,14,15,16,17
10040,1,2,3,4,5,6,7,8,9,10,11,12,13,14,15,16,17
10041,1,2,3,4,5,6,7,8,9,10,11,12,13,14,15,16,17
10042,1,2,3,4,5,6,7,8,9,10,11,12,13,14,15,16,17
10043,1,2,3,4,5,6,7,8,9,10,11,12,13,14,15,16,17
10044,1,2,3,4,5,6,7,8,9,10,11,12,13,14,15,16,17
10045,1,2,3,4,5,6,7,8,9,10,11,12,13,14,15,16,17
10046,1,2,3,4,5,6,7,8,9,10,11,12,13,14,15,16,17
10047,1,2,3,4,5,6,7,8,9,10,11,12,13,14,15,16,17
10048,1,2,3,4,5,6,7,8,9,10,11,12,13,14,15,16,17
10049,1,2,3,4,5,6,7,8,9,10,11,12,13,14,15,16,17
10050,1,2,3,4,5,6,7,8,9,10,11,12,13,14,15,16,17
10051,1,2,3,4,5,6,7,8,9,10,11,12,13,14,15,16,17
10052,1,2,3,4,5,6,7,8,9,10,11,12,13,14,15,16,17
10053,1,2,3,4,5,6,7,8,9,10,11,12,13,14,15,16,17
10054,1,2,3,4,5,6,7,8,9,10,11,12,13,14,15,16,17
10055,1,2,3,4,5,6,7,8,9,10,11,12,13,14,15,16,17
10056,1,2,3,4,5,6,7,8,9,10,11,12,13,14,15,16,17
10057,1,2,3,4,5,6,7,8,9,10,11,12,13,14,15,16,17
10058,1,2,3,4,5,6,7,8,9,10,11,12,13,14,15,16,17
10059,1,2,3,4,5,6,7,8,9,10,11,12,13,14,15,16,17
10060,1,2,3,4,5,6,7,8,9,10,11,12,13,14,15,16,17
10061,1,2,3,4,5,6,7,8,9,10,11,12,13,14,15,16,17
10062,1,2,3,4,5,6,7,8,9,10,11,12,13,14,15,16,17
10063,1,2,3,4,5,6,7,8,9,10,11,12,13,14,15,16,17
10064,1,2,3,4,5,6,7,8,9,10,11,12,13,14,15,16,17
10065,1,2,3,4,5,6,7,8,9,10,11,12,13,14,15,16,17
10066,1,2,3,4,5,6,7,8,9,10,11,12,13,14,15,16,17
10067,1,2,3,4,5,6,7,8,9,10,11,12,13,14,15,16,17
10068,1,2,3,4,5,6,7,8,9,10,11,12,13,14,15,16,17
10069,1,2,3,4,5,6,7,8,9,10,11,12,13,14,15,16,17
10070,1,2,3,4,5,6,7,8,9,10,11,12,13,14,15,16,17
10071,1,2,3,4,5,6,7,8,9,10,11,12,13,14,15,16,17
10072,1,2,3,4,5,6,7,8,9,10,11,12,13,14,15,16,17
10073,1,2,3,4,5,6,7,8,9,10,11,12,13,14,15,16,17
10074,1,2,3,4,5,6,7,8,9,10,11,12,13,14,15,16,17
10075,1,2,3,4,5,6,7,8,9,10,11,12,13,14,15,16,17
10076,1,2,3,4,5,6,7,8,9,10,11,12,13,14,15,16,17
10077,1,2,3,4,5,6,7,8,9,10,11,12,13,14,15,16,17
10078,1,2,3,4,5,6,7,8,9,10,11,12,13,14,15,16,17
10079,1,2,3,4,5,6,7,8,9,10,11,12,13,14,15,16,17
10080,1,2,3,4,5,6,7,8,9,10,11,12,13,14,15,16,17
10081,1,2,3,4,5,6,7,8,9,10,11,12,13,14,15,16,17
10082,1,2,3,4,5,6,7,8,9,10,11,12,13,14,15,16,17
10083,1,2,3,4,5,6,7,8,9,10,11,12,13,14,15,16,17
10084,1,2,3,4,5,6,7,8,9,10,11,12,13,14,15,16,17
10085,1,2,3,4,5,6,7,8,9,10,11,12,13,14,15,16,17
10086,1,2,3,4,5,6,7,8,9,10,11,12,13,14,15,16,17
10087,1,2,3,4,5,6,7,8,9,10,11,12,13,14,15,16,17
10088,1,2,3,4,5,6,7,8,9,10,11,12,13,14,15,16,17
10089,1,2,3,4,5,6,7,8,9,10,11,12,13,14,15,16,17
10090,1,2,3,4,5,6,7,8,9,10,11,12,13,14,15,16,17
10091,1,2,3,4,5,6,7,8,9,10,11,12,13,14,15,16,17
10092,1,2,3,4,5,6,7,8,9,10,11,12,13,14,15,16,17
10093,1,2,3,4,5,6,7,8,9,10,11,12,13,14,15,16,17
10094,1,2,3,4,5,6,7,8,9,10,11,12,13,14,15,16,17
10095,1,2,3,4,5,6,7,8,9,10,11,12,13,14,15,16,17
10096,1,2,3,4,5,6,7,8,9,10,11,12,13,14,15,16,17
10097,1,2,3,4,5,6,7,8,9,10,11,12,13,14,15,16,17
10098,1,2,3,4,5,6,7,8,9,10,11,12,13,14,15,16,17
10099,1,2,3,4,5,6,7,8,9,10,11,12,13,14,15,16,17
10100,1,2,3,4,5,6,7,8,9,10,11,12,13,14,15,16,17
10101,1,2,3,4,5,6,7,8,9,10,11,12,13,14,15,16,17
10102,1,2,3,4,5,6,7,8,9,10,11,12,13,14,15,16,17
10103,1,2,3,4,5,6,7,8,9,10,11,12,13,14,15,16,17
10104,1,2,3,4,5,6,7,8,9,10,11,12,13,14,15,16,17
10105,1,2,3,4,5,6,7,8,9,10,11,12,13,14,15,16,17
10106,1,2,3,4,5,6,7,8,9,10,11,12,13,14,15,16,17
10107,1,2,3,4,5,6,7,8,9,10,11,12,13,14,15,16,17
10108,1,2,3,4,5,6,7,8,9,10,11,12,13,14,15,16,17
10109,1,2,3,4,5,6,7,8,9,10,11,12,13,14,15,16,17
10110,1,2,3,4,5,6,7,8,9,10,11,12,13,14,15,16,17
10111,1,2,3,4,5,6,7,8,9,10,11,12,13,14,15,16,17
10112,1,2,3,4,5,6,7,8,9,10,11,12,13,14,15,16,17
10113,1,2,3,4,5,6,7,8,9,10,11,12,13,14,15,16,17
10114,1,2,3,4,5,6,7,8,9,10,11,12,13,14,15,16,17
10115,1,2,3,4,5,6,7,8,9,10,11,12,13,14,15,16,17
10116,1,2,3,4,5,6,7,8,9,10,11,12,13,14,15,16,17
10117,1,2,3,4,5,6,7,8,9,10,11,12,13,14,15,16,17
10118,1,2,3,4,5,6,7,8,9,10,11,12,13,14,15,16,17
10119,1,2,3,4,5,6,7,8,9,10,11,12,13,14,15,16,17
10120,1,2,3,4,5,6,7,8,9,10,11,12,13,14,15,16,17
10121,1,2,3,4,5,6,7,8,9,10,11,12,13,14,15,16,17
10122,1,2,3,4,5,6,7,8,9,10,11,12,13,14,15,16,17
10123,1,2,3,4,5,6,7,8,9,10,11,12,13,14,15,16,17
10124,1,2,3,4,5,6,7,8,9,10,11,12,13,14,15,16,17
10125,1,2,3,4,5,6,7,8,9,10,11,12,13,14,15,16,17
10126,1,2,3,4,5,6,7,8,9,10,11,12,13,14,15,16,17
10127,1,2,3,4,5,6,7,8,9,10,11,12,13,14,15,16,17
10128,1,2,3,4,5,6,7,8,9,10,11,12,13,14,15,16,17
10129,1,2,3,4,5,6,7,8,9,10,11,12,13,14,15,16,17
10130,1,2,3,4,5,6,7,8,9,10,11,12,13,14,15,16,17
10131,1,2,3,4,5,6,7,8,9,10,11,12,13,14,15,16,17
10132,1,2,3,4,5,6,7,8,9,10,11,12,13,14,15,16,17
10133,1,2,3,4,5,6,7,8,9,10,11,12,13,14,15,16,17
10134,1,2,3,4,5,6,7,8,9,10,11,12,13,14,15,16,17
10135,1,2,3,4,5,6,7,8,9,10,11,12,13,14,15,16,17
10136,1,2,3,4,5,6,7,8,9,10,11,12,13,14,15,16,17
10137,1,2,3,4,5,6,7,8,9,10,11,12,13,14,15,16,17
10138,1,2,3,4,5,6,7,8,9,10,11,12,13,14,15,16,17
10139,1,2,3,4,5,6,7,8,9,10,11,12,13,14,15,16,17
10140,1,2,3,4,5,6,7,8,9,10,11,12,13,14,15,16,17
10141,1,2,3,4,5,6,7,8,9,10,11,12,13,14,15,16,17
10142,1,5,13,4,5,6,7,8,9,10,11,12,13,14,15,16,17
10143,1,2,3,4,5,6,7,8,9,10,11,12,13,14,15,16,17
10144,1,2,3,4,5,6,7,8,9,10,11,12,13,14,15,16,17
10145,1,2,3,4,5,6,7,8,9,10,11,12,13,14,15,16,17
10146,1,2,3,4,5,6,7,8,9,10,11,12,13,14,15,16,17
10147,1,2,3,4,5,6,7,8,9,10,11,12,13,14,15,16,17
10148,1,2,3,4,5,6,7,8,9,10,11,12,13,14,15,16,17
10149,1,2,3,4,5,6,7,8,9,10,11,12,13,14,15,16,17
10150,1,2,3,4,5,6,7,8,9,10,11,12,13,14,15,16,17
10151,1,2,3,4,5,6,7,8,9,10,11,12,13,14,15,16,17
10152,1,2,3,4,5,6,7,8,9,10,11,12,13,14,15,16,17
10153,1,2,3,4,5,6,7,8,9,10,11,12,13,14,15,16,17
10154,1,2,3,4,5,6,7,8,9,10,11,12,13,14,15,16,17
10155,1,2,3,4,5,6,7,8,9,10,11,12,13,14,15,16,17
10156,1,2,3,4,5,6,7,8,9,10,11,12,13,14,15,16,17
10157,1,2,3,4,5,6,7,8,9,10,11,12,13,14,15,16,17
10158,1,2,3,4,5,6,7,8,9,10,11,12,13,14,15,16,17
10159,1,2,3,4,5,6,7,8,9,10,11,12,13,14,15,16,17
10160,1,2,3,4,5,6,7,8,9,10,11,12,13,14,15,16,17
10161,1,2,3,4,5,6,7,8,9,10,11,12,13,14,15,16,17
10162,1,2,3,4,5,6,7,8,9,10,11,12,13,14,15,16,17
10163,1,2,3,4,5,6,7,8,9,10,11,12,13,14,15,16,17
10164,1,2,3,4,5,6,7,8,9,10,11,12,13,14,15,16,17
10165,1,2,3,4,5,6,7,8,9,10,11,12,13,14,15,16,17
10166,1,2,3,4,5,6,7,8,9,10,11,12,13,14,15,16,17
10167,1,2,3,4,5,6,7,8,9,10,11,12,13,14,15,16,17
10168,1,2,3,4,5,6,7,8,9,10,11,12,13,14,15,16,17
10169,1,2,3,4,5,6,7,8,9,10,11,12,13,14,15,16,17
10170,1,2,3,4,5,6,7,8,9,10,11,12,13,14,15,16,17
10171,1,2,3,4,5,6,7,8,9,10,11,12,13,14,15,16,17
10172,1,2,3,4,5,6,7,8,9,10,11,12,2,14,15,16,17
10173,1,2,3,4,5,6,7,8,9,10,11,12,13,14,15,16,17
10174,1,2,3,4,5,6,7,8,9,10,11,12,13,14,15,16,17
10175,1,2,3,4,5,6,7,8,9,10,11,12,13,14,15,16,17
10176,1,2,3,4,5,6,7,8,9,10,11,12,13,14,15,16,17
10177,1,2,3,4,5,6,7,8,9,10,11,12,13,14,15,16,17
10178,1,2,3,4,5,6,7,8,9,10,11,12,13,14,15,16,17
10179,1,2,3,4,5,6,7,8,9,10,11,12,13,14,15,16,17
10180,1,2,3,4,5,6,7,8,9,10,11,12,13,14,15,16,17
10181,1,2,3,4,5,6,7,8,9,10,11,12,13,14,15,16,17
10182,1,2,3,4,5,6,7,8,9,10,11,12,13,14,15,16,17
10183,1,2,3,4,5,6,7,8,9,10,11,12,13,14,15,16,17
10184,1,2,3,4,5,6,7,8,9,10,11,12,13,14,15,16,17
10185,1,2,3,4,5,6,7,8,9,10,11,12,13,14,15,16,17
10186,1,2,3,4,5,6,7,8,9,10,11,12,13,14,15,16,17
10187,1,2,3,4,5,6,7,8,9,10,11,12,13,14,15,16,17
10188,1,2,3,4,5,6,7,8,9,10,11,12,13,14,15,16,17
10189,1,2,3,4,5,6,7,8,9,10,11,12,13,14,15,16,17
10190,1,2,3,4,5,6,7,8,9,10,11,12,13,14,15,16,17
10191,1,2,3,4,5,6,7,8,9,10,11,12,13,14,15,16,17
10192,1,2,3,4,5,6,7,8,9,10,11,12,13,14,15,16,17
10193,1,2,3,4,5,6,7,8,9,10,11,12,13,14,15,16,17
10194,1,2,3,4,5,6,7,8,9,10,11,12,13,14,15,16,17
10195,1,2,3,4,5,6,7,8,9,10,11,12,13,14,15,16,17
10196,1,2,3,4,5,6,7,8,9,10,11,12,13,14,15,16,17
10197,1,2,3,4,5,6,7,8,9,10,11,12,13,14,15,16,17
10198,1,2,3,4,5,6,7,8,9,10,11,12,13,14,15,16,17
10199,1,2,3,4,5,6,7,8,9,10,11,12,13,14,15,16,17
10200,1,2,3,4,5,6,7,8,9,10,11,12,13,14,15,16,17
10201,1,2,3,4,5,6,7,8,9,10,11,12,13,14,15,16,17
10202,1,2,3,4,5,6,7,8,9,10,11,12,13,14,15,16,17
10203,1,2,3,4,5,6,7,8,9,10,11,12,13,14,15,16,17
10204,1,2,3,4,5,6,7,8,9,10,11,12,13,14,15,16,17
10205,1,2,3,4,5,6,7,8,9,10,11,12,13,14,15,16,17
10206,1,2,3,4,5,6,7,8,9,10,11,12,13,14,15,16,17
10207,1,2,3,4,5,6,7,8,9,10,11,12,13,14,15,16,17
10208,1,2,3,4,5,6,7,8,9,10,11,12,13,14,15,16,17
10209,1,2,3,4,5,6,7,8,9,10,11,12,13,14,15,16,17
10210,1,2,3,4,5,6,7,8,9,10,11,12,13,14,15,16,17
10211,1,2,3,4,5,6,7,8,9,10,11,12,13,14,15,16,17
10212,1,2,3,4,5,6,7,8,9,10,11,12,13,14,15,16,17
10213,1,2,3,4,5,6,7,8,9,10,11,12,13,14,15,16,17
10214,1,2,3,4,5,6,7,8,9,10,11,12,13,14,15,16,17
10215,1,2,3,4,5,6,7,8,9,10,11,12,13,14,15,16,17
10216,1,2,3,4,5,6,7,8,9,10,11,12,13,14,15,16,17
10217,1,2,3,4,5,6,7,8,9,10,11,12,13,14,15,16,17
10218,1,2,3,4,5,6,7,8,9,10,11,12,13,14,15,16,17
10219,1,2,3,4,5,6,7,8,9,10,11,12,13,14,15,16,17
10220,1,2,3,4,5,6,7,8,9,10,11,12,13,14,15,16,17
10221,1,2,3,4,5,6,7,8,9,10,11,12,13,14,15,16,17
10222,1,2,3,4,5,6,7,8,9,10,11,12,13,14,15,16,17
10223,1,2,3,4,5,6,7,8,9,10,11,12,13,14,15,16,17
10224,1,2,3,4,5,6,7,8,9,10,11,12,13,14,15,16,17
10225,1,2,3,4,5,6,7,8,9,10,11,12,13,14,15,16,17
10226,1,2,3,4,5,6,7,8,9,10,11,12,13,14,15,16,17
10227,1,2,3,4,5,6,7,8,9,10,11,12,13,14,15,16,17
10228,1,2,3,4,5,6,7,8,9,10,11,12,13,14,15,16,17
10229,1,2,3,4,5,6,7,8,9,10,11,12,13,14,15,16,17
10230,1,2,3,4,5,6,7,8,9,10,11,12,13,14,15,16,17
10231,1,2,3,4,5,6,7,8,9,10,11,12,13,14,15,16,17
10232,1,2,3,4,5,6,7,8,9,10,11,12,13,14,15,16,17
10233,1,2,3,4,5,6,7,8,9,10,11,12,13,14,15,16,17
10234,1,2,3,4,5,6,7,8,9,10,11,12,13,14,15,16,17
10235,1,2,3,4,5,6,7,8,9,10,11,12,13,14,15,16,17
10236,1,2,3,4,5,6,7,8,9,10,11,12,13,14,15,16,17
10237,1,2,3,4,5,6,7,8,9,10,11,12,13,14,15,16,17
10238,1,2,3,4,5,6,7,8,9,10,11,12,13,14,15,16,17
10239,1,2,3,4,5,6,7,8,9,10,11,12,13,14,15,16,17
10240,1,2,3,4,5,6,7,8,9,10,11,12,13,14,15,16,17
10241,1,2,3,4,5,6,7,8,9,10,11,12,13,14,15,16,17
10242,1,2,3,4,5,6,7,8,9,10,11,12,13,14,15,16,17
10243,1,2,3,4,5,6,7,8,9,10,11,12,13,14,15,16,17
10244,1,2,3,4,5,6,7,8,9,10,11,12,13,14,15,16,17
10245,1,2,3,4,5,6,7,8,9,10,11,12,13,14,15,16,17
10246,1,2,3,4,5,6,7,8,9,10,11,12,13,14,15,16,17
10247,1,2,3,4,5,6,7,8,9,10,11,12,13,14,15,16,17
10248,1,2,3,4,5,6,7,8,9,10,11,12,13,14,15,16,17
10249,1,2,3,4,5,6,7,8,9,10,11,12,13,14,15,16,17
10250,1,2,3,4,5,6,7,8,9,10,11,12,13,14,15,16,17
10251,1,2,3,4,5,6,7,8,9,10,11,12,13,14,15,16,17
10252,1,2,3,4,5,6,7,8,9,10,11,12,13,14,15,16,17
10253,1,2,3,4,5,6,7,8,9,10,11,12,13,14,15,16,17
10254,1,2,3,4,5,6,7,8,9,10,11,12,13,14,15,16,17
10255,1,2,3,4,5,6,7,8,9,10,11,12,13,14,15,16,17
10256,1,2,3,4,5,6,7,8,9,10,11,12,13,14,15,16,17
10257,1,2,3,4,5,6,7,8,9,10,11,12,13,14,15,16,17
10258,1,2,3,4,5,6,7,8,9,10,11,12,13,14,15,16,17
10259,1,2,3,4,5,6,7,8,9,10,11,12,13,14,15,16,17
10260,1,2,3,4,5,6,7,8,9,10,11,12,13,14,15,16,17
10261,1,2,3,4,5,6,7,8,9,10,11,12,13,14,15,16,17
10262,1,2,3,4,5,6,7,8,9,10,11,12,13,14,15,16,17
10263,1,2,3,4,5,6,7,8,9,10,11,12,13,14,15,16,17
10264,1,2,3,4,5,6,7,8,9,10,11,12,13,14,15,16,17
10265,1,2,3,4,5,6,7,8,9,10,11,12,13,14,15,16,17
10266,1,2,3,4,5,6,7,8,9,10,11,12,13,14,15,16,17
10267,1,2,3,4,5,6,7,8,9,10,11,12,13,14,15,16,17
10268,1,2,3,4,5,6,7,8,9,10,11,12,13,14,15,16,17
10269,1,2,3,4,5,6,7,8,9,10,11,12,13,14,15,16,17
10270,1,2,3,4,5,6,7,8,9,10,11,12,13,14,15,16,17
10271,1,2,3,4,5,6,7,8,9,10,11,12,13,14,15,16,17
10272,1,2,3,4,5,6,7,8,9,10,11,12,13,14,15,16,17
10273,1,2,3,4,5,6,7,8,9,10,11,12,13,14,15,16,17
10274,1,2,3,4,5,6,7,8,9,10,11,12,13,14,15,16,17
10275,1,2,3,4,5,6,7,8,9,10,11,12,13,14,15,16,17
10276,1,2,3,4,5,6,7,8,9,10,11,12,13,14,15,16,17
10277,1,2,3,4,5,6,7,8,9,10,11,12,13,14,15,16,17
10278,1,2,3,4,5,6,7,8,9,10,11,12,13,14,15,16,17
10279,1,2,3,4,5,6,7,8,9,10,11,12,13,14,15,16,17
10280,1,2,3,4,5,6,7,8,9,10,11,12,13,14,15,16,17
10281,1,2,3,4,5,6,7,8,9,10,11,12,13,14,15,16,17
10282,1,2,3,4,5,6,7,8,9,10,11,12,13,14,15,16,17
10283,1,2,3,4,5,6,7,8,9,10,11,12,13,14,15,16,17
10284,1,2,3,4,5,6,7,8,9,10,11,12,13,14,15,16,17
10285,1,2,3,4,5,6,7,8,9,10,11,12,13,14,15,16,17
10286,1,2,3,4,5,6,7,8,9,10,11,12,13,14,15,16,17
10287,1,2,3,4,5,6,7,8,9,10,11,12,13,14,15,16,17
10288,1,2,3,4,5,6,7,8,9,10,11,12,13,14,15,16,17
10289,1,2,3,4,5,6,7,8,9,10,11,12,13,14,15,16,17
10290,1,2,3,4,5,6,7,8,9,10,11,12,13,14,15,16,17
10291,1,2,3,4,5,6,7,8,9,10,11,12,13,14,15,16,17
10292,1,2,3,4,5,6,7,8,9,10,11,12,13,14,15,16,17
10293,1,2,3,4,5,6,7,8,9,10,11,12,13,14,15,16,17
10294,1,2,3,4,5,6,7,8,9,10,11,12,13,14,15,16,17
10295,1,2,3,4,5,6,7,8,9,10,11,12,13,14,15,16,17
10296,1,2,3,4,5,6,7,8,9,10,11,12,13,14,15,16,17
10297,1,2,3,4,5,6,7,8,9,10,11,12,13,14,15,16,17
10298,1,2,3,4,5,6,7,8,9,10,11,12,13,14,15,16,17
10299,1,2,3,4,5,6,7,8,9,10,11,12,13,14,15,16,17
10300,1,2,3,4,5,6,7,8,9,10,11,12,13,14,15,16,17
10301,1,2,3,4,5,6,7,8,9,10,11,12,13,14,15,16,17
10302,1,2,3,4,5,6,7,8,9,10,11,12,13,14,15,16,17
10303,1,2,3,4,5,6,7,8,9,10,11,12,13,14,15,16,17
10304,1,2,3,4,5,6,7,8,9,10,11,12,13,14,15,16,17
10305,1,2,3,4,5,6,7,8,9,10,11,12,13,14,15,16,17
10306,1,2,3,4,5,6,7,8,9,10,11,12,13,14,15,16,17
10307,1,2,3,4,5,6,7,8,9,10,11,12,13,14,15,16,17
10308,1,2,3,4,5,6,7,8,9,10,11,12,13,14,15,16,17
10309,1,2,3,4,5,6,7,8,9,10,11,12,13,14,15,16,17
10310,1,2,3,4,5,6,7,8,9,10,11,12,13,14,15,16,17
10311,1,2,3,4,5,6,7,8,9,10,11,12,13,14,15,16,17
10312,1,2,3,4,5,6,7,8,9,10,11,12,13,14,15,16,17
10313,1,2,3,4,5,6,7,2,9,10,11,12,13,14,15,2,17
10314,1,2,3,4,5,6,7,8,9,10,11,12,13,14,15,16,17
10315,1,2,3,4,5,6,7,8,9,10,11,12,13,14,15,16,17
10316,1,2,3,4,5,6,7,8,9,10,11,12,13,14,15,16,17
10317,1,2,3,4,5,6,7,8,9,10,11,12,13,14,15,16,17
10318,4,2,3,4,5,6,7,8,9,10,4,12,8,14,8,8,17
10319,4,4,4,4,5,4,7,8,9,5,11,12,13,8,15,16,17
10320,1,2,3,4,5,6,7,8,9,10,11,12,13,14,15,16,17
10321,1,2,3,4,5,6,7,8,9,10,11,12,13,14,15,16,17
10322,1,2,3,4,5,6,7,8,9,10,11,12,13,14,15,16,17
10323,1,2,3,4,5,6,7,8,9,10,11,12,13,14,15,16,17
10324,1,2,3,4,5,6,7,8,9,10,11,12,13,14,15,16,17
10325,1,2,3,4,5,6,7,8,9,10,11,12,13,14,15,16,17
10326,1,2,3,4,5,6,7,8,9,10,11,12,13,14,15,16,17
10327,1,2,3,4,5,6,7,8,9,10,11,12,13,14,15,16,17
10328,1,2,3,4,5,6,7,8,9,10,11,12,13,14,15,16,17
10329,1,2,3,4,5,6,7,8,9,10,11,12,13,14,15,16,17
10330,1,2,3,4,5,6,7,8,9,10,11,12,13,14,15,16,17
10331,1,2,3,4,5,6,7,8,9,10,11,12,13,14,15,16,17
10332,1,2,3,4,5,6,7,8,9,10,11,12,13,14,15,16,17
10333,1,2,3,4,5,6,7,8,9,10,11,12,13,14,15,16,17
10334,1,2,3,4,5,6,7,8,9,10,11,12,13,14,15,16,17
10335,1,2,3,4,5,6,7,8,9,10,11,12,13,14,15,16,17
10336,1,2,3,4,5,6,7,8,9,10,11,12,13,14,15,16,17
10337,1,2,3,4,5,6,7,8,9,10,11,12,13,14,15,16,17
10338,1,2,3,4,5,6,7,8,9,10,11,12,13,14,15,16,17
10339,1,2,3,4,5,6,7,8,9,10,11,12,13,14,15,16,17
10340,1,2,3,4,5,6,7,8,9,10,11,12,13,14,15,16,17
10341,1,2,3,4,5,6,7,8,9,10,11,12,13,14,15,16,17
10342,1,2,3,4,5,6,7,8,9,10,11,12,13,14,15,16,17
10343,1,2,3,4,5,6,7,8,9,10,11,12,13,14,15,16,17
10344,1,2,3,4,5,6,7,8,9,10,11,12,13,14,15,16,17
10345,1,2,3,4,5,6,7,8,9,10,11,12,13,14,15,16,17
10346,1,2,3,4,5,6,7,8,9,10,11,12,13,14,15,16,17
10347,1,2,3,4,5,6,7,8,9,10,11,12,13,14,15,16,17
10348,1,2,3,4,5,6,7,8,9,10,11,12,13,14,15,16,17
10349,1,2,3,4,5,6,7,8,9,10,11,12,13,14,15,16,17
10350,1,2,3,4,5,6,7,8,9,10,11,12,13,14,15,16,17
10351,1,2,3,4,5,6,7,8,9,10,11,12,13,14,15,16,17
10352,1,2,3,4,5,6,7,8,9,10,11,12,13,14,15,16,17
10353,1,2,3,4,5,6,7,8,9,10,11,12,13,14,15,16,17
10354,1,2,3,4,5,6,7,8,9,10,11,12,13,14,15,16,17
10355,1,2,3,4,5,6,7,8,9,10,11,12,13,14,15,16,17
10356,1,2,3,4,5,6,7,8,9,10,11,12,13,14,15,16,17
10357,1,2,3,4,5,6,7,8,9,10,11,12,13,14,15,16,17
10358,1,2,3,4,5,6,7,8,9,10,11,12,13,14,15,16,17
10359,1,2,3,4,5,6,7,8,9,10,11,12,13,14,15,16,17
10360,1,2,3,4,5,6,7,8,9,10,11,12,13,14,15,16,17
10361,1,2,3,4,5,6,7,8,9,10,11,12,13,14,15,16,17
10362,1,2,3,4,5,6,7,8,9,10,11,12,13,14,15,16,17
10363,1,2,3,4,5,6,7,8,9,10,11,12,13,14,15,16,17
10364,1,2,3,4,5,6,7,8,9,10,11,12,13,14,15,16,17
10365,1,2,3,4,5,6,7,8,9,10,11,12,13,14,15,16,17
10366,1,2,3,4,5,6,7,8,9,10,11,12,13,14,15,16,17
10367,1,2,3,4,5,6,7,8,9,10,11,12,13,14,15,16,17
10368,1,2,3,4,5,6,7,8,9,10,11,12,13,14,15,16,17
10369,1,2,3,4,5,6,7,8,9,10,11,12,13,14,15,16,17
10370,1,2,3,4,5,6,7,8,9,10,11,12,13,14,15,16,17
10371,1,2,3,4,5,6,7,8,9,10,11,12,13,14,15,16,17
10372,1,2,3,4,5,6,7,8,9,10,11,12,13,14,15,16,17
10373,1,2,3,4,5,6,7,8,9,10,11,12,13,14,15,16,17
10374,1,2,3,4,5,6,7,8,9,10,11,12,13,14,15,16,17
10375,1,2,3,4,5,6,7,8,9,10,11,12,13,14,15,16,17
10376,1,2,3,4,5,6,7,8,9,10,11,12,13,14,15,16,17
10377,1,2,3,4,5,6,7,8,9,10,11,12,13,14,15,16,17
10378,1,2,3,4,5,6,7,8,9,10,11,12,13,14,15,16,17
10379,1,2,3,4,5,6,7,8,9,10,11,12,13,14,15,16,17
10380,1,2,3,4,5,6,7,8,9,10,11,12,13,14,15,16,17
10381,1,2,3,4,5,6,7,8,9,10,11,12,13,14,15,16,17
10382,1,2,3,4,5,6,7,8,9,10,11,12,13,14,15,16,17
10383,1,2,3,4,5,6,7,8,9,10,11,12,13,14,15,16,17
10384,1,2,3,4,5,6,7,8,9,10,11,12,13,14,15,16,17
10385,1,2,3,4,5,6,7,8,9,10,11,12,13,14,15,16,17
10386,1,2,3,4,5,6,7,8,9,10,11,12,13,14,15,16,17
10387,1,2,3,4,5,6,7,8,9,10,11,12,13,14,15,16,17
10388,1,2,3,4,5,6,7,8,9,10,11,12,13,14,15,16,17
10389,1,2,3,4,5,6,7,8,9,10,11,12,13,14,15,16,17
10390,1,2,3,4,5,6,7,8,9,10,11,12,13,14,15,16,17
10391,1,2,3,4,5,6,7,8,9,10,11,12,13,14,15,16,17
10392,1,2,3,4,5,6,7,8,9,10,11,12,13,14,15,16,17
10393,1,2,3,4,5,6,7,8,9,10,11,12,13,14,15,16,17
10394,1,2,3,4,5,6,7,8,9,10,11,12,13,14,15,16,17
10395,1,2,3,4,5,6,7,8,9,10,11,12,13,14,15,16,17
10396,1,2,3,4,5,6,7,8,9,10,11,12,13,14,15,16,17
10397,1,2,3,4,5,6,7,8,9,10,11,12,13,14,15,16,17
10398,1,2,3,4,5,6,7,8,9,10,11,12,13,14,15,16,17
10399,1,2,3,4,5,6,7,8,9,10,11,12,13,14,15,16,17
10400,1,2,3,4,5,6,7,8,9,10,11,12,13,14,15,16,17
10401,1,2,3,4,5,6,7,8,9,10,11,12,13,14,15,16,17
10402,1,2,3,4,5,6,7,8,9,10,11,12,13,14,15,16,17
10403,1,2,3,4,5,6,7,8,9,10,11,12,13,14,15,16,17
10404,1,2,3,4,5,6,7,8,9,10,11,12,13,14,15,16,17
10405,1,2,3,4,5,6,7,8,9,10,11,12,13,14,15,16,17
10406,1,2,3,4,5,6,7,8,9,10,11,12,13,14,15,16,17
10407,1,2,3,4,5,6,7,8,9,10,11,12,13,14,15,16,17
10408,1,2,3,4,5,6,7,8,9,10,11,12,13,14,15,16,17
10409,1,2,3,4,5,6,7,8,9,10,11,12,13,14,15,16,17
10410,1,2,3,4,5,6,7,8,9,10,11,12,13,14,15,16,17
10411,1,2,3,4,5,6,7,8,9,10,11,12,13,14,15,16,17
10412,1,2,3,4,5,6,7,8,9,10,11,12,13,14,15,16,17
10413,1,2,3,4,5,6,7,8,9,10,11,12,13,14,15,16,17
10414,1,2,3,4,5,6,7,8,9,10,11,12,13,14,15,16,17
10415,1,2,3,4,5,6,7,8,9,10,11,12,13,14,15,16,17
10416,1,2,3,4,5,6,7,8,9,10,11,12,13,14,15,16,17
10417,1,2,3,4,5,6,7,8,9,10,11,12,13,14,15,16,17
10418,1,2,3,4,5,6,7,8,9,10,11,12,13,14,15,16,17
10419,1,2,3,4,5,6,7,8,9,10,11,12,13,14,15,16,17
10420,1,2,3,4,5,6,7,8,9,10,11,12,13,14,15,16,17
10421,1,2,3,4,5,6,7,8,9,10,11,12,13,14,15,16,17
10422,1,2,3,4,5,6,7,8,9,10,11,12,13,14,15,16,17
10423,1,2,3,4,5,6,7,8,9,10,11,12,13,14,15,16,17
10424,1,2,3,4,5,6,7,8,9,10,11,12,13,14,15,16,17
10425,1,2,3,4,5,6,7,8,9,10,11,12,13,14,15,16,17
10426,1,2,3,4,5,6,7,8,9,10,11,12,13,14,15,16,17
10427,1,2,3,4,5,6,7,8,9,10,11,12,13,14,15,16,17
10428,1,2,3,4,5,6,7,8,9,10,11,12,13,14,15,16,17
10429,1,2,3,4,5,6,7,8,9,10,11,12,13,14,15,16,17
10430,1,2,3,4,5,6,7,8,9,10,11,12,13,14,15,16,17
10431,1,2,3,4,5,6,7,8,9,10,11,12,13,14,15,16,17
10432,1,2,3,4,5,6,7,8,9,10,11,12,13,14,15,16,17
10433,1,2,3,4,5,6,7,8,9,10,11,12,13,14,15,16,17
10434,1,2,3,4,5,6,7,8,9,10,11,12,13,14,15,16,17
10435,1,2,3,4,5,6,7,8,9,10,11,12,13,14,15,16,17
10436,1,2,3,4,5,6,7,8,9,10,11,12,13,14,15,16,17
10437,1,2,3,4,5,6,7,8,9,10,11,12,13,14,15,16,17
10438,1,2,3,4,5,6,7,8,9,10,11,12,13,14,15,16,17
10439,1,2,3,4,5,6,7,8,9,10,11,12,13,14,15,16,17
10440,1,2,3,4,5,6,7,8,9,10,11,12,13,14,15,16,17
10441,1,2,3,4,5,6,7,8,9,10,11,12,13,14,15,16,17
10442,1,2,3,4,5,6,7,8,9,10,11,12,13,14,15,16,17
10443,1,2,3,4,5,6,7,8,9,10,11,12,13,14,15,16,17
10444,1,2,3,4,5,6,7,8,9,10,11,12,13,14,15,16,17
10445,1,2,3,4,5,6,7,8,9,10,11,12,13,14,15,16,17
10446,1,2,3,4,5,6,7,8,9,10,11,12,13,14,15,16,17
10447,1,2,3,4,5,6,7,8,9,10,11,12,13,14,15,16,17
10448,1,2,3,4,5,6,7,8,9,10,11,12,13,14,15,16,17
10449,1,2,3,4,5,6,7,8,9,10,11,12,13,14,15,16,17
10450,1,2,3,4,5,6,7,8,9,10,11,12,13,14,15,16,17
10451,1,2,3,4,5,6,7,8,9,10,11,12,13,14,15,16,17
10452,1,2,3,4,5,6,7,8,9,10,11,12,13,14,15,16,17
10453,1,2,3,4,5,6,7,8,9,10,11,12,13,14,15,16,17
10454,1,2,3,4,5,6,7,8,9,10,11,12,13,14,15,16,17
10455,1,2,3,4,5,6,7,8,9,10,11,12,13,14,15,16,17
10456,1,2,3,4,5,6,7,8,9,10,11,12,13,14,15,16,17
10457,1,2,3,4,5,6,7,8,9,10,11,12,13,14,15,16,17
10458,1,2,3,4,5,6,7,8,9,10,11,12,13,14,15,16,17
10459,1,2,3,4,5,6,7,8,9,10,11,12,13,14,15,16,17
10460,1,2,3,4,5,6,7,8,9,10,11,12,13,14,15,16,17
10461,5,2,3,4,5,6,5,8,9,10,11,5,5,14,9,9,17
10462,5,2,5,4,5,6,10,8,11,10,11,11,13,14,15,11,17
10463,4,2,4,4,5,4,7,7,9,10,7,12,13,7,15,16,17
10464,1,2,3,4,5,6,7,8,9,10,11,12,13,14,15,16,17
10465,1,2,3,4,5,6,7,8,9,10,11,12,13,14,15,16,17
10466,1,2,3,4,5,6,7,8,9,10,11,12,13,14,15,16,17
10467,1,2,3,4,5,6,7,8,9,10,11,12,13,14,15,16,17
10468,1,2,3,4,5,6,7,8,9,10,11,12,13,14,15,16,17
10469,1,2,3,4,5,6,7,8,9,10,11,12,13,14,15,16,17
10470,1,2,3,4,5,6,7,8,9,10,11,12,13,14,15,16,17
10471,1,2,3,4,5,6,7,8,9,10,11,12,13,14,15,16,17
10472,1,2,3,4,5,6,7,8,9,10,11,12,13,14,15,16,17
10473,1,2,3,4,5,6,7,8,9,10,11,12,13,14,15,16,17
10474,1,2,3,4,5,6,7,8,9,10,11,12,13,14,15,16,17
10475,1,2,3,4,5,6,7,8,9,10,11,12,13,14,15,16,17
10476,1,2,3,4,5,6,7,8,9,10,11,12,13,14,15,16,17
10477,1,2,3,4,5,6,7,8,9,10,11,12,13,14,15,16,17
10478,1,2,3,4,5,6,7,8,9,10,11,12,13,14,15,16,17
10479,1,2,3,4,5,6,7,8,9,10,11,12,13,14,15,16,17
10480,1,2,3,4,5,6,7,8,9,10,11,12,13,14,15,16,17
10481,1,2,3,4,5,6,7,8,9,10,11,12,13,14,15,16,17
10482,1,2,3,4,5,6,7,8,9,10,11,12,13,14,15,16,17
10483,1,2,3,4,5,6,7,8,9,10,11,12,13,14,15,16,17
10484,1,2,3,4,5,6,7,8,9,10,11,12,13,14,15,16,17
10485,1,2,3,4,5,6,7,8,9,10,11,12,13,14,15,16,17
10486,1,2,3,4,5,6,7,8,9,10,11,12,13,14,15,16,17
10487,1,2,3,4,5,6,7,8,9,10,11,12,13,14,15,16,17
10488,1,2,3,4,5,6,7,8,9,10,11,12,13,14,15,16,17
10489,1,2,3,4,5,6,7,8,9,10,11,12,13,14,15,16,17
10490,1,2,3,4,5,6,7,8,9,10,11,12,13,14,15,16,17
10491,1,2,3,4,5,6,7,8,9,10,11,12,13,14,15,16,17
10492,1,2,3,4,5,6,7,8,9,10,11,12,13,14,15,16,17
10493,1,2,3,4,5,6,7,8,9,10,11,12,13,14,15,16,17
10494,1,2,3,4,5,6,7,8,9,10,11,12,13,14,15,16,17
10495,1,2,3,4,5,6,7,8,9,10,11,12,13,14,15,16,17
10496,1,2,3,4,5,6,7,8,9,10,11,12,13,14,15,16,17
10497,1,2,3,4,5,6,7,8,9,10,11,12,13,14,15,16,17
10498,1,2,3,4,5,6,7,8,9,10,11,12,13,14,15,16,17
10499,1,2,3,4,5,6,7,8,9,10,11,12,13,14,15,16,17
10500,1,2,3,4,5,6,7,8,9,10,11,12,13,14,15,16,17
10501,1,2,3,4,5,6,7,8,9,10,11,12,13,14,15,16,17
10502,1,2,3,4,5,6,7,8,9,10,11,12,13,14,15,16,17
10503,1,2,3,4,5,6,7,8,9,10,11,12,13,14,15,16,17
10504,1,2,3,4,5,6,7,8,9,10,11,12,13,14,15,16,17
10505,1,2,3,4,5,6,7,8,9,10,11,12,13,14,15,16,17
10506,1,2,3,4,5,6,7,8,9,10,11,12,13,14,15,16,17
10507,1,2,3,4,5,6,7,8,9,10,11,12,13,14,15,16,17
10508,1,2,3,4,5,6,7,8,9,10,11,12,13,14,15,16,17
10509,1,2,3,4,5,6,7,8,9,10,11,12,13,14,15,16,17
10510,1,2,3,4,5,6,7,8,9,10,11,12,13,14,15,16,17
10511,1,2,3,4,5,6,7,8,9,10,11,12,13,14,15,16,17
10512,1,2,3,4,5,6,7,8,9,10,11,12,13,14,15,16,17
10513,1,2,3,4,5,6,7,8,9,10,11,12,13,14,15,16,17
10514,1,2,3,4,5,6,7,8,9,10,11,12,13,14,15,16,17
10515,1,2,3,4,5,6,7,8,9,10,11,12,13,14,15,16,17
10516,1,2,3,4,5,6,7,8,9,10,11,12,13,14,15,16,17
10517,1,2,3,4,5,6,7,8,9,10,11,12,13,14,15,16,17
10518,1,2,3,4,5,6,7,8,9,10,11,12,13,14,15,16,17
10519,1,2,3,4,5,6,7,8,9,10,11,12,13,14,15,16,17
10520,1,2,3,4,5,6,7,8,9,10,11,12,13,14,15,16,17
10521,1,2,3,4,5,6,7,8,9,10,11,12,13,14,15,16,17
10522,1,2,3,4,5,6,7,8,9,10,11,12,13,14,15,16,17
10523,1,2,3,4,5,6,7,8,9,10,11,12,13,14,15,16,17
10524,1,2,3,4,5,6,7,8,9,10,11,12,13,14,15,16,17
10525,1,2,3,4,5,6,7,8,9,10,11,12,13,14,15,16,17
10526,1,2,3,4,5,6,7,8,9,10,11,12,13,14,15,16,17
10527,1,2,3,4,5,6,7,8,9,10,11,12,13,14,15,16,17
10528,1,2,3,4,5,6,7,8,9,10,11,12,13,14,15,16,17
10529,1,2,3,4,5,6,7,8,9,10,11,12,13,14,15,16,17
10530,1,2,3,4,5,6,7,8,9,10,11,12,13,14,15,16,17
10531,1,2,3,4,5,6,7,8,9,10,11,12,13,14,15,16,17
10532,1,2,3,4,5,6,7,8,9,10,11,12,13,14,15,16,17
10533,1,2,3,4,5,6,7,8,9,10,11,12,13,14,15,16,17
10534,1,2,3,4,5,6,7,8,9,10,11,12,13,14,15,16,17
10535,1,2,3,4,5,6,7,8,9,10,11,12,13,14,15,16,17
10536,1,2,3,4,5,6,7,8,9,10,11,12,13,14,15,16,17
10537,1,2,3,4,5,6,7,8,9,10,11,12,13,14,15,16,17
10538,1,2,3,4,5,6,7,8,9,10,11,12,13,14,15,16,17
10539,1,2,3,4,5,6,7,8,9,10,11,12,13,14,15,16,17
10540,1,2,3,4,5,6,7,8,9,10,11,12,13,14,15,16,17
10541,1,2,3,4,5,6,7,8,9,10,11,12,13,14,15,16,17
10542,1,2,3,4,5,6,7,8,9,10,11,12,13,14,15,16,17
10543,1,2,3,4,5,6,7,8,9,10,11,12,13,14,15,16,17
10544,1,2,3,4,5,6,7,8,9,10,11,12,13,14,15,16,17
10545,1,2,3,4,5,6,7,8,9,10,11,12,13,14,15,16,17
10546,1,2,3,4,5,6,7,8,9,10,11,12,13,14,15,16,17
10547,1,2,3,4,5,6,7,8,9,10,11,12,13,14,15,16,17
10548,1,2,3,4,5,6,7,8,9,10,11,12,13,14,15,16,17
10549,1,2,3,4,5,6,7,8,9,10,11,12,13,14,15,16,17
10550,1,2,3,4,5,6,7,8,9,10,11,12,13,14,15,16,17
10551,1,2,3,4,5,6,7,8,9,10,11,12,13,14,15,16,17
10552,1,2,3,4,5,6,7,8,9,10,11,12,13,14,15,16,17
10553,1,2,3,4,5,6,7,8,9,10,11,12,13,14,15,16,17
10554,1,2,3,4,5,6,7,8,9,10,11,12,13,14,15,16,17
10555,1,2,3,4,5,6,7,8,9,10,11,12,13,14,15,16,17
10556,1,2,3,4,5,6,7,8,9,10,11,12,13,14,15,16,17
10557,1,2,3,4,5,6,7,8,9,10,11,12,13,14,15,16,17
10558,1,2,3,4,5,6,7,8,9,10,11,12,13,14,15,16,17
10559,1,2,3,4,5,6,7,8,9,10,11,12,13,14,15,16,17
10560,1,2,3,4,5,6,7,8,9,10,11,12,13,14,15,16,17
10561,1,2,3,4,5,6,7,8,9,10,11,12,13,14,15,16,17
10562,1,2,3,4,5,6,7,8,9,10,11,12,13,14,15,16,17
10563,1,2,3,4,5,6,7,8,9,10,11,12,13,14,15,16,17
10564,1,2,3,4,5,6,7,8,9,10,11,12,13,14,15,16,17
10565,1,2,3,4,5,6,7,8,9,10,11,12,13,14,15,16,17
10566,1,2,3,4,5,6,7,8,9,10,11,12,13,14,15,16,17
10567,1,2,3,4,5,6,7,8,9,10,11,12,13,14,15,16,17
10568,1,2,3,4,5,6,7,8,9,10,11,12,13,14,15,16,17
10569,1,2,3,4,5,6,7,8,9,10,11,12,13,14,15,16,17
10570,1,2,3,4,5,6,7,8,9,10,11,12,13,14,15,16,17
10571,1,2,3,4,5,6,7,8,9,10,11,12,13,14,15,16,17
10572,1,2,3,4,5,6,7,8,9,10,11,12,13,14,15,16,17
10573,1,2,3,4,5,6,7,8,9,10,11,12,13,14,15,16,17
10574,1,2,3,4,5,6,7,8,9,10,11,12,13,14,15,16,17
10575,1,2,3,4,5,6,7,8,9,10,11,12,13,14,15,16,17
10576,1,2,3,4,5,6,7,8,9,10,11,12,13,14,15,16,17
10577,1,2,3,4,5,6,7,8,9,10,11,12,13,14,15,16,17
10578,1,2,3,4,5,6,7,8,9,10,11,12,13,14,15,16,17
10579,1,2,3,4,5,6,7,8,9,10,11,12,13,14,15,16,17
10580,1,2,3,4,5,6,7,8,9,10,11,12,13,14,15,16,17
10581,1,2,3,4,5,6,7,8,9,10,11,12,13,14,15,16,17
10582,1,2,3,4,5,6,7,8,9,10,11,12,13,14,15,16,17
10583,1,2,3,4,5,6,7,8,9,10,11,12,13,14,15,16,17
10584,1,2,3,4,5,6,7,8,9,10,11,12,13,14,15,16,17
10585,1,2,3,4,5,6,7,8,9,10,11,12,13,14,15,16,17
10586,1,2,3,4,5,6,7,8,9,10,11,12,13,14,15,16,17
10587,1,2,3,4,5,6,7,8,9,10,11,12,13,14,15,16,17
10588,1,2,3,4,5,6,7,8,9,10,11,12,13,14,15,16,17
10589,1,2,3,4,5,6,7,8,9,10,11,12,13,14,15,16,17
10590,1,2,3,4,5,6,7,8,9,10,11,12,13,14,15,16,17
10591,1,2,3,4,5,6,7,8,9,10,11,12,13,14,15,16,17
10592,1,2,3,4,5,6,7,8,9,10,11,12,13,14,15,16,17
10593,1,2,3,4,5,6,7,8,9,10,11,12,13,14,15,16,17
10594,1,2,3,4,5,6,7,8,9,10,11,12,13,14,15,16,17
10595,1,2,3,4,5,6,7,8,9,10,11,12,13,14,15,16,17
10596,1,2,3,4,5,6,7,8,9,10,11,12,13,14,15,16,17
10597,1,2,3,4,5,6,7,8,9,10,11,12,13,14,15,16,17
10598,1,2,3,4,5,6,7,8,9,10,11,12,13,14,15,16,17
10599,1,2,3,4,5,6,7,8,9,10,11,12,13,14,15,16,17
10600,1,2,3,4,5,6,7,8,9,10,11,12,13,14,15,16,17
10601,1,2,3,4,5,6,7,8,9,10,11,12,13,14,15,16,17
10602,1,2,3,4,5,6,7,8,9,10,11,12,13,14,15,16,17
10603,1,2,11,4,5,6,7,8,9,10,11,12,13,14,15,16,17
10604,1,1,9,10,5,12,14,16,9,10,11,12,13,14,15,16,17
10605,1,5,10,11,5,13,15,17,9,10,11,12,13,14,15,16,17
10606,1,5,11,4,5,15,7,8,9,10,11,12,13,14,15,16,17
10607,1,2,3,4,5,6,7,8,9,10,11,12,13,14,15,16,17
10608,1,2,3,4,5,6,7,8,9,10,11,12,13,14,15,16,17
10609,1,2,3,4,5,6,7,8,9,10,11,12,13,14,15,16,17
10610,1,2,3,4,5,6,7,8,9,10,11,12,13,14,15,16,17
10611,1,2,3,4,5,6,7,8,9,10,11,12,13,14,15,16,17
10612,1,2,3,4,5,6,7,8,9,10,11,12,13,14,15,16,17
10613,1,2,3,4,5,6,7,8,9,10,11,12,13,14,15,16,17
10614,1,2,3,4,5,6,7,8,9,10,11,12,13,14,15,16,17
10615,1,2,3,4,5,6,7,8,9,10,11,12,13,14,15,16,17
10616,1,2,3,4,5,6,7,8,9,10,11,12,13,14,15,16,17
10617,1,2,3,4,5,6,7,8,9,10,11,12,13,14,15,16,17
10618,1,2,3,4,5,6,7,8,9,10,11,12,13,14,15,16,17
10619,1,2,3,4,5,6,7,8,9,10,11,12,13,14,15,16,17
10620,1,2,3,4,5,6,7,8,9,10,11,12,13,14,15,16,17
10621,1,2,3,4,5,6,7,8,9,10,11,12,13,14,15,16,17
10622,1,2,3,4,5,6,7,8,9,10,11,12,13,14,15,16,17
10623,1,2,3,4,5,6,7,8,9,10,11,12,13,14,15,16,17
10624,1,2,3,4,5,6,7,8,9,10,11,12,13,14,15,16,17
10625,1,2,3,4,5,6,7,8,9,10,11,12,13,14,15,16,17
10626,1,2,3,4,5,6,7,8,9,10,11,12,13,14,15,16,17
10627,1,2,3,4,5,6,7,8,9,10,11,12,13,14,15,16,17
10628,1,2,3,4,5,6,7,8,9,10,11,12,13,14,15,16,17
10629,1,2,3,4,5,6,7,8,9,10,11,12,13,14,15,16,17
10630,1,2,3,4,5,6,7,8,9,10,11,12,13,14,15,16,17
10631,1,2,3,4,5,6,7,8,9,10,11,12,13,14,15,16,17
10632,1,2,3,4,5,6,7,8,9,10,11,12,13,14,15,16,17
10633,1,2,3,4,5,6,7,8,9,10,11,12,13,14,15,16,17
10634,1,2,3,4,5,6,7,8,9,10,11,12,13,14,15,16,17
10635,1,2,3,4,5,6,7,8,9,10,11,12,13,14,15,16,17
10636,1,2,3,4,5,6,7,8,9,10,11,12,13,14,15,16,17
10637,1,2,3,4,5,6,7,8,9,10,11,12,13,14,15,16,17
10638,1,2,3,4,5,6,7,8,9,10,11,12,13,14,15,16,17
10639,1,2,3,4,5,6,7,8,9,10,11,12,13,14,15,16,17
10640,1,2,3,4,5,6,7,8,9,10,11,12,13,14,15,16,17
10641,1,2,3,4,5,6,7,8,9,10,11,12,13,14,15,16,17
10642,1,2,3,4,5,6,7,8,9,10,11,12,13,14,15,16,17
10643,1,2,3,4,5,6,7,8,9,10,11,12,13,14,15,16,17
10644,1,2,3,4,5,6,7,8,9,10,11,12,13,14,15,16,17
10645,1,2,3,4,5,6,7,8,9,10,11,12,13,14,15,16,17
10646,1,2,3,4,5,6,7,8,9,10,11,12,13,14,15,16,17
10647,1,2,3,4,5,6,7,8,9,10,11,12,13,14,15,16,17
10648,1,2,3,4,5,6,7,8,9,10,11,12,13,14,15,16,17
10649,1,2,3,4,5,6,7,8,9,10,11,12,13,14,15,16,17
10650,1,2,3,4,5,6,7,8,9,10,11,12,13,14,15,16,17
10651,1,2,3,4,5,6,7,8,9,10,11,12,13,14,15,16,17
10652,1,2,3,4,5,6,7,8,9,10,11,12,13,14,15,16,17
10653,1,2,3,4,5,6,7,8,9,10,11,12,13,14,15,16,17
10654,1,2,3,4,5,6,7,8,9,10,11,12,13,14,15,16,17
10655,1,2,3,4,5,6,7,8,9,10,11,12,13,14,15,16,17
10656,1,2,3,4,5,6,7,8,9,10,11,12,13,14,15,16,17
10657,1,2,3,4,5,6,7,8,9,10,11,12,13,14,15,16,17
10658,1,2,3,4,5,6,7,8,9,10,11,12,13,14,15,16,17
10659,1,2,3,4,5,6,7,8,9,10,11,12,13,14,15,16,17
10660,1,2,3,4,5,6,7,8,9,10,11,12,13,14,15,16,17
10661,1,2,3,4,5,6,7,8,9,10,11,12,13,14,15,16,17
10662,1,2,3,4,5,6,7,8,9,10,11,12,13,14,15,16,17
10663,1,2,3,4,5,6,7,8,9,10,11,12,13,14,15,16,17
10664,1,2,3,4,5,6,7,8,9,10,11,12,13,14,15,16,17
10665,1,2,3,4,5,6,7,8,9,10,11,12,13,14,15,16,17
10666,1,2,3,4,5,6,7,8,9,10,11,12,13,14,15,16,17
10667,1,2,3,4,5,6,7,8,9,10,11,12,13,14,15,16,17
10668,1,2,3,4,5,6,7,8,9,10,11,12,13,14,15,16,17
10669,1,2,3,4,5,6,7,8,9,10,11,12,13,14,15,16,17
10670,1,2,3,4,5,6,7,8,9,10,11,12,13,14,15,16,17
10671,1,2,3,4,5,6,7,8,9,10,11,12,13,14,15,16,17
10672,1,2,3,4,5,6,7,8,9,10,11,12,13,14,15,16,17
10673,1,2,3,4,5,6,7,8,9,10,11,12,13,14,15,16,17
10674,1,2,3,4,5,6,7,8,9,10,11,12,13,14,15,16,17
10675,1,2,3,4,5,6,7,8,9,10,11,12,13,14,15,16,17
10676,1,2,3,4,5,6,7,8,9,10,11,12,13,14,15,16,17
10677,1,2,3,4,5,6,7,8,9,10,11,12,13,14,15,16,17
10678,1,2,3,4,5,6,7,8,9,10,11,12,13,14,15,16,17
10679,1,2,3,4,5,6,7,8,9,10,11,12,13,14,15,16,17
10680,1,2,3,4,5,6,7,8,9,10,11,12,13,14,15,16,17
10681,1,2,3,4,5,6,7,8,9,10,11,12,13,14,15,16,17
10682,1,2,3,4,5,6,7,8,9,10,11,12,13,14,15,16,17
10683,1,2,3,4,5,6,7,8,9,10,11,12,13,14,15,16,17
10684,1,2,3,4,5,6,7,8,9,10,11,12,13,14,15,16,17
10685,1,2,3,4,5,6,7,8,9,10,11,12,13,14,15,16,17
10686,1,2,3,4,5,6,7,8,9,10,11,12,13,14,15,16,17
10687,1,2,3,4,5,6,7,8,9,10,11,12,13,14,15,16,17
10688,1,2,3,4,5,6,7,8,9,10,11,12,13,14,15,16,17
10689,1,2,3,4,5,6,7,8,9,10,11,12,13,14,15,16,17
10690,1,2,3,4,5,6,7,8,9,10,11,12,13,14,15,16,17
10691,1,2,3,4,5,6,7,8,9,10,11,12,13,14,15,16,17
10692,1,2,3,4,5,6,7,8,9,10,11,12,13,14,15,16,17
10693,1,2,3,4,5,6,7,8,9,10,11,12,13,14,15,16,17
10694,1,2,3,4,5,6,7,8,9,10,11,12,13,14,15,16,17
10695,1,2,3,4,5,6,7,8,9,10,11,12,13,14,15,16,17
10696,1,2,3,4,5,6,7,8,9,10,11,12,13,14,15,16,17
10697,1,2,3,4,5,6,7,8,9,10,11,12,13,14,15,16,17
10698,1,2,3,4,5,6,7,8,9,10,11,12,13,14,15,16,17
10699,1,2,3,4,5,6,7,8,9,10,11,12,13,14,15,16,17
10700,1,2,3,4,5,6,7,8,9,10,11,12,13,14,15,16,17
10701,1,2,3,4,5,6,7,8,9,10,11,12,13,14,15,16,17
10702,1,2,3,4,5,6,7,8,9,10,11,12,13,14,15,16,17
10703,1,2,3,4,5,6,7,8,9,10,11,12,13,14,15,16,17
10704,1,2,3,4,5,6,7,8,9,10,11,12,13,14,15,16,17
10705,1,2,3,4,5,6,7,8,9,10,11,12,13,14,15,16,17
10706,1,2,3,4,5,6,6,8,9,10,11,6,13,14,15,16,6
10707,1,2,3,4,5,6,7,8,9,10,11,12,13,14,15,16,17
10708,1,2,3,4,5,6,7,8,9,10,11,12,13,14,15,16,17
10709,1,2,3,4,5,6,7,8,9,10,11,12,13,14,15,16,17
10710,1,2,3,4,5,6,7,8,9,10,11,12,13,14,15,16,17
10711,1,2,3,4,5,6,7,8,9,10,11,12,13,14,15,16,17
10712,1,2,3,4,5,6,7,8,9,10,11,12,13,14,15,16,17
10713,1,2,3,4,5,6,7,8,9,10,11,12,13,14,15,16,17
10714,1,2,3,4,5,6,7,8,9,10,11,12,13,14,15,16,17
10715,1,2,3,4,5,6,7,8,9,10,11,12,13,14,15,16,17
10716,1,2,3,4,5,6,7,8,9,10,11,12,13,14,15,16,17
10717,1,2,3,4,5,6,7,8,9,10,11,12,13,14,15,16,17
10718,1,2,3,4,5,6,7,8,9,10,11,12,13,14,15,16,17
10719,1,2,3,4,5,6,7,8,9,10,11,12,13,14,15,16,17
10720,1,2,3,4,5,6,7,8,9,10,11,12,13,14,15,16,17
10721,1,2,3,4,5,6,7,8,9,10,11,12,13,14,15,16,17
10722,1,2,3,4,5,6,7,8,9,10,11,12,13,14,15,16,17
10723,1,2,3,4,5,6,7,8,9,10,11,12,13,14,15,16,17
10724,1,2,3,4,5,6,7,8,9,10,11,12,13,14,15,16,17
10725,1,2,3,4,5,6,7,8,9,10,11,12,13,14,15,16,17
10726,1,2,3,4,5,6,7,8,9,10,11,12,13,14,15,16,17
10727,1,2,3,4,5,6,7,8,9,10,11,12,13,14,15,16,17
10728,1,2,3,4,5,6,7,8,9,10,11,12,13,14,15,16,17
10729,1,2,3,4,5,6,7,8,9,10,11,12,13,14,15,16,17
10730,1,2,3,4,5,6,7,8,9,10,11,12,13,14,15,16,17
10731,1,2,3,4,5,6,7,8,9,10,11,12,13,14,15,16,17
10732,1,2,3,4,5,6,7,8,9,10,11,12,13,14,15,16,17
10733,1,2,3,4,5,6,7,8,9,10,11,12,13,14,15,16,17
10734,1,2,3,4,5,6,7,8,9,10,11,12,13,14,15,16,17
10735,1,2,3,4,5,6,7,8,9,10,11,12,13,14,15,16,17
10736,1,2,3,4,5,6,7,8,9,10,11,12,13,14,15,16,17
10737,1,2,3,4,5,6,7,8,9,10,11,12,13,14,15,16,17
10738,1,2,3,4,5,6,7,8,9,10,11,12,13,14,15,16,17
10739,1,2,3,4,5,6,7,8,9,10,11,12,13,14,15,16,17
10740,1,2,3,4,5,6,7,8,9,10,11,12,13,14,15,16,17
10741,1,2,3,4,5,6,7,8,9,10,11,12,13,14,15,16,17
10742,1,2,3,4,5,6,7,8,9,10,11,12,13,14,15,16,17
10743,1,2,3,4,5,6,7,8,9,10,11,12,13,14,15,16,17
10744,1,2,3,4,5,6,7,8,9,10,11,12,13,14,15,16,17
10745,1,2,3,4,5,6,7,8,9,10,11,12,13,14,15,16,17
10746,1,2,3,4,5,6,7,8,9,10,11,12,13,14,15,16,17
10747,1,1,9,12,5,15,7,8,9,10,11,12,13,14,15,16,17
10748,1,9,12,4,5,15,7,8,9,10,11,12,13,14,15,16,17
10749,1,2,3,4,5,6,7,8,9,10,11,12,13,14,15,16,17
10750,1,2,3,4,5,6,7,8,9,10,11,12,13,14,15,16,17
10751,1,2,3,4,5,6,7,8,9,10,11,12,13,14,15,16,17
10752,1,2,3,4,5,6,7,8,9,10,11,12,13,14,15,16,17
10753,1,5,9,12,5,14,7,16,9,10,11,12,13,14,15,16,17
10754,1,5,9,12,5,16,7,8,9,10,11,12,13,14,15,16,17
10755,1,2,3,4,5,6,7,8,9,10,11,12,13,14,15,16,17
10756,1,2,3,4,5,6,7,8,9,10,11,12,13,14,15,16,17
10757,1,2,3,4,5,6,7,8,9,10,11,12,13,14,15,16,17
10758,1,2,3,4,5,6,7,8,9,10,11,12,13,14,15,16,17
10759,1,2,3,4,5,6,7,8,9,10,11,12,13,14,15,16,17
10760,1,2,3,4,5,6,7,8,9,10,11,12,13,14,15,16,17
10761,1,2,3,4,5,6,7,8,9,10,11,12,13,14,15,16,17
10762,1,2,3,4,5,6,7,8,9,10,11,12,13,14,15,16,17
10763,1,2,3,4,5,6,7,8,9,10,11,12,13,14,15,16,17
10764,1,2,3,4,5,6,7,8,9,10,11,12,13,14,15,16,17
10765,1,2,3,4,5,6,7,8,9,10,11,12,13,14,15,16,17
10766,1,2,3,4,5,6,7,8,9,10,11,12,13,14,15,16,17
10767,1,2,3,4,5,6,7,8,9,10,11,12,13,14,15,16,17
10768,1,2,3,4,5,6,7,8,9,10,11,12,13,14,15,16,17
10769,1,2,3,4,5,6,7,8,9,10,11,12,13,14,15,16,17
10770,1,2,3,4,5,6,7,8,9,10,11,12,13,14,15,16,17
10771,1,2,3,4,5,6,7,8,9,10,11,12,13,14,15,16,17
10772,1,2,3,4,5,6,7,8,9,10,11,12,13,14,15,16,17
10773,1,2,3,4,5,6,7,8,9,10,11,12,13,14,15,16,17
10774,1,2,3,4,5,6,7,8,9,10,11,12,13,14,15,16,17
10775,1,2,3,4,5,6,7,8,9,10,11,12,13,14,15,16,17
10776,1,2,3,4,5,6,7,8,9,10,11,12,13,14,15,16,17
10777,1,2,3,4,5,6,7,8,9,10,11,12,13,14,15,16,17
10778,1,2,3,4,5,6,7,8,9,10,11,12,13,14,15,16,17
10779,1,2,3,4,5,6,7,8,9,10,11,12,13,14,15,16,17
10780,1,2,3,4,5,6,7,8,9,10,11,12,13,14,15,16,17
10781,1,2,3,4,5,6,7,8,9,10,11,12,13,14,15,16,17
10782,1,2,3,4,5,6,7,8,9,10,11,12,13,14,15,16,17
10783,1,2,3,4,5,6,7,8,9,10,11,12,13,14,15,16,17
10784,1,2,3,4,5,6,7,8,9,10,11,12,13,14,15,16,17
10785,1,2,3,4,5,6,7,8,9,10,11,12,13,14,15,16,17
10786,1,2,3,4,5,6,7,8,9,10,11,12,13,14,15,16,17
10787,1,2,3,4,5,6,7,8,9,10,11,12,13,14,15,16,17
10788,1,2,3,4,5,6,7,8,9,10,11,12,13,14,15,16,17
10789,1,2,3,4,5,6,7,8,9,10,11,12,13,14,15,16,17
10790,1,2,3,4,5,6,7,8,9,10,11,12,13,14,15,16,17
10791,1,2,3,4,5,6,7,8,9,10,11,12,13,14,15,16,17
10792,1,2,3,4,5,6,7,8,9,10,11,12,13,14,15,16,17
10793,1,2,3,4,5,6,7,8,9,10,11,12,13,14,15,16,17
10794,1,2,3,4,5,6,7,8,9,10,11,12,13,14,15,16,17
10795,1,2,3,4,5,6,7,8,9,10,11,12,13,14,15,16,17
10796,1,2,3,4,5,6,7,8,9,10,11,12,13,14,15,16,17
10797,1,2,3,4,5,6,7,8,9,10,11,12,13,14,15,16,17
10798,1,2,3,4,5,6,7,8,9,10,11,12,13,14,15,16,17
10799,1,2,3,4,5,6,7,8,9,10,11,12,13,14,15,16,17
10800,1,2,3,4,5,6,7,8,9,10,11,12,13,14,15,16,17
10801,1,2,3,4,5,6,7,8,9,10,11,12,13,14,15,16,17
10802,1,2,3,4,5,6,7,8,9,10,11,12,13,14,15,16,17
10803,1,2,3,4,5,6,7,8,9,10,11,12,13,14,15,16,17
10804,1,2,3,4,5,6,7,8,9,10,11,12,13,14,15,16,17
10805,1,2,3,4,5,6,7,8,9,10,11,12,13,14,15,16,17
10806,1,2,3,4,5,6,7,8,9,10,11,12,13,14,15,16,17
10807,1,2,3,4,5,6,7,8,9,10,11,12,13,14,15,16,17
10808,1,2,3,4,5,6,7,8,9,10,11,12,13,14,15,16,17
10809,1,2,3,4,5,6,7,8,9,10,11,12,13,14,15,16,17
10810,1,2,3,4,5,6,7,8,9,10,11,12,13,14,15,16,17
10811,1,2,3,4,5,6,7,8,9,10,11,12,13,14,15,16,17
10812,1,2,3,4,5,6,7,8,9,10,11,12,13,14,15,16,17
10813,1,2,3,4,5,6,7,8,9,10,11,12,13,14,15,16,17
10814,1,2,3,4,5,6,7,8,9,10,11,12,13,14,15,16,17
10815,1,2,3,4,5,6,7,8,9,10,11,12,13,14,15,16,17
10816,1,2,3,4,5,6,7,8,9,10,11,12,13,14,15,16,17
10817,1,2,3,4,5,6,7,8,9,10,11,12,13,14,15,16,17
10818,1,2,3,4,5,6,7,8,9,10,11,12,13,14,15,16,17
10819,1,2,3,4,5,6,7,8,9,10,11,12,13,14,15,16,17
10820,1,2,3,4,5,6,7,8,9,10,11,12,13,14,15,16,17
10821,1,2,3,4,5,6,7,8,9,10,11,12,13,14,15,16,17
10822,1,2,3,4,5,6,7,8,9,10,11,12,13,14,15,16,17
10823,1,2,3,4,5,6,7,8,9,10,11,12,13,14,15,16,17
10824,1,2,3,4,5,6,7,8,9,10,11,12,13,14,15,16,17
10825,1,2,3,4,5,6,7,8,9,10,11,12,13,14,15,16,17
10826,1,2,3,4,5,6,7,8,9,10,11,12,13,14,15,16,17
10827,1,2,3,4,5,6,7,8,9,10,11,12,13,14,15,16,17
10828,1,2,3,4,5,6,7,8,9,10,11,12,13,14,15,16,17
10829,1,2,3,4,5,6,7,8,9,10,11,12,13,14,15,16,17
10830,1,2,3,4,5,6,7,8,9,10,11,12,13,14,15,16,17
10831,1,2,3,4,5,6,7,8,9,10,11,12,13,14,15,16,17
10832,1,2,3,4,5,6,7,8,9,10,11,12,13,14,15,16,17
10833,1,2,3,4,5,6,7,8,9,10,11,12,13,14,15,16,17
10834,1,2,3,4,5,6,7,8,9,10,11,12,13,14,15,16,17
10835,1,2,3,4,5,6,7,8,9,10,11,12,13,14,15,16,17
10836,1,2,3,4,5,6,7,8,9,10,11,12,13,14,15,16,17
10837,1,2,3,4,5,6,7,8,9,10,11,12,13,14,15,16,17
10838,1,2,3,4,5,6,7,8,9,10,11,12,13,14,15,16,17
10839,1,2,3,4,5,6,7,8,9,10,11,12,13,14,15,16,17
10840,1,2,3,4,5,6,7,8,9,10,11,12,13,14,15,16,17
10841,1,2,3,4,5,6,7,8,9,10,11,12,13,14,15,16,17
10842,1,2,3,4,5,6,7,8,9,10,11,12,13,14,15,16,17
10843,1,2,3,4,5,6,7,8,9,10,11,12,13,14,15,16,17
10844,1,2,3,4,5,6,7,8,9,10,11,12,13,14,15,16,17
10845,1,2,3,4,5,6,7,8,9,10,11,12,13,14,15,16,17
10846,1,2,3,4,5,6,7,8,9,10,11,12,13,14,15,16,17
10847,1,2,3,4,5,6,7,8,9,10,11,12,13,14,15,16,17
10848,1,2,3,4,5,6,7,8,9,10,11,12,13,14,15,16,17
10849,1,2,3,4,5,6,7,8,9,10,11,12,13,14,15,16,17
10850,1,2,3,4,5,6,7,8,9,10,11,12,13,14,15,16,17
10851,1,2,3,4,5,6,7,8,9,10,11,12,13,14,15,16,17
10852,1,2,3,4,5,6,7,8,9,10,11,12,13,14,15,16,17
10853,1,2,3,4,5,6,7,8,9,10,11,12,13,14,15,16,17
10854,1,2,3,4,5,6,7,8,9,10,11,12,13,14,15,16,17
10855,1,2,3,4,5,6,7,8,9,10,11,12,13,14,15,16,17
10856,1,2,3,4,5,6,7,8,9,10,11,12,13,14,15,16,17
10857,1,2,3,4,5,6,7,8,9,10,11,12,13,14,15,16,17
10858,1,2,3,4,5,6,7,8,9,10,11,12,13,14,15,16,17
10859,1,2,3,4,5,6,7,8,9,10,11,12,13,14,15,16,17
10860,1,2,3,4,5,6,7,8,9,10,11,12,13,14,15,16,17
10861,1,2,3,4,5,6,7,8,9,10,11,12,13,14,15,16,17
10862,1,2,3,4,5,6,7,8,9,10,11,12,13,14,15,16,17
10863,1,2,3,4,5,6,7,8,9,10,11,12,13,14,15,16,17
10864,1,2,3,4,5,6,7,8,9,10,11,12,13,14,15,16,17
10865,1,2,3,4,5,6,7,8,9,10,11,12,13,14,15,16,17
10866,1,2,3,4,5,6,7,8,9,10,11,12,13,14,15,16,17
10867,1,2,3,4,5,6,7,8,9,10,11,12,13,14,15,16,17
10868,1,2,3,4,5,6,7,8,9,10,11,12,13,14,15,16,17
10869,1,2,3,4,5,6,7,8,9,10,11,12,13,14,15,16,17
10870,1,2,3,4,5,6,7,8,9,10,11,12,13,14,15,16,17
10871,1,2,3,4,5,6,7,8,9,10,11,12,13,14,15,16,17
10872,1,2,3,4,5,6,7,8,9,10,11,12,13,14,15,16,17
10873,1,2,3,4,5,6,7,8,9,10,11,12,13,14,15,16,17
10874,1,2,3,4,5,6,7,8,9,10,11,12,13,14,15,16,17
10875,1,2,3,4,5,6,7,8,9,10,11,12,13,14,15,16,17
10876,1,2,3,4,5,6,7,8,9,10,11,12,13,14,15,16,17
10877,1,2,3,4,5,6,7,8,9,10,11,12,13,14,15,16,17
10878,1,2,3,4,5,6,7,8,9,10,11,12,13,14,15,16,17
10879,1,2,3,4,5,6,7,8,9,10,11,12,13,14,15,16,17
10880,1,2,3,4,5,6,7,8,9,10,11,12,13,14,15,16,17
10881,1,2,3,4,5,6,7,8,9,10,11,12,13,14,15,16,17
10882,1,2,3,4,5,6,7,8,9,10,11,12,13,14,15,16,17
10883,1,2,3,4,5,6,7,8,9,10,11,12,13,14,15,16,17
10884,1,2,3,4,5,6,7,8,9,10,11,12,13,14,15,16,17
10885,1,2,3,4,5,6,7,8,9,10,11,12,13,14,15,16,17
10886,1,2,3,4,5,6,7,8,9,10,11,12,13,14,15,16,17
10887,1,2,3,4,5,6,7,8,9,10,11,12,13,14,15,16,17
10888,1,2,3,4,5,6,7,8,9,10,11,12,13,14,15,16,17
10889,1,2,3,4,5,6,7,8,9,10,11,12,13,14,15,16,17
10890,1,2,3,4,5,6,7,8,9,10,11,12,13,14,15,16,17
10891,1,2,3,4,5,6,7,8,9,10,11,12,13,14,15,16,17
10892,1,2,3,4,5,6,7,8,9,10,11,12,13,14,15,16,17
10893,1,2,3,4,5,6,7,8,9,10,11,12,13,14,15,16,17
10894,1,2,3,4,5,6,7,8,9,10,11,12,13,14,15,16,17
10895,1,5,7,10,5,13,7,16,9,10,11,12,13,14,15,16,17
10896,1,1,10,11,5,13,14,16,17,10,11,12,13,14,15,16,17
10897,1,9,11,13,5,15,7,17,9,10,11,12,13,14,15,16,17
10898,1,4,9,4,5,14,7,8,9,10,11,12,13,14,15,16,17
10899,1,2,3,4,5,6,7,8,9,10,11,12,13,14,15,16,17
10900,1,2,3,4,5,6,7,8,9,10,11,12,13,14,15,16,17
10901,1,2,3,4,5,6,7,8,9,10,11,12,13,14,15,16,17
10902,1,2,3,4,5,6,7,8,9,10,11,12,13,14,15,16,17
10903,1,2,3,4,5,6,7,8,9,10,11,12,13,14,15,16,17
10904,1,2,3,4,5,6,7,8,9,10,11,12,13,14,15,16,17
10905,1,2,3,4,5,6,7,8,9,10,11,12,13,14,15,16,17
10906,1,2,3,4,5,6,7,8,9,10,11,12,13,14,15,16,17
10907,1,2,3,4,5,6,7,8,9,10,11,12,13,14,15,16,17
10908,1,2,3,4,5,6,7,8,9,10,11,12,13,14,15,16,17
10909,1,2,3,4,5,6,7,8,9,10,11,12,13,14,15,16,17
10910,1,2,3,4,5,6,7,8,9,10,11,12,13,14,15,16,17
10911,1,2,3,4,5,6,7,8,9,10,11,12,13,14,15,16,17
10912,1,2,3,4,5,6,7,8,9,10,11,12,13,14,15,16,17
10913,1,2,3,4,5,6,7,8,9,10,11,12,13,14,15,16,17
10914,1,2,3,4,5,6,7,8,9,10,11,12,13,14,15,16,17
10915,1,2,3,4,5,6,7,8,9,10,11,12,13,14,15,16,17
10916,1,2,3,4,5,6,7,8,9,10,11,12,13,14,15,16,17
10917,1,2,3,4,5,6,7,8,9,10,11,12,13,14,15,16,17
10918,1,2,3,4,5,6,7,8,9,10,11,12,13,14,15,16,17
10919,1,2,3,4,5,6,7,8,9,10,11,12,13,14,15,16,17
10920,1,2,3,4,5,6,7,8,9,10,11,12,13,14,15,16,17
10921,1,2,3,4,5,6,7,8,9,10,11,12,13,14,15,16,17
10922,1,2,3,4,5,6,7,8,9,10,11,12,13,14,15,16,17
10923,1,2,3,4,5,6,7,8,9,10,11,12,13,14,15,16,17
10924,1,2,3,4,5,6,7,8,9,10,11,12,13,14,15,16,17
10925,1,2,3,4,5,6,7,8,9,10,11,12,13,14,15,16,17
10926,1,2,3,4,5,6,7,8,9,10,11,12,13,14,15,16,17
10927,1,2,3,4,5,6,7,8,9,10,11,12,13,14,15,16,17
10928,1,2,3,4,5,6,7,8,9,10,11,12,13,14,15,16,17
10929,1,2,3,4,5,6,7,8,9,10,11,12,13,14,15,16,17
10930,1,2,3,4,5,6,7,8,9,10,11,12,13,14,15,16,17
10931,1,2,3,4,5,6,7,8,9,10,11,12,13,14,15,16,17
10932,1,2,3,4,5,6,7,8,9,10,11,12,13,14,15,16,17
10933,1,2,3,4,5,6,7,8,9,10,11,12,13,14,15,16,17
10934,1,2,3,4,5,6,7,8,9,10,11,12,13,14,15,16,17
10935,1,2,3,4,5,6,7,8,9,10,11,12,13,14,15,16,17
10936,1,2,3,4,5,6,7,8,9,10,11,12,13,14,15,16,17
10937,1,2,3,4,5,6,7,8,9,10,11,12,13,14,15,16,17
10938,1,2,3,4,5,6,7,8,9,10,11,12,13,14,15,16,17
10939,1,2,3,4,5,6,7,8,9,10,11,12,13,14,15,16,17
10940,1,2,3,4,5,6,7,8,9,10,11,12,13,14,15,16,17
10941,1,2,3,4,5,6,7,8,9,10,11,12,13,14,15,16,17
10942,1,2,3,4,5,6,7,8,9,10,11,12,13,14,15,16,17
10943,1,2,3,4,5,6,7,8,9,10,11,12,13,14,15,16,17
10944,1,2,3,4,5,6,7,8,9,10,11,12,13,14,15,16,17
10945,1,2,3,4,5,6,7,8,9,10,11,12,13,14,15,16,17
10946,1,2,3,4,5,6,7,8,9,10,11,12,13,14,15,16,17
10947,1,2,3,4,5,6,7,8,9,10,11,12,13,14,15,16,17
10948,1,2,3,4,5,6,7,8,9,10,11,12,13,14,15,16,17
10949,1,2,3,4,5,6,7,8,9,10,11,12,13,14,15,16,17
10950,1,2,3,4,5,6,7,8,9,10,11,12,13,14,15,16,17
10951,1,2,3,4,5,6,7,8,9,10,11,12,13,14,15,16,17
10952,1,2,3,4,5,6,7,8,9,10,11,12,13,14,15,16,17
10953,1,2,3,4,5,6,7,8,9,10,11,12,13,14,15,16,17
10954,1,2,3,4,5,6,7,8,9,10,11,12,13,14,15,16,17
10955,1,2,3,4,5,6,7,8,9,10,11,12,13,14,15,16,17
10956,1,2,3,4,5,6,7,8,9,10,11,12,13,14,15,16,17
10957,1,2,3,4,5,6,7,8,9,10,11,12,13,14,15,16,17
10958,1,2,3,4,5,6,7,8,9,10,11,12,13,14,15,16,17
10959,1,2,3,4,5,6,7,8,9,10,11,12,13,14,15,16,17
10960,1,2,3,4,5,6,7,8,9,10,11,12,13,14,15,16,17
10961,1,2,3,4,5,6,7,8,9,10,11,12,13,14,15,16,17
10962,1,2,3,4,5,6,7,8,9,10,11,12,13,14,15,16,17
10963,1,2,3,4,5,6,7,8,9,10,11,12,13,14,15,16,17
10964,1,2,3,4,5,6,7,8,9,10,11,12,13,14,15,16,17
10965,1,2,3,4,5,6,7,8,9,10,11,12,13,14,15,16,17
10966,1,2,3,4,5,6,7,8,9,10,11,12,13,14,15,16,17
10967,1,2,3,4,5,6,7,8,9,10,11,12,13,14,15,16,17
10968,1,2,3,4,5,6,7,8,9,10,11,12,13,14,15,16,17
10969,1,2,3,4,5,6,7,8,9,10,11,12,13,14,15,16,17
10970,1,2,3,4,5,6,7,8,9,10,11,12,13,14,15,16,17
10971,1,2,3,4,5,6,7,8,9,10,11,12,13,14,15,16,17
10972,1,2,3,4,5,6,7,8,9,10,11,12,13,14,15,16,17
10973,1,2,3,4,5,6,7,8,9,10,11,12,13,14,15,16,17
10974,1,2,3,4,5,6,7,8,9,10,11,12,13,14,15,16,17
10975,1,2,3,4,5,6,7,8,9,10,11,12,13,14,15,16,17
10976,1,2,3,4,5,6,7,8,9,10,11,12,13,14,15,16,17
10977,1,2,3,4,5,6,7,8,9,10,11,12,13,14,15,16,17
10978,1,2,3,4,5,6,7,8,9,10,11,12,13,14,15,16,17
10979,1,2,3,4,5,6,7,8,9,10,11,12,13,14,15,16,17
10980,1,2,3,4,5,6,7,8,9,10,11,12,13,14,15,16,17
10981,1,2,3,4,5,6,7,8,9,10,11,12,13,14,15,16,17
10982,1,2,3,4,5,6,7,8,9,10,11,12,13,14,15,16,17
10983,1,2,3,4,5,6,7,8,9,10,11,12,13,14,15,16,17
10984,1,2,3,4,5,6,7,8,9,10,11,12,13,14,15,16,17
10985,1,2,3,4,5,6,7,8,9,10,11,12,13,14,15,16,17
10986,1,2,3,4,5,6,7,8,9,10,11,12,13,14,15,16,17
10987,1,2,3,4,5,6,7,8,9,10,11,12,13,14,15,16,17
10988,1,2,3,4,5,6,7,8,9,10,11,12,13,14,15,16,17
10989,1,2,3,4,5,6,7,8,9,10,11,12,13,14,15,16,17
10990,1,2,3,4,5,6,7,8,9,10,11,12,13,14,15,16,17
10991,1,2,3,4,5,6,7,8,9,10,11,12,13,14,15,16,17
10992,1,2,3,4,5,6,7,8,9,10,11,12,13,14,15,16,17
10993,1,2,3,4,5,6,7,8,9,10,11,12,13,14,15,16,17
10994,1,2,3,4,5,6,7,8,9,10,11,12,13,14,15,16,17
10995,1,2,3,4,5,6,7,8,9,10,11,12,13,14,15,16,17
10996,1,2,3,4,5,6,7,8,9,10,11,12,13,14,15,16,17
10997,1,2,3,4,5,6,7,8,9,10,11,12,13,14,15,16,17
10998,1,2,3,4,5,6,7,8,9,10,11,12,13,14,15,16,17
10999,1,2,3,4,5,6,7,8,9,10,11,12,13,14,15,16,17
11000,1,2,3,4,5,6,7,8,9,10,11,12,13,14,15,16,17
11001,1,2,3,4,5,6,7,8,9,10,11,12,13,14,15,16,17
11002,1,2,3,4,5,6,7,8,9,10,11,12,13,14,15,16,17
11003,1,2,3,4,5,6,7,8,9,10,11,12,13,14,15,16,17
11004,1,2,3,4,5,6,7,8,9,10,11,12,13,14,15,16,17
11005,1,2,3,4,5,6,7,8,9,10,11,12,13,14,15,16,17
11006,1,2,3,4,5,6,7,8,9,10,11,12,13,14,15,16,17
11007,1,2,3,4,5,6,7,8,9,10,11,12,13,14,15,16,17
11008,1,2,3,4,5,6,7,8,9,10,11,12,13,14,15,16,17
11009,1,2,3,4,5,6,7,8,9,10,11,12,13,14,15,16,17
11010,1,2,3,4,5,6,7,8,9,10,11,12,13,14,15,16,17
11011,1,2,3,4,5,6,7,8,9,10,11,12,13,14,15,16,17
11012,1,2,3,4,5,6,7,8,9,10,11,12,13,14,15,16,17
11013,1,2,3,4,5,6,7,8,9,10,11,12,13,14,15,16,17
11014,1,2,3,4,5,6,7,8,9,10,11,12,13,14,15,16,17
11015,1,2,3,4,5,6,7,8,9,10,11,12,13,14,15,16,17
11016,1,2,3,4,5,6,7,8,9,10,11,12,13,14,15,16,17
11017,1,2,3,4,5,6,7,8,9,10,11,12,13,14,15,16,17
11018,1,2,3,4,5,6,7,8,9,10,11,12,13,14,15,16,17
11019,1,2,3,4,5,6,7,8,9,10,11,12,13,14,15,16,17
11020,1,2,3,4,5,6,7,8,9,10,11,12,13,14,15,16,17
11021,1,2,3,4,5,6,7,8,9,10,11,12,13,14,15,16,17
11022,1,2,3,4,5,6,7,8,9,10,11,12,13,14,15,16,17
11023,1,2,3,4,5,6,7,8,9,10,11,12,13,14,15,16,17
11024,1,2,3,4,5,6,7,8,9,10,11,12,13,14,15,16,17
11025,1,2,3,4,5,6,7,8,9,10,11,12,13,14,15,16,17
11026,1,2,3,4,5,6,7,8,9,10,11,12,13,14,15,16,17
11027,1,2,3,4,5,6,7,8,9,10,11,12,13,14,15,16,17
11028,1,2,3,4,5,6,7,8,9,10,11,12,13,14,15,16,17
11029,1,2,3,4,5,6,7,8,9,10,11,12,13,14,15,16,17
11030,1,2,3,4,5,6,7,8,9,10,11,12,13,14,15,16,17
11031,1,2,3,4,5,6,7,8,9,10,11,12,13,14,15,16,17
11032,1,2,3,4,5,6,7,8,9,10,11,12,13,14,15,16,17
11033,1,2,3,4,5,6,7,8,9,10,11,12,13,14,15,16,17
11034,1,2,3,4,5,6,7,8,9,10,11,12,13,14,15,16,17
11035,1,2,3,4,5,6,7,8,9,10,11,12,13,14,15,16,17
11036,1,2,3,4,5,6,7,8,9,10,11,12,13,14,15,16,17
11037,1,2,3,4,5,6,7,8,9,10,11,12,13,14,15,16,17
11038,1,5,11,17,5,6,7,8,9,10,11,12,13,14,15,16,17
11039,1,1,10,11,5,13,14,16,17,10,11,12,13,14,15,16,17
11040,1,1,10,11,5,13,14,15,17,10,11,12,13,14,15,16,17
11041,1,16,3,4,5,6,7,8,9,10,11,12,13,14,15,16,17
11042,1,2,3,4,5,6,7,8,9,10,11,12,13,14,15,16,17
11043,1,2,3,4,5,6,7,8,9,10,11,12,13,14,15,16,17
11044,1,2,3,4,5,6,7,8,9,10,11,12,13,14,15,16,17
11045,1,2,3,4,5,6,7,8,9,10,11,12,13,14,15,16,17
11046,1,2,3,4,5,6,7,8,9,10,11,12,13,14,15,16,17
11047,1,2,3,4,5,6,7,8,9,10,11,12,13,14,15,16,17
11048,1,2,3,4,5,6,7,8,9,10,11,12,13,14,15,16,17
11049,1,2,3,4,5,6,7,8,9,10,11,12,13,14,15,16,17
11050,1,2,3,4,5,6,7,8,9,10,11,12,13,14,15,16,17
11051,1,2,3,4,5,6,7,8,9,10,11,12,13,14,15,16,17
11052,1,2,3,4,5,6,7,8,9,10,11,12,13,14,15,16,17
11053,1,2,3,4,5,6,7,8,9,10,11,12,13,14,15,16,17
11054,1,2,3,4,5,6,7,8,9,10,11,12,13,14,15,16,17
11055,1,2,3,4,5,6,7,8,9,10,11,12,13,14,15,16,17
11056,1,2,3,4,5,6,7,8,9,10,11,12,13,14,15,16,17
11057,1,2,3,4,5,6,7,8,9,10,11,12,13,14,15,16,17
11058,1,2,3,4,5,6,7,8,9,10,11,12,13,14,15,16,17
11059,1,2,3,4,5,6,7,8,9,10,11,12,13,14,15,16,17
11060,1,2,3,4,5,6,7,8,9,10,11,12,13,14,15,16,17
11061,1,2,3,4,5,6,7,8,9,10,11,12,13,14,15,16,17
11062,1,2,3,4,5,6,7,8,9,10,11,12,13,14,15,16,17
11063,1,2,3,4,5,6,7,8,9,10,11,12,13,14,15,16,17
11064,1,2,3,4,5,6,7,8,9,10,11,12,13,14,15,16,17
11065,1,2,3,4,5,6,7,8,9,10,11,12,13,14,15,16,17
11066,1,2,3,4,5,6,7,8,9,10,11,12,13,14,15,16,17
11067,1,2,3,4,5,6,7,8,9,10,11,12,13,14,15,16,17
11068,1,2,3,4,5,6,7,8,9,10,11,12,13,14,15,16,17
11069,1,2,3,4,5,6,7,8,9,10,11,12,13,14,15,16,17
11070,1,2,3,4,5,6,7,8,9,10,11,12,13,14,15,16,17
11071,1,2,3,4,5,6,7,8,9,10,11,12,13,14,15,16,17
11072,1,2,3,4,5,6,7,8,9,10,11,12,13,14,15,16,17
11073,1,2,3,4,5,6,7,8,9,10,11,12,13,14,15,16,17
11074,1,2,3,4,5,6,7,8,9,10,11,12,13,14,15,16,17
11075,1,2,3,4,5,6,7,8,9,10,11,12,13,14,15,16,17
11076,1,2,3,4,5,6,7,8,9,10,11,12,13,14,15,16,17
11077,1,2,3,4,5,6,7,8,9,10,11,12,13,14,15,16,17
11078,1,2,3,4,5,6,7,8,9,10,11,12,13,14,15,16,17
11079,1,2,3,4,5,6,7,8,9,10,11,12,13,14,15,16,17
11080,1,2,3,4,5,6,7,8,9,10,11,12,13,14,15,16,17
11081,1,2,3,4,5,6,7,8,9,10,11,12,13,14,15,16,17
11082,1,2,3,4,5,6,7,8,9,10,11,12,13,14,15,16,17
11083,1,2,3,4,5,6,7,8,9,10,11,12,13,14,15,16,17
11084,1,2,3,4,5,6,7,8,9,10,11,12,13,14,15,16,17
11085,1,2,3,4,5,6,7,8,9,10,11,12,13,14,15,16,17
11086,1,2,3,4,5,6,7,8,9,10,11,12,13,14,15,16,17
11087,1,2,3,4,5,6,7,8,9,10,11,12,13,14,15,16,17
11088,1,2,3,4,5,6,7,8,9,10,11,12,13,14,15,16,17
11089,1,2,3,4,5,6,7,8,9,10,11,12,13,14,15,16,17
11090,1,2,3,4,5,6,7,8,9,10,11,12,13,14,15,16,17
11091,1,2,3,4,5,6,7,8,9,10,11,12,13,14,15,16,17
11092,1,2,3,4,5,6,7,8,9,10,11,12,13,14,15,16,17
11093,1,2,3,4,5,6,7,8,9,10,11,12,13,14,15,16,17
11094,1,2,3,4,5,6,7,8,9,10,11,12,13,14,15,16,17
11095,1,2,3,4,5,6,7,8,9,10,11,12,13,14,15,16,17
11096,1,2,3,4,5,6,7,8,9,10,11,12,13,14,15,16,17
11097,1,2,3,4,5,6,7,8,9,10,11,12,13,14,15,16,17
11098,1,2,3,4,5,6,7,8,9,10,11,12,13,14,15,16,17
11099,1,2,3,4,5,6,7,8,9,10,11,12,13,14,15,16,17
11100,1,2,3,4,5,6,7,8,9,10,11,12,13,14,15,16,17
11101,1,2,3,4,5,6,7,8,9,10,11,12,13,14,15,16,17
11102,1,2,3,4,5,6,7,8,9,10,11,12,13,14,15,16,17
11103,1,2,3,4,5,6,7,8,9,10,11,12,13,14,15,16,17
11104,1,2,3,4,5,6,7,8,9,10,11,12,13,14,15,16,17
11105,1,2,3,4,5,6,7,8,9,10,11,12,13,14,15,16,17
11106,1,2,3,4,5,6,7,8,9,10,11,12,13,14,15,16,17
11107,1,2,3,4,5,6,7,8,9,10,11,12,13,14,15,16,17
11108,1,2,3,4,5,6,7,8,9,10,11,12,13,14,15,16,17
11109,1,2,3,4,5,6,7,8,9,10,11,12,13,14,15,16,17
11110,1,2,3,4,5,6,7,8,9,10,11,12,13,14,15,16,17
11111,1,2,3,4,5,6,7,8,9,10,11,12,13,14,15,16,17
11112,1,2,3,4,5,6,7,8,9,10,11,12,13,14,15,16,17
11113,1,2,3,4,5,6,7,8,9,10,11,12,13,14,15,16,17
11114,1,2,3,4,5,6,7,8,9,10,11,12,13,14,15,16,17
11115,1,2,3,4,5,6,7,8,9,10,11,12,13,14,15,16,17
11116,1,2,3,4,5,6,7,8,9,10,11,12,13,14,15,16,17
11117,1,2,3,4,5,6,7,8,9,10,11,12,13,14,15,16,17
11118,1,2,3,4,5,6,7,8,9,10,11,12,13,14,15,16,17
11119,1,2,3,4,5,6,7,8,9,10,11,12,13,14,15,16,17
11120,1,2,3,4,5,6,7,8,9,10,11,12,13,14,15,16,17
11121,1,2,3,4,5,6,7,8,9,10,11,12,13,14,15,16,17
11122,1,2,3,4,5,6,7,8,9,10,11,12,13,14,15,16,17
11123,1,2,3,4,5,6,7,8,9,10,11,12,13,14,15,16,17
11124,1,2,3,4,5,6,7,8,9,10,11,12,13,14,15,16,17
11125,1,2,3,4,5,6,7,8,9,10,11,12,13,14,15,16,17
11126,1,2,3,4,5,6,7,8,9,10,11,12,13,14,15,16,17
11127,1,2,3,4,5,6,7,8,9,10,11,12,13,14,15,16,17
11128,1,2,3,4,5,6,7,8,9,10,11,12,13,14,15,16,17
11129,1,2,3,4,5,6,7,8,9,10,11,12,13,14,15,16,17
11130,1,2,3,4,5,6,7,8,9,10,11,12,13,14,15,16,17
11131,1,2,3,4,5,6,7,8,9,10,11,12,13,14,15,16,17
11132,1,2,3,4,5,6,7,8,9,10,11,12,13,14,15,16,17
11133,1,2,3,4,5,6,7,8,9,10,11,12,13,14,15,16,17
11134,1,2,3,4,5,6,7,8,9,10,11,12,13,14,15,16,17
11135,1,2,3,4,5,6,7,8,9,10,11,12,13,14,15,16,17
11136,1,2,3,4,5,6,7,8,9,10,11,12,13,14,15,16,17
11137,1,2,3,4,5,6,7,8,9,10,11,12,13,14,15,16,17
11138,1,2,3,4,5,6,7,8,9,10,11,12,13,14,15,16,17
11139,1,2,3,4,5,6,7,8,9,10,11,12,13,14,15,16,17
11140,1,2,3,4,5,6,7,8,9,10,11,12,13,14,15,16,17
11141,1,2,3,4,5,6,7,8,9,10,11,12,13,14,15,16,17
11142,1,2,3,4,5,6,7,8,9,10,11,12,13,14,15,16,17
11143,1,2,3,4,5,6,7,8,9,10,11,12,13,14,15,16,17
11144,1,2,3,4,5,6,7,8,9,10,11,12,13,14,15,16,17
11145,1,2,3,4,5,6,7,8,9,10,11,12,13,14,15,16,17
11146,1,2,3,4,5,6,7,8,9,10,11,12,13,14,15,16,17
11147,1,2,3,4,5,6,7,8,9,10,11,12,13,14,15,16,17
11148,1,2,3,4,5,6,7,8,9,10,11,12,13,14,15,16,17
11149,1,2,3,4,5,6,7,8,9,10,11,12,13,14,15,16,17
11150,1,2,3,4,5,6,7,8,9,10,11,12,13,14,15,16,17
11151,1,2,3,4,5,6,7,8,9,10,11,12,13,14,15,16,17
11152,1,2,3,4,5,6,7,8,9,10,11,12,13,14,15,16,17
11153,1,2,3,4,5,6,7,8,9,10,11,12,13,14,15,16,17
11154,1,2,3,4,5,6,7,8,9,10,11,12,13,14,15,16,17
11155,1,2,3,4,5,6,7,8,9,10,11,12,13,14,15,16,17
11156,1,2,3,4,5,6,7,8,9,10,11,12,13,14,15,16,17
11157,1,2,3,4,5,6,7,8,9,10,11,12,13,14,15,16,17
11158,1,2,3,4,5,6,7,8,9,10,11,12,13,14,15,16,17
11159,1,2,3,4,5,6,7,8,9,10,11,12,13,14,15,16,17
11160,1,2,3,4,5,6,7,8,9,10,11,12,13,14,15,16,17
11161,1,2,3,4,5,6,7,8,9,10,11,12,13,14,15,16,17
11162,1,2,3,4,5,6,7,8,9,10,11,12,13,14,15,16,17
11163,1,2,3,4,5,6,7,8,9,10,11,12,13,14,15,16,17
11164,1,2,3,4,5,6,7,8,9,10,11,12,13,14,15,16,17
11165,1,2,3,4,5,6,7,8,9,10,11,12,13,14,15,16,17
11166,1,2,3,4,5,6,7,8,9,10,11,12,13,14,15,16,17
11167,1,2,3,4,5,6,7,8,9,10,11,12,13,14,15,16,17
11168,1,2,3,4,5,6,7,8,9,10,11,12,13,14,15,16,17
11169,1,2,3,4,5,6,7,8,9,10,11,12,13,14,15,16,17
11170,1,2,3,4,5,6,7,8,9,10,11,12,13,14,15,16,17
11171,1,2,3,4,5,6,7,8,9,10,11,12,13,14,15,16,17
11172,1,2,3,4,5,6,7,8,9,10,11,12,13,14,15,16,17
11173,1,2,3,4,5,6,7,8,9,10,11,12,13,14,15,16,17
11174,1,2,3,4,5,6,7,8,9,10,11,12,13,14,15,16,17
11175,1,2,3,4,5,6,7,8,9,10,11,12,13,14,15,16,17
11176,1,2,3,4,5,6,7,8,9,10,11,12,13,14,15,16,17
11177,1,2,3,4,5,6,7,8,9,10,11,12,13,14,15,16,17
11178,1,2,3,4,5,6,7,8,9,10,11,12,13,14,15,16,17
11179,1,2,3,4,5,6,7,8,9,10,11,12,13,14,15,16,17
11180,1,2,3,4,5,6,7,8,9,10,11,12,13,14,15,16,17
11181,1,2,3,4,5,6,7,8,9,10,11,12,13,14,15,16,17
11182,1,2,3,4,5,6,7,8,9,10,11,12,13,14,15,16,17
11183,1,2,3,4,5,6,7,8,9,10,11,12,13,14,15,16,17
11184,1,2,3,4,5,6,7,8,9,10,11,12,13,14,15,16,17
11185,1,2,3,4,5,6,7,8,9,10,11,12,13,14,15,16,17
11186,1,2,3,4,5,6,7,8,9,10,11,12,13,14,15,16,17
11187,1,2,3,4,5,6,7,8,9,10,11,12,13,14,15,16,17
11188,1,2,3,4,5,6,7,8,9,10,11,12,13,14,15,16,17
11189,1,2,3,4,5,6,7,8,9,10,11,12,13,14,15,16,17
11190,1,2,3,4,5,6,7,8,9,10,11,12,13,14,15,16,17
11191,1,2,3,4,5,6,7,8,9,10,11,12,13,14,15,16,17
11192,1,2,3,4,5,6,7,8,9,10,11,12,13,14,15,16,17
11193,1,2,3,4,5,6,7,8,9,10,11,12,13,14,15,16,17
11194,1,2,3,4,5,6,7,8,9,10,11,12,13,14,15,16,17
11195,1,2,3,4,5,6,7,8,9,10,11,12,13,14,15,16,17
11196,1,2,3,4,5,6,7,8,9,10,11,12,13,14,15,16,17
11197,1,2,3,4,5,6,7,8,9,10,11,12,13,14,15,16,17
11198,1,2,3,4,5,6,7,8,9,10,11,12,13,14,15,16,17
11199,1,2,3,4,5,6,7,8,9,10,11,12,13,14,15,16,17
11200,1,2,3,4,5,6,7,8,9,10,11,12,13,14,15,16,17
11201,1,2,3,4,5,6,7,8,9,10,11,12,13,14,15,16,17
11202,1,2,3,4,5,6,7,8,9,10,11,12,13,14,15,16,17
11203,1,2,3,4,5,6,7,8,9,10,11,12,13,14,15,16,17
11204,1,2,3,4,5,6,7,8,9,10,11,12,13,14,15,16,17
11205,1,2,3,4,5,6,7,8,9,10,11,12,13,14,15,16,17
11206,1,2,3,4,5,6,7,8,9,10,11,12,13,14,15,16,17
11207,1,2,3,4,5,6,7,8,9,10,11,12,13,14,15,16,17
11208,1,2,3,4,5,6,7,8,9,10,11,12,13,14,15,16,17
11209,1,2,3,4,5,6,7,8,9,10,11,12,13,14,15,16,17
11210,1,2,3,4,5,6,7,8,9,10,11,12,13,14,15,16,17
11211,1,2,3,4,5,6,7,8,9,10,11,12,13,14,15,16,17
11212,1,2,3,4,5,6,7,8,9,10,11,12,13,14,15,16,17
11213,1,2,3,4,5,6,7,8,9,10,11,12,13,14,15,16,17
11214,1,2,3,4,5,6,7,8,9,10,11,12,13,14,15,16,17
11215,1,2,3,4,5,6,7,8,9,10,11,12,13,14,15,16,17
11216,1,2,3,4,5,6,7,8,9,10,11,12,13,14,15,16,17
11217,1,2,3,4,5,6,7,8,9,10,11,12,13,14,15,16,17
11218,1,2,3,4,5,6,7,8,9,10,11,12,13,14,15,16,17
11219,1,2,3,4,5,6,7,8,9,10,11,12,13,14,15,16,17
11220,1,2,3,4,5,6,7,8,9,10,11,12,13,14,15,16,17
11221,1,2,3,4,5,6,7,8,9,10,11,12,13,14,15,16,17
11222,1,2,3,4,5,6,7,8,9,10,11,12,13,14,15,16,17
11223,1,2,3,4,5,6,7,8,9,10,11,12,13,14,15,16,17
11224,1,2,3,4,5,6,7,8,9,10,11,12,13,14,15,16,17
11225,1,2,3,4,5,6,7,8,9,10,11,12,13,14,15,16,17
11226,1,2,3,4,5,6,7,8,9,10,11,12,13,14,15,16,17
11227,1,2,3,4,5,6,7,8,9,10,11,12,13,14,15,16,17
11228,1,2,3,4,5,6,7,8,9,10,11,12,13,14,15,16,17
11229,1,2,3,4,5,6,7,8,9,10,11,12,13,14,15,16,17
11230,1,2,3,4,5,6,7,8,9,10,11,12,13,14,15,16,17
11231,1,2,3,4,5,6,7,8,9,10,11,12,13,14,15,16,17
11232,1,2,3,4,5,6,7,8,9,10,11,12,13,14,15,16,17
11233,1,2,3,4,5,6,7,8,9,10,11,12,13,14,15,16,17
11234,1,2,3,4,5,6,7,8,9,10,11,12,13,14,15,16,17
11235,1,2,3,4,5,6,7,8,9,10,11,12,13,14,15,16,17
11236,1,2,3,4,5,6,7,8,9,10,11,12,13,14,15,16,17
11237,1,2,3,4,5,6,7,8,9,10,11,12,13,14,15,16,17
11238,1,2,3,4,5,6,7,8,9,10,11,12,13,14,15,16,17
11239,1,2,3,4,5,6,7,8,9,10,11,12,13,14,15,16,17
11240,1,2,3,4,5,6,7,8,9,10,11,12,13,14,15,16,17
11241,1,2,3,4,5,6,7,8,9,10,11,12,13,14,15,16,17
11242,1,2,3,4,5,6,7,8,9,10,11,12,13,14,15,16,17
11243,1,2,3,4,5,6,7,8,9,10,11,12,13,14,15,16,17
11244,1,2,3,4,5,6,7,8,9,10,11,12,13,14,15,16,17
11245,1,2,3,4,5,6,7,8,9,10,11,12,13,14,15,16,17
11246,1,2,3,4,5,6,7,8,9,10,11,12,13,14,15,16,17
11247,1,2,3,4,5,6,7,8,9,10,11,12,13,14,15,16,17
11248,1,2,3,4,5,6,7,8,9,10,11,12,13,14,15,16,17
11249,1,2,3,4,5,6,7,8,9,10,11,12,13,14,15,16,17
11250,1,2,3,4,5,6,7,8,9,10,11,12,13,14,15,16,17
11251,1,2,3,4,5,6,7,8,9,10,11,12,13,14,15,16,17
11252,1,2,3,4,5,6,7,8,9,10,11,12,13,14,15,16,17
11253,1,2,3,4,5,6,7,8,9,10,11,12,13,14,15,16,17
11254,1,2,3,4,5,6,7,8,9,10,11,12,13,14,15,16,17
11255,1,2,3,4,5,6,7,8,9,10,11,12,13,14,15,16,17
11256,1,2,3,4,5,6,7,8,9,10,11,12,13,14,15,16,17
11257,1,2,3,4,5,6,7,8,9,10,11,12,13,14,15,16,17
11258,1,2,3,4,5,6,7,8,9,10,11,12,13,14,15,16,17
11259,1,2,3,4,5,6,7,8,9,10,11,12,13,14,15,16,17
11260,1,2,3,4,5,6,7,8,9,10,11,12,13,14,15,16,17
11261,1,2,3,4,5,6,7,8,9,10,11,12,13,14,15,16,17
11262,1,2,3,4,5,6,7,8,9,10,11,12,13,14,15,16,17
11263,1,2,3,4,5,6,7,8,9,10,11,12,13,14,15,16,17
11264,1,2,3,4,5,6,7,8,9,10,11,12,13,14,15,16,17
11265,1,2,3,4,5,6,7,8,9,10,11,12,13,14,15,16,17
11266,1,2,3,4,5,6,7,8,9,10,11,12,13,14,15,16,17
11267,1,2,3,4,5,6,7,8,9,10,11,12,13,14,15,16,17
11268,1,2,3,4,5,6,7,8,9,10,11,12,13,14,15,16,17
11269,1,2,3,4,5,6,7,8,9,10,11,12,13,14,15,16,17
11270,1,2,3,4,5,6,7,8,9,10,11,12,13,14,15,16,17
11271,1,2,3,4,5,6,7,8,9,10,11,12,13,14,15,16,17
11272,1,2,3,4,5,6,7,8,9,10,11,12,13,14,15,16,17
11273,1,2,3,4,5,6,7,8,9,10,11,12,13,14,15,16,17
11274,1,2,3,4,5,6,7,8,9,10,11,12,13,14,15,16,17
11275,1,2,3,4,5,6,7,8,9,10,11,12,13,14,15,16,17
11276,1,2,3,4,5,6,7,8,9,10,11,12,13,14,15,16,17
11277,1,2,3,4,5,6,7,8,9,10,11,12,13,14,15,16,17
11278,1,2,3,4,5,6,7,8,9,10,11,12,13,14,15,16,17
11279,1,2,3,4,5,6,7,8,9,10,11,12,13,14,15,16,17
11280,1,2,3,4,5,6,7,8,9,10,11,12,13,14,15,16,17
11281,1,2,3,4,5,6,7,8,9,10,11,12,13,14,15,16,17
11282,1,2,3,4,5,6,7,8,9,10,11,12,13,14,15,16,17
11283,1,2,3,4,5,6,7,8,9,10,11,12,13,14,15,16,17
11284,1,2,3,4,5,6,7,8,9,10,11,12,13,14,15,16,17
11285,1,2,3,4,5,6,7,8,9,10,11,12,13,14,15,16,17
11286,1,2,3,4,5,6,7,8,9,10,11,12,13,14,15,16,17
11287,1,2,3,4,5,6,7,8,9,10,11,12,13,14,15,16,17
11288,1,2,3,4,5,6,7,8,9,10,11,12,13,14,15,16,17
11289,1,2,3,4,5,6,7,8,9,10,11,12,13,14,15,16,17
11290,1,2,3,4,5,6,7,8,9,10,11,12,13,14,15,16,17
11291,1,2,3,4,5,6,7,8,9,10,11,12,13,14,15,16,17
11292,1,2,3,4,5,6,7,8,9,10,11,12,13,14,15,16,17
11293,1,2,3,4,5,6,7,8,9,10,11,12,13,14,15,16,17
11294,1,2,3,4,5,6,7,8,9,10,11,12,13,14,15,16,17
11295,1,2,3,4,5,6,7,8,9,10,11,12,13,14,15,16,17
11296,1,2,3,4,5,6,7,8,9,10,11,12,13,14,15,16,17
11297,1,2,3,4,5,6,7,8,9,10,11,12,13,14,15,16,17
11298,1,2,3,4,5,6,7,8,9,10,11,12,13,14,15,16,17
11299,1,2,3,4,5,6,7,8,9,10,11,12,13,14,15,16,17
11300,1,2,3,4,5,6,7,8,9,10,11,12,13,14,15,16,17
11301,1,2,3,4,5,6,7,8,9,10,11,12,13,14,15,16,17
11302,1,2,3,4,5,6,7,8,9,10,11,12,13,14,15,16,17
11303,1,2,3,4,5,6,7,8,9,10,11,12,13,14,15,16,17
11304,1,2,3,4,5,6,7,8,9,10,11,12,13,14,15,16,17
11305,1,2,3,4,5,6,7,8,9,10,11,12,13,14,15,16,17
11306,1,2,3,4,5,6,7,8,9,10,11,12,13,14,15,16,17
11307,1,2,3,4,5,6,7,8,9,10,11,12,13,14,15,16,17
11308,1,2,3,4,5,6,7,8,9,10,11,12,13,14,15,16,17
11309,1,2,3,4,5,6,7,8,9,10,11,12,13,14,15,16,17
11310,1,2,3,4,5,6,7,8,9,10,11,12,13,14,15,16,17
11311,1,2,3,4,5,6,7,8,9,10,11,12,13,14,15,16,17
11312,1,2,3,4,5,6,7,8,9,10,11,12,13,14,15,16,17
11313,1,2,3,4,5,6,7,8,9,10,11,12,13,14,15,16,17
11314,1,2,3,4,5,6,7,8,9,10,11,12,13,14,15,16,17
11315,1,2,3,4,5,6,7,8,9,10,11,12,13,14,15,16,17
11316,1,2,3,4,5,6,7,8,9,10,11,12,13,14,15,16,17
11317,1,2,3,4,5,6,7,8,9,10,11,12,13,14,15,16,17
11318,1,2,3,4,5,6,7,8,9,10,11,12,13,14,15,16,17
11319,1,2,3,4,5,6,7,8,9,10,11,12,13,14,15,16,17
11320,1,2,3,4,5,6,7,8,9,10,11,12,13,14,15,16,17
11321,1,2,3,4,5,6,7,8,9,10,11,12,13,14,15,16,17
11322,1,2,3,4,5,6,7,8,9,10,11,12,13,14,15,16,17
11323,1,2,3,4,5,6,7,8,9,10,11,12,13,14,15,16,17
11324,1,2,3,4,5,6,7,8,9,10,11,12,13,14,15,16,17
11325,1,2,3,4,5,6,7,8,9,10,11,12,13,14,15,16,17
11326,1,2,3,4,5,6,7,8,9,10,11,12,13,14,15,16,17
11327,1,2,3,4,5,6,7,8,9,10,11,12,13,14,15,16,17
11328,1,2,3,4,5,6,7,8,9,10,11,12,13,14,15,16,17
11329,1,2,3,4,5,6,7,8,9,10,11,12,13,14,15,16,17
11330,1,2,3,4,5,6,7,8,9,10,11,12,13,14,15,16,17
11331,1,2,3,4,5,6,7,8,9,10,11,12,13,14,15,16,17
11332,1,2,3,4,5,6,7,8,9,10,11,12,13,14,15,16,17
11333,1,2,3,4,5,6,7,8,9,10,11,12,13,14,15,16,17
11334,1,2,3,4,5,6,7,8,9,10,11,12,13,14,15,16,17
11335,1,2,3,4,5,6,7,8,9,10,11,12,13,14,15,16,17
11336,1,2,3,4,5,6,7,8,9,10,11,12,13,14,15,16,17
11337,1,2,3,4,5,6,7,8,9,10,11,12,13,14,15,16,17
11338,1,2,3,4,5,6,7,8,9,10,11,12,13,14,15,16,17
11339,1,2,3,4,5,6,7,8,9,10,11,12,13,14,15,16,17
11340,1,2,3,4,5,6,7,8,9,10,11,12,13,14,15,16,17
11341,1,2,3,4,5,6,7,8,9,10,11,12,13,14,15,16,17
11342,1,2,3,4,5,6,7,8,9,10,11,12,13,14,15,16,17
11343,1,2,3,4,5,6,7,8,9,10,11,12,13,14,15,16,17
11344,1,2,3,4,5,6,7,8,9,10,11,12,13,14,15,16,17
11345,1,2,3,4,5,6,7,8,9,10,11,12,13,14,15,16,17
11346,1,2,3,4,5,6,7,8,9,10,11,12,13,14,15,16,17
11347,1,2,3,4,5,6,7,8,9,10,11,12,13,14,15,16,17
11348,1,2,3,4,5,6,7,8,9,10,11,12,13,14,15,16,17
11349,1,2,3,4,5,6,7,8,9,10,11,12,13,14,15,16,17
11350,1,2,3,4,5,6,7,8,9,10,11,12,13,14,15,16,17
11351,1,2,3,4,5,6,7,8,9,10,11,12,13,14,15,16,17
11352,1,2,3,4,5,6,7,8,9,10,11,12,13,14,15,16,17
11353,1,2,3,4,5,6,7,8,9,10,11,12,13,14,15,16,17
11354,1,2,3,4,5,6,7,8,9,10,11,12,13,14,15,16,17
11355,1,2,3,4,5,6,7,8,9,10,11,12,13,14,15,16,17
11356,1,2,3,4,5,6,7,8,9,10,11,12,13,14,15,16,17
11357,1,2,3,4,5,6,7,8,9,10,11,12,13,14,15,16,17
11358,1,2,3,4,5,6,7,8,9,10,11,12,13,14,15,16,17
11359,1,2,3,4,5,6,7,8,9,10,11,12,13,14,15,16,17
11360,1,2,3,4,5,6,7,8,9,10,11,12,13,14,15,16,17
11361,1,2,3,4,5,6,7,8,9,10,11,12,13,14,15,16,17
11362,1,2,3,4,5,6,7,8,9,10,11,12,13,14,15,16,17
11363,1,2,3,4,5,6,7,8,9,10,11,12,13,14,15,16,17
11364,1,2,3,4,5,6,7,8,9,10,11,12,13,14,15,16,17
11365,1,2,3,4,5,6,7,8,9,10,11,12,13,14,15,16,17
11366,1,2,3,4,5,6,7,8,9,10,11,12,13,14,15,16,17
11367,1,2,3,4,5,6,7,8,9,10,11,12,13,14,15,16,17
11368,1,2,3,4,5,6,7,8,9,10,11,12,13,14,15,16,17
11369,1,2,3,4,5,6,7,8,9,10,11,12,13,14,15,16,17
11370,1,2,3,4,5,6,7,8,9,10,11,12,13,14,15,16,17
11371,1,2,3,4,5,6,7,8,9,10,11,12,13,14,15,16,17
11372,1,2,3,2,5,2,7,8,2,10,3,12,13,3,15,16,3
11373,1,2,3,4,5,6,7,8,9,10,11,12,13,14,15,16,17
11374,1,2,3,4,5,6,7,8,9,10,11,12,13,14,15,16,17
11375,1,2,3,4,5,6,7,8,9,10,11,12,13,14,15,16,17
11376,1,2,3,4,5,6,7,8,9,10,11,12,13,14,15,16,17
11377,1,2,3,4,5,6,7,8,9,10,11,12,13,14,15,16,17
11378,1,2,3,4,5,6,7,8,9,10,11,12,13,14,15,16,17
11379,1,2,3,4,5,6,7,8,9,10,11,12,13,14,15,16,17
11380,1,2,3,4,5,6,7,8,9,10,11,12,13,14,15,16,17
11381,1,2,3,4,5,6,7,8,9,10,11,12,13,14,15,16,17
11382,1,2,3,4,5,6,7,8,9,10,11,12,13,14,15,16,17
11383,1,2,3,4,5,6,7,8,9,10,11,12,13,14,15,16,17
11384,1,2,3,4,5,6,7,8,9,10,11,12,13,14,15,16,17
11385,1,2,3,4,5,6,7,8,9,10,11,12,13,14,15,16,17
11386,1,2,3,4,5,6,7,8,9,10,11,12,13,14,15,16,17
11387,1,2,3,4,5,6,7,8,9,10,11,12,13,14,15,16,17
11388,1,2,3,4,5,6,7,8,9,10,11,12,13,14,15,16,17
11389,1,2,3,4,5,6,7,8,9,10,11,12,13,14,15,16,17
11390,1,2,3,4,5,6,7,8,9,10,11,12,13,14,15,16,17
11391,1,2,3,4,5,6,7,8,9,10,11,12,13,14,15,16,17
11392,1,2,3,4,5,6,7,8,9,10,11,12,13,14,15,16,17
11393,1,2,3,4,5,6,7,8,9,10,11,12,13,14,15,16,17
11394,1,2,3,4,5,6,7,8,9,10,11,12,13,14,15,16,17
11395,1,2,3,4,5,6,7,8,9,10,11,12,13,14,15,16,17
11396,1,2,3,4,5,6,7,8,9,10,11,12,13,14,15,16,17
11397,1,2,3,4,5,6,7,8,9,10,11,12,13,14,15,16,17
11398,1,2,3,4,5,6,7,8,9,10,11,12,13,14,15,16,17
11399,1,2,3,4,5,6,7,8,9,10,11,12,13,14,15,16,17
11400,1,2,3,4,5,6,7,8,9,10,11,12,13,14,15,16,17
11401,1,2,3,4,5,6,7,8,9,10,11,12,13,14,15,16,17
11402,1,2,3,4,5,6,7,8,9,10,11,12,13,14,15,16,17
11403,1,2,3,4,5,6,7,8,9,10,11,12,13,14,15,16,17
11404,1,2,3,4,5,6,7,8,9,10,11,12,13,14,15,16,17
11405,1,2,3,4,5,6,7,8,9,10,11,12,13,14,15,16,17
11406,1,2,3,4,5,6,7,8,9,10,11,12,13,14,15,16,17
11407,1,2,3,4,5,6,7,8,9,10,11,12,13,14,15,16,17
11408,1,2,3,4,5,6,7,8,9,10,11,12,13,14,15,16,17
11409,1,2,3,4,5,6,7,8,9,10,11,12,13,14,15,16,17
11410,1,2,3,4,5,6,7,8,9,10,11,12,13,14,15,16,17
11411,1,2,3,4,5,6,7,8,9,10,11,12,13,14,15,16,17
11412,1,2,3,4,5,6,7,8,9,10,11,12,13,14,15,16,17
11413,1,2,3,4,5,6,7,8,9,10,11,12,13,14,15,16,17
11414,1,2,3,4,5,6,7,8,9,10,11,12,13,14,15,16,17
11415,1,2,3,4,5,6,7,8,9,10,11,12,13,14,15,16,17
11416,1,2,3,4,5,6,7,8,9,10,11,12,13,14,15,16,17
11417,1,2,3,4,5,6,7,8,9,10,11,12,13,14,15,16,17
11418,1,2,3,4,5,6,7,8,9,10,11,12,13,14,15,16,17
11419,1,2,3,4,5,6,7,8,9,10,11,12,13,14,15,16,17
11420,1,2,3,4,5,6,7,8,9,10,11,12,13,14,15,16,17
11421,1,2,3,4,5,6,7,8,9,10,11,12,13,14,15,16,17
11422,1,2,3,4,5,6,7,8,9,10,11,12,13,14,15,16,17
11423,1,2,3,4,5,6,7,8,9,10,11,12,13,14,15,16,17
11424,1,2,3,4,5,6,7,8,9,10,11,12,13,14,15,16,17
11425,1,2,3,4,5,6,7,8,9,10,11,12,13,14,15,16,17
11426,1,2,3,4,5,6,7,8,9,10,11,12,13,14,15,16,17
11427,1,2,3,4,5,6,7,8,9,10,11,12,13,14,15,16,17
11428,1,2,3,4,5,6,7,8,9,10,11,12,13,14,15,16,17
11429,1,2,3,4,5,6,7,8,9,10,11,12,13,14,15,16,17
11430,1,2,3,4,5,6,7,8,9,10,11,12,13,14,15,16,17
11431,1,2,3,4,5,6,7,8,9,10,11,12,13,14,15,16,17
11432,1,2,3,4,5,6,7,8,9,10,11,12,13,14,15,16,17
11433,1,2,3,4,5,6,7,8,9,10,11,12,13,14,15,16,17
11434,1,2,3,4,5,6,7,8,9,10,11,12,13,14,15,16,17
11435,1,2,3,4,5,6,7,8,9,10,11,12,13,14,15,16,17
11436,1,2,3,4,5,6,7,8,9,10,11,12,13,14,15,16,17
11437,1,2,3,4,5,6,7,8,9,10,11,12,13,14,15,16,17
11438,1,2,3,4,5,6,7,8,9,10,11,12,13,14,15,16,17
11439,1,2,3,4,5,6,7,8,9,10,11,12,13,14,15,16,17
11440,1,2,3,4,5,6,7,8,9,10,11,12,13,14,15,16,17
11441,1,2,3,4,5,6,7,8,9,10,11,12,13,14,15,16,17
11442,1,2,3,4,5,6,7,8,9,10,11,12,13,14,15,16,17
11443,1,2,3,4,5,6,7,8,9,10,11,12,13,14,15,16,17
11444,1,2,3,4,5,6,7,8,9,10,11,12,13,14,15,16,17
11445,1,2,3,4,5,6,7,8,9,10,11,12,13,14,15,16,17
11446,1,2,3,4,5,6,7,8,9,10,11,12,13,14,15,16,17
11447,1,2,3,4,5,6,7,8,9,10,11,12,13,14,15,16,17
11448,1,1,10,11,12,14,15,16,17,10,11,12,13,14,15,16,17
11449,1,1,10,11,12,13,15,16,17,10,11,12,13,14,15,16,17
11450,1,2,3,4,5,6,7,8,9,10,11,12,13,14,15,16,17
11451,1,2,3,4,5,6,7,8,9,10,11,12,13,14,15,16,17
11452,1,2,3,4,5,6,7,8,9,10,11,12,13,14,15,16,17
11453,1,2,3,4,5,6,7,8,9,10,11,12,13,14,15,16,17
11454,1,2,3,4,5,6,7,8,9,10,11,12,13,14,15,16,17
11455,1,2,3,4,5,6,7,8,9,10,11,12,13,14,15,16,17
11456,1,2,3,4,5,6,7,8,9,10,11,12,13,14,15,16,17
11457,1,2,3,4,5,6,7,8,9,10,11,12,13,14,15,16,17
11458,1,2,3,4,5,6,7,8,9,10,11,12,13,14,15,16,17
11459,1,2,3,4,5,6,7,8,9,10,11,12,13,14,15,16,17
11460,1,2,3,4,5,6,7,8,9,10,11,12,13,14,15,16,17
11461,1,2,3,4,5,6,7,8,9,10,11,12,13,14,15,16,17
11462,1,2,3,4,5,6,7,8,9,10,11,12,13,14,15,16,17
11463,1,2,3,4,5,6,7,8,9,10,11,12,13,14,15,16,17
11464,1,2,3,4,5,6,7,8,9,10,11,12,13,14,15,16,17
11465,1,2,3,4,5,6,7,8,9,10,11,12,13,14,15,16,17
11466,1,2,3,4,5,6,7,8,9,10,11,12,13,14,15,16,17
11467,1,2,3,4,5,6,7,8,9,10,11,12,13,14,15,16,17
11468,1,2,3,4,5,6,7,8,9,10,11,12,13,14,15,16,17
11469,1,2,3,4,5,6,7,8,9,10,11,12,13,14,15,16,17
11470,1,2,3,4,5,6,7,8,9,10,11,12,13,14,15,16,17
11471,1,2,3,4,5,6,7,8,9,10,11,12,13,14,15,16,17
11472,1,2,3,4,5,6,7,8,9,10,11,12,13,14,15,16,17
11473,1,2,3,4,5,6,7,8,9,10,11,12,13,14,15,16,17
11474,1,2,3,4,5,6,7,8,9,10,11,12,13,14,15,16,17
11475,1,2,3,4,5,6,7,8,9,10,11,12,13,14,15,16,17
11476,1,2,3,4,5,6,7,8,9,10,11,12,13,14,15,16,17
11477,1,2,3,4,5,6,7,8,9,10,11,12,13,14,15,16,17
11478,1,2,3,4,5,6,7,8,9,10,11,12,13,14,15,16,17
11479,1,2,3,4,5,6,7,8,9,10,11,12,13,14,15,16,17
11480,1,2,3,4,5,6,7,8,9,10,11,12,13,14,15,16,17
11481,1,2,3,4,5,6,7,8,9,10,11,12,13,14,15,16,17
11482,1,2,3,4,5,6,7,8,9,10,11,12,13,14,15,16,17
11483,1,2,3,4,5,6,7,8,9,10,11,12,13,14,15,16,17
11484,1,2,3,4,5,6,7,8,9,10,11,12,13,14,15,16,17
11485,1,2,3,4,5,6,7,8,9,10,11,12,13,14,15,16,17
11486,1,2,3,4,5,6,7,8,9,10,11,12,13,14,15,16,17
11487,1,2,3,4,5,6,7,8,9,10,11,12,13,14,15,16,17
11488,1,2,3,4,5,6,7,8,9,10,11,12,13,14,15,16,17
11489,1,2,3,4,5,6,7,8,9,10,11,12,13,14,15,16,17
11490,1,2,3,4,5,6,7,8,9,10,11,12,13,14,15,16,17
11491,1,2,3,4,5,6,7,8,9,10,11,12,13,14,15,16,17
11492,1,2,3,4,5,6,7,8,9,10,11,12,13,14,15,16,17
11493,1,2,3,4,5,6,7,8,9,10,11,12,13,14,15,16,17
11494,1,2,3,4,5,6,7,8,9,10,11,12,13,14,15,16,17
11495,1,2,3,4,5,6,7,8,9,10,11,12,13,14,15,16,17
11496,1,2,3,4,5,6,7,8,9,10,11,12,13,14,15,16,17
11497,1,2,3,4,5,6,7,8,9,10,11,12,13,14,15,16,17
11498,1,2,3,4,5,6,7,8,9,10,11,12,13,14,15,16,17
11499,1,2,3,4,5,6,7,8,9,10,11,12,13,14,15,16,17
11500,1,2,3,4,5,6,7,8,9,10,11,12,13,14,15,16,17
11501,1,2,3,4,5,6,7,8,9,10,11,12,13,14,15,16,17
11502,1,2,3,4,5,6,7,8,9,10,11,12,13,14,15,16,17
11503,1,2,3,4,5,6,7,8,9,10,11,12,13,14,15,16,17
11504,1,2,3,4,5,6,7,8,9,10,11,12,13,14,15,16,17
11505,1,2,3,4,5,6,7,8,9,10,11,12,13,14,15,16,17
11506,1,2,3,4,5,6,7,8,9,10,11,12,13,14,15,16,17
11507,1,2,3,4,5,6,7,8,9,10,11,12,13,14,15,16,17
11508,1,2,3,4,5,6,7,8,9,10,11,12,13,14,15,16,17
11509,1,2,3,4,5,6,7,8,9,10,11,12,13,14,15,16,17
11510,1,2,3,4,5,6,7,8,9,10,11,12,13,14,15,16,17
11511,1,2,3,4,5,6,7,8,9,10,11,12,13,14,15,16,17
11512,1,2,3,4,5,6,7,8,9,10,11,12,13,14,15,16,17
11513,1,2,3,4,5,6,7,8,9,10,11,12,13,14,15,16,17
11514,1,2,3,4,5,6,7,8,9,10,11,12,13,14,15,16,17
11515,1,2,3,4,5,6,7,8,9,10,11,12,13,14,15,16,17
11516,1,2,3,4,5,6,7,8,9,10,11,12,13,14,15,16,17
11517,1,2,3,4,5,6,7,8,9,10,11,12,13,14,15,16,17
11518,1,2,3,4,5,6,7,8,9,10,11,12,13,14,15,16,17
11519,1,2,3,4,5,6,7,8,9,10,11,12,13,14,15,16,17
11520,1,2,3,4,5,6,7,8,9,10,11,12,13,14,15,16,17
11521,1,2,3,4,5,6,7,8,9,10,11,12,13,14,15,16,17
11522,1,2,3,4,5,6,7,8,9,10,11,12,13,14,15,16,17
11523,1,2,3,4,5,6,7,8,9,10,11,12,13,14,15,16,17
11524,1,2,3,4,5,6,7,8,9,10,11,12,13,14,15,16,17
11525,1,2,3,4,5,6,7,8,9,10,11,12,13,14,15,16,17
11526,1,2,3,4,5,6,7,8,9,10,11,12,13,14,15,16,17
11527,1,2,3,4,5,6,7,8,9,10,11,12,13,14,15,16,17
11528,1,2,3,4,5,6,7,8,9,10,11,12,13,14,15,16,17
11529,1,2,3,4,5,6,7,8,9,10,11,12,13,14,15,16,17
11530,1,2,3,4,5,6,7,8,9,10,11,12,13,14,15,16,17
11531,1,2,3,4,5,6,7,8,9,10,11,12,13,14,15,16,17
11532,1,2,3,4,5,6,7,8,9,10,11,12,13,14,15,16,17
11533,1,2,3,4,5,6,7,8,9,10,11,12,13,14,15,16,17
11534,1,2,3,4,5,6,7,8,9,10,11,12,13,14,15,16,17
11535,1,2,3,4,5,6,7,8,9,10,11,12,13,14,15,16,17
11536,1,2,3,4,5,6,7,8,9,10,11,12,13,14,15,16,17
11537,1,2,3,4,5,6,7,8,9,10,11,12,13,14,15,16,17
11538,1,2,3,4,5,6,7,8,9,10,11,12,13,14,15,16,17
11539,1,2,3,4,5,6,7,8,9,10,11,12,13,14,15,16,17
11540,1,2,3,4,5,6,7,8,9,10,11,12,13,14,15,16,17
11541,1,2,3,4,5,6,7,8,9,10,11,12,13,14,15,16,17
11542,1,2,3,4,5,6,7,8,9,10,11,12,13,14,15,16,17
11543,1,2,3,4,5,6,7,8,9,10,11,12,13,14,15,16,17
11544,1,2,3,4,5,6,7,8,9,10,11,12,13,14,15,16,17
11545,1,2,3,4,5,6,7,8,9,10,11,12,13,14,15,16,17
11546,1,2,3,4,5,6,7,8,9,10,11,12,13,14,15,16,17
11547,1,2,3,4,5,6,7,8,9,10,11,12,13,14,15,16,17
11548,1,2,3,4,5,6,7,8,9,10,11,12,13,14,15,16,17
11549,1,2,3,4,5,6,7,8,9,10,11,12,13,14,15,16,17
11550,1,2,3,4,5,6,7,8,9,10,11,12,13,14,15,16,17
11551,1,2,3,4,5,6,7,8,9,10,11,12,13,14,15,16,17
11552,1,2,3,4,5,6,7,8,9,10,11,12,13,14,15,16,17
11553,1,2,3,4,5,6,7,8,9,10,11,12,13,14,15,16,17
11554,1,2,3,4,5,6,7,8,9,10,11,12,13,14,15,16,17
11555,1,2,3,4,5,6,7,8,9,10,11,12,13,14,15,16,17
11556,1,2,3,4,5,6,7,8,9,10,11,12,13,14,15,16,17
11557,1,2,3,4,5,6,7,8,9,10,11,12,13,14,15,16,17
11558,1,2,3,4,5,6,7,8,9,10,11,12,13,14,15,16,17
11559,1,2,3,4,5,6,7,8,9,10,11,12,13,14,15,16,17
11560,1,2,3,4,5,6,7,8,9,10,11,12,13,14,15,16,17
11561,1,2,3,4,5,6,7,8,9,10,11,12,13,14,15,16,17
11562,1,2,3,4,5,6,7,8,9,10,11,12,13,14,15,16,17
11563,1,2,3,4,5,6,7,8,9,10,11,12,13,14,15,16,17
11564,1,2,3,4,5,6,7,8,9,10,11,12,13,14,15,16,17
11565,1,2,3,4,5,6,7,8,9,10,11,12,13,14,15,16,17
11566,1,2,3,4,5,6,7,8,9,10,11,12,13,14,15,16,17
11567,1,2,3,4,5,6,7,8,9,10,11,12,13,14,15,16,17
11568,1,2,3,4,5,6,7,8,9,10,11,12,13,14,15,16,17
11569,1,2,3,4,5,6,7,8,9,10,11,12,13,14,15,16,17
11570,1,2,3,4,5,6,7,8,9,10,11,12,13,14,15,16,17
11571,1,2,3,4,5,6,7,8,9,10,11,12,13,14,15,16,17
11572,1,2,3,4,5,6,7,8,9,10,11,12,13,14,15,16,17
11573,1,2,3,4,5,6,7,8,9,10,11,12,13,14,15,16,17
11574,1,2,3,4,5,6,7,8,9,10,11,12,13,14,15,16,17
11575,1,2,3,4,5,6,7,8,9,10,11,12,13,14,15,16,17
11576,1,2,3,4,5,6,7,8,9,10,11,12,13,14,15,16,17
11577,1,2,3,4,5,6,7,8,9,10,11,12,13,14,15,16,17
11578,1,2,3,4,5,6,7,8,9,10,11,12,13,14,15,16,17
11579,1,2,3,4,5,6,7,8,9,10,11,12,13,14,15,16,17
11580,1,2,3,4,5,6,7,8,9,10,11,12,13,14,15,16,17
11581,1,2,3,4,5,6,7,8,9,10,11,12,13,14,15,16,17
11582,1,2,3,4,5,6,7,8,9,10,11,12,13,14,15,16,17
11583,1,2,3,4,5,6,7,8,9,10,11,12,13,14,15,16,17
11584,1,2,3,4,5,6,7,8,9,10,11,12,13,14,15,16,17
11585,1,2,3,4,5,6,7,8,9,10,11,12,13,14,15,16,17
11586,1,2,3,4,5,6,7,8,9,10,11,12,13,14,15,16,17
11587,1,2,3,4,5,6,7,8,9,10,11,12,13,14,15,16,17
11588,1,2,3,4,5,6,7,8,9,10,11,12,13,14,15,16,17
11589,1,2,3,4,5,6,7,8,9,10,11,12,13,14,15,16,17
11590,1,2,3,4,5,6,7,8,9,10,11,12,13,14,15,16,17
11591,1,1,10,11,12,13,14,15,17,10,11,12,13,14,15,16,17
11592,1,7,9,11,14,16,7,8,9,10,11,12,13,14,15,16,17
11593,1,2,3,4,5,6,7,8,9,10,11,12,13,14,15,16,17
11594,1,2,3,4,5,6,7,8,9,10,11,12,13,14,15,16,17
11595,1,2,3,4,5,6,7,8,9,10,11,12,13,14,15,16,17
11596,1,2,3,4,5,6,7,8,9,10,11,12,13,14,15,16,17
11597,1,2,3,4,5,6,7,8,9,10,11,12,13,14,15,16,17
11598,1,2,3,4,5,6,7,8,9,10,11,12,13,14,15,16,17
11599,1,2,3,4,5,6,7,8,9,10,11,12,13,14,15,16,17
11600,1,2,3,4,5,6,7,8,9,10,11,12,13,14,15,16,17
11601,1,2,3,4,5,6,7,8,9,10,11,12,13,14,15,16,17
11602,1,2,3,4,5,6,7,8,9,10,11,12,13,14,15,16,17
11603,1,2,3,4,5,6,7,8,9,10,11,12,13,14,15,16,17
11604,1,2,3,4,5,6,7,8,9,10,11,12,13,14,15,16,17
11605,1,2,3,4,5,6,7,8,9,10,11,12,13,14,15,16,17
11606,1,2,3,4,5,6,7,8,9,10,11,12,13,14,15,16,17
11607,1,2,3,4,5,6,7,8,9,10,11,12,13,14,15,16,17
11608,1,2,3,4,5,6,7,8,9,10,11,12,13,14,15,16,17
11609,1,2,3,4,5,6,7,8,9,10,11,12,13,14,15,16,17
11610,1,2,3,4,5,6,7,8,9,10,11,12,13,14,15,16,17
11611,1,2,3,4,5,6,7,8,9,10,11,12,13,14,15,16,17
11612,1,2,3,4,5,6,7,8,9,10,11,12,13,14,15,16,17
11613,1,2,3,4,5,6,7,8,9,10,11,12,13,14,15,16,17
11614,1,2,3,4,5,6,7,8,9,10,11,12,13,14,15,16,17
11615,1,2,3,4,5,6,7,8,9,10,11,12,13,14,15,16,17
11616,1,2,3,4,5,6,7,8,9,10,11,12,13,14,15,16,17
11617,1,2,3,4,5,6,7,8,9,10,11,12,13,14,15,16,17
11618,1,2,3,4,5,6,7,8,9,10,11,12,13,14,15,16,17
11619,1,2,3,4,5,6,7,8,9,10,11,12,13,14,15,16,17
11620,1,2,3,4,5,6,7,8,9,10,11,12,13,14,15,16,17
11621,1,2,3,4,5,6,7,8,9,10,11,12,13,14,15,16,17
11622,1,2,3,4,5,6,7,8,9,10,11,12,13,14,15,16,17
11623,1,2,3,4,5,6,7,8,9,10,11,12,13,14,15,16,17
11624,1,2,3,4,5,6,7,8,9,10,11,12,13,14,15,16,17
11625,1,2,3,4,5,6,7,8,9,10,11,12,13,14,15,16,17
11626,1,2,3,4,5,6,7,8,9,10,11,12,13,14,15,16,17
11627,1,2,3,4,5,6,7,8,9,10,11,12,13,14,15,16,17
11628,1,2,3,4,5,6,7,8,9,10,11,12,13,14,15,16,17
11629,1,2,3,4,5,6,7,8,9,10,11,12,13,14,15,16,17
11630,1,2,3,4,5,6,7,8,9,10,11,12,13,14,15,16,17
11631,1,2,3,4,5,6,7,8,9,10,11,12,13,14,15,16,17
11632,1,2,3,4,5,6,7,8,9,10,11,12,13,14,15,16,17
11633,1,2,3,4,5,6,7,8,9,10,11,12,13,14,15,16,17
11634,1,2,3,4,5,6,7,8,9,10,11,12,13,14,15,16,17
11635,1,2,3,4,5,6,7,8,9,10,11,12,13,14,15,16,17
11636,1,2,3,4,5,6,7,8,9,10,11,12,13,14,15,16,17
11637,1,2,3,4,5,6,7,8,9,10,11,12,13,14,15,16,17
11638,1,2,3,4,5,6,7,8,9,10,11,12,13,14,15,16,17
11639,1,2,3,4,5,6,7,8,9,10,11,12,13,14,15,16,17
11640,1,2,3,4,5,6,7,8,9,10,11,12,13,14,15,16,17
11641,1,2,3,4,5,6,7,8,9,10,11,12,13,14,15,16,17
11642,1,2,3,4,5,6,7,8,9,10,11,12,13,14,15,16,17
11643,1,2,3,4,5,6,7,8,9,10,11,12,13,14,15,16,17
11644,1,2,3,4,5,6,7,8,9,10,11,12,13,14,15,16,17
11645,1,2,3,4,5,6,7,8,9,10,11,12,13,14,15,16,17
11646,1,2,3,4,5,6,7,8,9,10,11,12,13,14,15,16,17
11647,1,2,3,4,5,6,7,8,9,10,11,12,13,14,15,16,17
11648,1,2,3,4,5,6,7,8,9,10,11,12,13,14,15,16,17
11649,1,2,3,4,5,6,7,8,9,10,11,12,13,14,15,16,17
11650,1,2,3,4,5,6,7,8,9,10,11,12,13,14,15,16,17
11651,1,2,3,4,5,6,7,8,9,10,11,12,13,14,15,16,17
11652,1,2,3,4,5,6,7,8,9,10,11,12,13,14,15,16,17
11653,1,2,3,4,5,6,7,8,9,10,11,12,13,14,15,16,17
11654,1,2,3,4,5,6,7,8,9,10,11,12,13,14,15,16,17
11655,1,2,3,4,5,6,7,8,9,10,11,12,13,14,15,16,17
11656,1,2,3,4,5,6,7,8,9,10,11,12,13,14,15,16,17
11657,1,2,3,4,5,6,7,8,9,10,11,12,13,14,15,16,17
11658,1,2,3,4,5,6,7,8,9,10,11,12,13,14,15,16,17
11659,1,2,3,4,5,6,7,8,9,10,11,12,13,14,15,16,17
11660,1,2,3,4,5,6,7,8,9,10,11,12,13,14,15,16,17
11661,1,2,3,4,5,6,7,8,9,10,11,12,13,14,15,16,17
11662,1,2,3,4,5,6,7,8,9,10,11,12,13,14,15,16,17
11663,1,2,3,4,5,6,7,8,9,10,11,12,13,14,15,16,17
11664,1,2,3,4,5,6,7,8,9,10,11,12,13,14,15,16,17
11665,1,2,3,4,5,6,7,8,9,10,11,12,13,14,15,16,17
11666,1,2,3,4,5,6,7,8,9,10,11,12,13,14,15,16,17
11667,1,2,3,4,5,6,7,8,9,10,11,12,13,14,15,16,17
11668,1,2,3,4,5,6,7,8,9,10,11,12,13,14,15,16,17
11669,1,2,3,4,5,6,7,8,9,10,11,12,13,14,15,16,17
11670,1,2,3,4,5,6,7,8,9,10,11,12,13,14,15,16,17
11671,1,2,3,4,5,6,7,8,9,10,11,12,13,14,15,16,17
11672,1,2,3,4,5,6,7,8,9,10,11,12,13,14,15,16,17
11673,1,2,3,4,5,6,7,8,9,10,11,12,13,14,15,16,17
11674,1,2,3,4,5,6,7,8,9,10,11,12,13,14,15,16,17
11675,1,2,3,4,5,6,7,8,9,10,11,12,13,14,15,16,17
11676,1,2,3,4,5,6,7,8,9,10,11,12,13,14,15,16,17
11677,1,2,3,4,5,6,7,8,9,10,11,12,13,14,15,16,17
11678,1,2,3,4,5,6,7,8,9,10,11,12,13,14,15,16,17
11679,1,2,3,4,5,6,7,8,9,10,11,12,13,14,15,16,17
11680,1,2,3,4,5,6,7,8,9,10,11,12,13,14,15,16,17
11681,1,2,3,4,5,6,7,8,9,10,11,12,13,14,15,16,17
11682,1,2,3,4,5,6,7,8,9,10,11,12,13,14,15,16,17
11683,1,2,3,4,5,6,7,8,9,10,11,12,13,14,15,16,17
11684,1,2,3,4,5,6,7,8,9,10,11,12,13,14,15,16,17
11685,1,2,3,4,5,6,7,8,9,10,11,12,13,14,15,16,17
11686,1,2,3,4,5,6,7,8,9,10,11,12,13,14,15,16,17
11687,1,2,3,4,5,6,7,8,9,10,11,12,13,14,15,16,17
11688,1,2,3,4,5,6,7,8,9,10,11,12,13,14,15,16,17
11689,1,2,3,4,5,6,7,8,9,10,11,12,13,14,15,16,17
11690,1,2,3,4,5,6,7,8,9,10,11,12,13,14,15,16,17
11691,1,2,3,4,5,6,7,8,9,10,11,12,13,14,15,16,17
11692,1,2,3,4,5,6,7,8,9,10,11,12,13,14,15,16,17
11693,1,2,3,4,5,6,7,8,9,10,11,12,13,14,15,16,17
11694,1,2,3,4,5,6,7,8,9,10,11,12,13,14,15,16,17
11695,1,2,3,4,5,6,7,8,9,10,11,12,13,14,15,16,17
11696,1,2,3,4,5,6,7,8,9,10,11,12,13,14,15,16,17
11697,1,2,3,4,5,6,7,8,9,10,11,12,13,14,15,16,17
11698,1,2,3,4,5,6,7,8,9,10,11,12,13,14,15,16,17
11699,1,2,3,4,5,6,7,8,9,10,11,12,13,14,15,16,17
11700,1,2,3,4,5,6,7,8,9,10,11,12,13,14,15,16,17
11701,1,2,3,4,5,6,7,8,9,10,11,12,13,14,15,16,17
11702,1,2,3,4,5,6,7,8,9,10,11,12,13,14,15,16,17
11703,1,2,3,4,5,6,7,8,9,10,11,12,13,14,15,16,17
11704,1,2,3,4,5,6,7,8,9,10,11,12,13,14,15,16,17
11705,1,2,3,4,5,6,7,8,9,10,11,12,13,14,15,16,17
11706,1,2,3,4,5,6,7,8,9,10,11,12,13,14,15,16,17
11707,1,2,3,4,5,6,7,8,9,10,11,12,13,14,15,16,17
11708,1,2,3,4,5,6,7,8,9,10,11,12,13,14,15,16,17
11709,1,2,3,4,5,6,7,8,9,10,11,12,13,14,15,16,17
11710,1,2,3,4,5,6,7,8,9,10,11,12,13,14,15,16,17
11711,1,2,3,4,5,6,7,8,9,10,11,12,13,14,15,16,17
11712,1,2,3,4,5,6,7,8,9,10,11,12,13,14,15,16,17
11713,1,2,3,4,5,6,7,8,9,10,11,12,13,14,15,16,17
11714,1,2,3,4,5,6,7,8,9,10,11,12,13,14,15,16,17
11715,1,2,3,4,5,6,7,8,9,10,11,12,13,14,15,16,17
11716,1,2,3,4,5,6,7,8,9,10,11,12,13,14,15,16,17
11717,1,2,3,4,5,6,7,8,9,10,11,12,13,14,15,16,17
11718,1,2,3,4,5,6,7,8,9,10,11,12,13,14,15,16,17
11719,1,2,3,4,5,6,7,8,9,10,11,12,13,14,15,16,17
11720,1,2,3,4,5,6,7,8,9,10,11,12,13,14,15,16,17
11721,1,2,3,4,5,6,7,8,9,10,11,12,13,14,15,16,17
11722,1,2,3,4,5,6,7,8,9,10,11,12,13,14,15,16,17
11723,1,2,3,4,5,6,7,8,9,10,11,12,13,14,15,16,17
11724,1,2,3,4,5,6,7,8,9,10,11,12,13,14,15,16,17
11725,1,2,3,4,5,6,7,8,9,10,11,12,13,14,15,16,17
11726,1,2,3,4,5,6,7,8,9,10,11,12,13,14,15,16,17
11727,1,2,3,4,5,6,7,8,9,10,11,12,13,14,15,16,17
11728,1,2,3,4,5,6,7,8,9,10,11,12,13,14,15,16,17
11729,1,2,3,4,5,6,7,8,9,10,11,12,13,14,15,16,17
11730,1,2,3,4,5,6,7,8,9,10,11,12,13,14,15,16,17
11731,1,2,3,4,5,6,7,8,9,10,11,12,13,14,15,16,17
11732,1,2,3,4,5,6,7,8,9,10,11,12,13,14,15,16,17
11733,1,2,3,4,5,6,7,8,9,10,11,12,13,14,15,16,17
11734,1,2,3,4,5,6,7,8,9,10,11,12,13,14,15,16,17
11735,1,1,9,11,14,16,7,8,9,10,11,12,13,14,15,16,17
11736,1,2,3,4,5,6,7,8,9,10,11,12,13,14,15,16,17
11737,1,2,3,4,5,6,7,8,9,10,11,12,13,14,15,16,17
11738,1,2,3,4,5,6,7,8,9,10,11,12,13,14,15,16,17
11739,1,2,3,4,5,6,7,8,9,10,11,12,13,14,15,16,17
11740,1,2,3,4,5,6,7,8,9,10,11,12,13,14,15,16,17
11741,1,2,3,4,5,6,7,8,9,10,11,12,13,14,15,16,17
11742,1,2,3,4,5,6,7,8,9,10,11,12,13,14,15,16,17
11743,1,2,3,4,5,6,7,8,9,10,11,12,13,14,15,16,17
11744,1,2,3,4,5,6,7,8,9,10,11,12,13,14,15,16,17
11745,1,2,3,4,5,6,7,8,9,10,11,12,13,14,15,16,17
11746,1,2,3,4,5,6,7,8,9,10,11,12,13,14,15,16,17
11747,1,2,3,4,5,6,7,8,9,10,11,12,13,14,15,16,17
11748,1,2,3,4,5,6,7,8,9,10,11,12,13,14,15,16,17
11749,1,2,3,4,5,6,7,8,9,10,11,12,13,14,15,16,17
11750,1,2,3,4,5,6,7,8,9,10,11,12,13,14,15,16,17
11751,1,2,3,4,5,6,7,8,9,10,11,12,13,14,15,16,17
11752,1,2,3,4,5,6,7,8,9,10,11,12,13,14,15,16,17
11753,1,2,3,4,5,6,7,8,9,10,11,12,13,14,15,16,17
11754,1,2,3,4,5,6,7,8,9,10,11,12,13,14,15,16,17
11755,1,2,3,4,5,6,7,8,9,10,11,12,13,14,15,16,17
11756,1,2,3,4,5,6,7,8,9,10,11,12,13,14,15,16,17
11757,1,2,3,4,5,6,7,8,9,10,11,12,13,14,15,16,17
11758,1,2,3,4,5,6,7,8,9,10,11,12,13,14,15,16,17
11759,1,2,3,4,5,6,7,8,9,10,11,12,13,14,15,16,17
11760,1,2,3,4,5,6,7,8,9,10,11,12,13,14,15,16,17
11761,1,2,3,4,5,6,7,8,9,10,11,12,13,14,15,16,17
11762,1,2,3,4,5,6,7,8,9,10,11,12,13,14,15,16,17
11763,1,2,3,4,5,6,7,8,9,10,11,12,13,14,15,16,17
11764,1,2,3,4,5,6,7,8,9,10,11,12,13,14,15,16,17
11765,1,2,3,4,5,6,7,8,9,10,11,12,13,14,15,16,17
11766,1,2,3,4,5,6,7,8,9,10,11,12,13,14,15,16,17
11767,1,2,3,4,5,6,7,8,9,10,11,12,13,14,15,16,17
11768,1,2,3,4,5,6,7,8,9,10,11,12,13,14,15,16,17
11769,1,2,3,4,5,6,7,8,9,10,11,12,13,14,15,16,17
11770,1,2,3,4,5,6,7,8,9,10,11,12,13,14,15,16,17
11771,1,2,3,4,5,6,7,8,9,10,11,12,13,14,15,16,17
11772,1,2,3,4,5,6,7,8,9,10,11,12,13,14,15,16,17
11773,1,2,3,4,5,6,7,8,9,10,11,12,13,14,15,16,17
11774,1,2,3,4,5,6,7,8,9,10,11,12,13,14,15,16,17
11775,1,2,3,4,5,6,7,8,9,10,11,12,13,14,15,16,17
11776,1,2,3,4,5,6,7,8,9,10,11,12,13,14,15,16,17
11777,1,2,3,4,5,6,7,8,9,10,11,12,13,14,15,16,17
11778,1,2,3,4,5,6,7,8,9,10,11,12,13,14,15,16,17
11779,1,2,3,4,5,6,7,8,9,10,11,12,13,14,15,16,17
11780,1,2,3,4,5,6,7,8,9,10,11,12,13,14,15,16,17
11781,1,2,3,4,5,6,7,8,9,10,11,12,13,14,15,16,17
11782,1,2,3,4,5,6,7,8,9,10,11,12,13,14,15,16,17
11783,1,2,3,4,5,6,7,8,9,10,11,12,13,14,15,16,17
11784,1,2,3,4,5,6,7,8,9,10,11,12,13,14,15,16,17
11785,1,2,3,4,5,6,7,8,9,10,11,12,13,14,15,16,17
11786,1,2,3,4,5,6,7,8,9,10,11,12,13,14,15,16,17
11787,1,2,3,4,5,6,7,8,9,10,11,12,13,14,15,16,17
11788,1,2,3,4,5,6,7,8,9,10,11,12,13,14,15,16,17
11789,1,2,3,4,5,6,7,8,9,10,11,12,13,14,15,16,17
11790,1,2,3,4,5,6,7,8,9,10,11,12,13,14,15,16,17
11791,1,2,3,4,5,6,7,8,9,10,11,12,13,14,15,16,17
11792,1,2,3,4,5,6,7,8,9,10,11,12,13,14,15,16,17
11793,1,2,3,4,5,6,7,8,9,10,11,12,13,14,15,16,17
11794,1,2,3,4,5,6,7,8,9,10,11,12,13,14,15,16,17
11795,1,2,3,4,5,6,7,8,9,10,11,12,13,14,15,16,17
11796,1,2,3,4,5,6,7,8,9,10,11,12,13,14,15,16,17
11797,1,2,3,4,5,6,7,8,9,10,11,12,13,14,15,16,17
11798,1,2,3,4,5,6,7,8,9,10,11,12,13,14,15,16,17
11799,1,2,3,4,5,6,7,8,9,10,11,12,13,14,15,16,17
11800,1,2,3,4,5,6,7,8,9,10,11,12,13,14,15,16,17
11801,1,2,3,4,5,6,7,8,9,10,11,12,13,14,15,16,17
11802,1,2,3,4,5,6,7,8,9,10,11,12,13,14,15,16,17
11803,1,2,3,4,5,6,7,8,9,10,11,12,13,14,15,16,17
11804,1,2,3,4,5,6,7,8,9,10,11,12,13,14,15,16,17
11805,1,2,3,4,5,6,7,8,9,10,11,12,13,14,15,16,17
11806,1,2,3,4,5,6,7,8,9,10,11,12,13,14,15,16,17
11807,1,2,3,4,5,6,7,8,9,10,11,12,13,14,15,16,17
11808,1,2,3,4,5,6,7,8,9,10,11,12,13,14,15,16,17
11809,1,2,3,4,5,6,7,8,9,10,11,12,13,14,15,16,17
11810,1,2,3,4,5,6,7,8,9,10,11,12,13,14,15,16,17
11811,1,2,3,4,5,6,7,8,9,10,11,12,13,14,15,16,17
11812,1,2,3,4,5,6,7,8,9,10,11,12,13,14,15,16,17
11813,1,2,3,4,5,6,7,8,9,10,11,12,13,14,15,16,17
11814,1,2,3,4,5,6,7,8,9,10,11,12,13,14,15,16,17
11815,1,2,3,4,5,6,7,8,9,10,11,12,13,14,15,16,17
11816,1,2,3,4,5,6,7,8,9,10,11,12,13,14,15,16,17
11817,1,2,3,4,5,6,7,8,9,10,11,12,13,14,15,16,17
11818,1,2,3,4,5,6,7,8,9,10,11,12,13,14,15,16,17
11819,1,2,3,4,5,6,7,8,9,10,11,12,13,14,15,16,17
11820,1,2,3,4,5,6,7,8,9,10,11,12,13,14,15,16,17
11821,1,2,3,4,5,6,7,8,9,10,11,12,13,14,15,16,17
11822,1,2,3,4,5,6,7,8,9,10,11,12,13,14,15,16,17
11823,1,2,3,4,5,6,7,8,9,10,11,12,13,14,15,16,17
11824,1,2,3,4,5,6,7,8,9,10,11,12,13,14,15,16,17
11825,1,2,3,4,5,6,7,8,9,10,11,12,13,14,15,16,17
11826,1,2,3,4,5,6,7,8,9,10,11,12,13,14,15,16,17
11827,1,2,3,4,5,6,7,8,9,10,11,12,13,14,15,16,17
11828,1,2,3,4,5,6,7,8,9,10,11,12,13,14,15,16,17
11829,1,2,3,4,5,6,7,8,9,10,11,12,13,14,15,16,17
11830,1,2,3,4,5,6,7,8,9,10,11,12,13,14,15,16,17
11831,1,2,3,4,5,6,7,8,9,10,11,12,13,14,15,16,17
11832,1,2,3,4,5,6,7,8,9,10,11,12,13,14,15,16,17
11833,1,2,3,4,5,6,7,8,9,10,11,12,13,14,15,16,17
11834,1,2,3,4,5,6,7,8,9,10,11,12,13,14,15,16,17
11835,1,2,3,4,5,6,7,8,9,10,11,12,13,14,15,16,17
11836,1,2,3,4,5,6,7,8,9,10,11,12,13,14,15,16,17
11837,1,2,3,4,5,6,7,8,9,10,11,12,13,14,15,16,17
11838,1,2,3,4,5,6,7,8,9,10,11,12,13,14,15,16,17
11839,1,2,3,4,5,6,7,8,9,10,11,12,13,14,15,16,17
11840,1,2,3,4,5,6,7,8,9,10,11,12,13,14,15,16,17
11841,1,2,3,4,5,6,7,8,9,10,11,12,13,14,15,16,17
11842,1,2,3,4,5,6,7,8,9,10,11,12,13,14,15,16,17
11843,1,2,3,4,5,6,7,8,9,10,11,12,13,14,15,16,17
11844,1,2,3,4,5,6,7,8,9,10,11,12,13,14,15,16,17
11845,1,2,3,4,5,6,7,8,9,10,11,12,13,14,15,16,17
11846,1,2,3,4,5,6,7,8,9,10,11,12,13,14,15,16,17
11847,1,2,3,4,5,6,7,8,9,10,11,12,13,14,15,16,17
11848,1,2,3,4,5,6,7,8,9,10,11,12,13,14,15,16,17
11849,1,2,3,4,5,6,7,8,9,10,11,12,13,14,15,16,17
11850,1,2,3,4,5,6,7,8,9,10,11,12,13,14,15,16,17
11851,1,2,3,4,5,6,7,8,9,10,11,12,13,14,15,16,17
11852,1,2,3,4,5,6,7,8,9,10,11,12,13,14,15,16,17
11853,1,2,3,4,5,6,7,8,9,10,11,12,13,14,15,16,17
11854,1,2,3,4,5,6,7,8,9,10,11,12,13,14,15,16,17
11855,1,2,3,4,5,6,7,8,9,10,11,12,13,14,15,16,17
11856,1,2,3,4,5,6,7,8,9,10,11,12,13,14,15,16,17
11857,1,2,3,4,5,6,7,8,9,10,11,12,13,14,15,16,17
11858,1,2,3,4,5,6,7,8,9,10,11,12,13,14,15,16,17
11859,1,2,3,4,5,6,7,8,9,10,11,12,13,14,15,16,17
11860,1,2,3,4,5,6,7,8,9,10,11,12,13,14,15,16,17
11861,1,2,3,4,5,6,7,8,9,10,11,12,13,14,15,16,17
11862,1,2,3,4,5,6,7,8,9,10,11,12,13,14,15,16,17
11863,1,2,3,4,5,6,7,8,9,10,11,12,13,14,15,16,17
11864,1,2,3,4,5,6,7,8,9,10,11,12,13,14,15,16,17
11865,1,2,3,4,5,6,7,8,9,10,11,12,13,14,15,16,17
11866,1,2,3,4,5,6,7,8,9,10,11,12,13,14,15,16,17
11867,1,2,3,4,5,6,7,8,9,10,11,12,13,14,15,16,17
11868,1,2,3,4,5,6,7,8,9,10,11,12,13,14,15,16,17
11869,1,2,3,4,5,6,7,8,9,10,11,12,13,14,15,16,17
11870,1,2,3,4,5,6,7,8,9,10,11,12,13,14,15,16,17
11871,1,2,3,4,5,6,7,8,9,10,11,12,13,14,15,16,17
11872,1,2,3,4,5,6,7,8,9,10,11,12,13,14,15,16,17
11873,1,2,3,4,5,6,7,8,9,10,11,12,13,14,15,16,17
11874,1,2,3,4,5,6,7,8,9,10,11,12,13,14,15,16,17
11875,1,2,3,4,5,6,7,8,9,10,11,12,13,14,15,16,17
11876,1,2,3,4,5,6,7,8,9,10,11,12,13,14,15,16,17
11877,1,2,3,4,5,6,7,8,9,10,11,12,13,14,15,16,17
11878,1,2,3,4,5,6,7,8,9,10,11,12,13,14,15,16,17
11879,1,2,3,4,5,6,7,8,9,10,11,12,13,14,15,16,17
11880,1,2,3,4,5,6,7,8,9,10,11,12,13,14,15,16,17
11881,1,2,3,4,5,6,7,8,9,10,11,12,13,14,15,16,17
11882,1,2,3,4,5,6,7,8,9,10,11,12,13,14,15,16,17
11883,1,2,3,4,5,6,7,8,9,10,11,12,13,14,15,16,17
11884,1,2,3,4,5,6,7,8,9,10,11,12,13,14,15,16,17
11885,1,2,3,4,5,6,7,8,9,10,11,12,13,14,15,16,17
11886,1,2,3,4,5,6,7,8,9,10,11,12,13,14,15,16,17
11887,1,2,3,4,5,6,7,8,9,10,11,12,13,14,15,16,17
11888,1,2,3,4,5,6,7,8,9,10,11,12,13,14,15,16,17
11889,1,2,3,4,5,6,7,8,9,10,11,12,13,14,15,16,17
11890,1,2,3,4,5,6,7,8,9,10,11,12,13,14,15,16,17
11891,1,2,3,4,5,6,7,8,9,10,11,12,13,14,15,16,17
11892,1,2,3,4,5,6,7,8,9,10,11,12,13,14,15,16,17
11893,1,2,3,4,5,6,7,8,9,10,11,12,13,14,15,16,17
11894,1,2,3,4,5,6,7,8,9,10,11,12,13,14,15,16,17
11895,1,2,3,4,5,6,7,8,9,10,11,12,13,14,15,16,17
11896,1,2,3,4,5,6,7,8,9,10,11,12,13,14,15,16,17
11897,1,2,3,4,5,6,7,8,9,10,11,12,13,14,15,16,17
11898,1,2,3,4,5,6,7,8,9,10,11,12,13,14,15,16,17
11899,1,2,3,4,5,6,7,8,9,10,11,12,13,14,15,16,17
11900,1,2,3,4,5,6,7,8,9,10,11,12,13,14,15,16,17
11901,1,2,3,4,5,6,7,8,9,10,11,12,13,14,15,16,17
11902,1,2,3,4,5,6,7,8,9,10,11,12,13,14,15,16,17
11903,1,2,3,4,5,6,7,8,9,10,11,12,13,14,15,16,17
11904,1,2,3,4,5,6,7,8,9,10,11,12,13,14,15,16,17
11905,1,2,3,4,5,6,7,8,9,10,11,12,13,14,15,16,17
11906,1,2,3,4,5,6,7,8,9,10,11,12,13,14,15,16,17
11907,1,2,3,4,5,6,7,8,9,10,11,12,13,14,15,16,17
11908,1,2,3,4,5,6,7,8,9,10,11,12,13,14,15,16,17
11909,1,2,3,4,5,6,7,8,9,10,11,12,13,14,15,16,17
11910,1,2,3,4,5,6,7,8,9,10,11,12,13,14,15,16,17
11911,1,2,3,4,5,6,7,8,9,10,11,12,13,14,15,16,17
11912,1,2,3,4,5,6,7,8,9,10,11,12,13,14,15,16,17
11913,1,2,3,4,5,6,7,8,9,10,11,12,13,14,15,16,17
11914,1,2,3,4,5,6,7,8,9,10,11,12,13,14,15,16,17
11915,1,2,3,4,5,6,7,8,9,10,11,12,13,14,15,16,17
11916,1,2,3,4,5,6,7,8,9,10,11,12,13,14,15,16,17
11917,1,2,3,4,5,6,7,8,9,10,11,12,13,14,15,16,17
11918,1,2,3,4,5,6,7,8,9,10,11,12,13,14,15,16,17
11919,1,2,3,4,5,6,7,8,9,10,11,12,13,14,15,16,17
11920,1,2,3,4,5,6,7,8,9,10,11,12,13,14,15,16,17
11921,1,2,3,4,5,6,7,8,9,10,11,12,13,14,15,16,17
11922,1,2,3,4,5,6,7,8,9,10,11,12,13,14,15,16,17
11923,1,2,3,4,5,6,7,8,9,10,11,12,13,14,15,16,17
11924,1,2,3,4,5,6,7,8,9,10,11,12,13,14,15,16,17
11925,1,2,3,4,5,6,7,8,9,10,11,12,13,14,15,16,17
11926,1,2,3,4,5,6,7,8,9,10,11,12,13,14,15,16,17
11927,1,2,3,4,5,6,7,8,9,10,11,12,13,14,15,16,17
11928,1,2,3,4,5,6,7,8,9,10,11,12,13,14,15,16,17
11929,1,2,3,4,5,6,7,8,9,10,11,12,13,14,15,16,17
11930,1,2,3,4,5,6,7,8,9,10,11,12,13,14,15,16,17
11931,1,2,3,4,5,6,7,8,9,10,11,12,13,14,15,16,17
11932,1,2,3,4,5,6,7,8,9,10,11,12,13,14,15,16,17
11933,1,2,3,4,5,6,7,8,9,10,11,12,13,14,15,16,17
11934,1,2,3,4,5,6,7,8,9,10,11,12,13,14,15,16,17
11935,1,2,3,4,5,6,7,8,9,10,11,12,13,14,15,16,17
11936,1,2,3,4,5,6,7,8,9,10,11,12,13,14,15,16,17
11937,1,2,3,4,5,6,7,8,9,10,11,12,13,14,15,16,17
11938,1,2,3,4,5,6,7,8,9,10,11,12,13,14,15,16,17
11939,1,2,3,4,5,6,7,8,9,10,11,12,13,14,15,16,17
11940,1,2,3,4,5,6,7,8,9,10,11,12,13,14,15,16,17
11941,1,2,3,4,5,6,7,8,9,10,11,12,13,14,15,16,17
11942,1,2,3,4,5,6,7,8,9,10,11,12,13,14,15,16,17
11943,1,2,3,4,5,6,7,8,9,10,11,12,13,14,15,16,17
11944,1,2,3,4,5,6,7,8,9,10,11,12,13,14,15,16,17
11945,1,2,3,4,5,6,7,8,9,10,11,12,13,14,15,16,17
11946,1,2,3,4,5,6,7,8,9,10,11,12,13,14,15,16,17
11947,1,2,3,4,5,6,7,8,9,10,11,12,13,14,15,16,17
11948,1,2,3,4,5,6,7,8,9,10,11,12,13,14,15,16,17
11949,1,2,3,4,5,6,7,8,9,10,11,12,13,14,15,16,17
11950,1,2,3,4,5,6,7,8,9,10,11,12,13,14,15,16,17
11951,1,2,3,4,5,6,7,8,9,10,11,12,13,14,15,16,17
11952,1,2,3,4,5,6,7,8,9,10,11,12,13,14,15,16,17
11953,1,2,3,4,5,6,7,8,9,10,11,12,13,14,15,16,17
11954,1,2,3,4,5,6,7,8,9,10,11,12,13,14,15,16,17
11955,1,2,3,4,5,6,7,8,9,10,11,12,13,14,15,16,17
11956,1,2,3,4,5,6,7,8,9,10,11,12,13,14,15,16,17
11957,1,2,3,4,5,6,7,8,9,10,11,12,13,14,15,16,17
11958,1,2,3,4,5,6,7,8,9,10,11,12,13,14,15,16,17
11959,1,2,3,4,5,6,7,8,9,10,11,12,13,14,15,16,17
11960,1,2,3,4,5,6,7,8,9,10,11,12,13,14,15,16,17
11961,1,2,3,4,5,6,7,8,9,10,11,12,13,14,15,16,17
11962,1,2,3,4,5,6,7,8,9,10,11,12,13,14,15,16,17
11963,1,2,3,4,5,6,7,8,9,10,11,12,13,14,15,16,17
11964,1,2,3,4,5,6,7,8,9,10,11,12,13,14,15,16,17
11965,1,2,3,4,5,6,7,8,9,10,11,12,13,14,15,16,17
11966,1,2,3,4,5,6,7,8,9,10,11,12,13,14,15,16,17
11967,1,2,3,4,5,6,7,8,9,10,11,12,13,14,15,16,17
11968,1,2,3,4,5,6,7,8,9,10,11,12,13,14,15,16,17
11969,1,2,3,4,5,6,7,8,9,10,11,12,13,14,15,16,17
11970,1,2,3,4,5,6,7,8,9,10,11,12,13,14,15,16,17
11971,1,2,3,4,5,6,7,8,9,10,11,12,13,14,15,16,17
11972,1,2,3,4,5,6,7,8,9,10,11,12,13,14,15,16,17
11973,1,2,3,4,5,6,7,8,9,10,11,12,13,14,15,16,17
11974,1,2,3,4,5,6,7,8,9,10,11,12,13,14,15,16,17
11975,1,2,3,4,5,6,7,8,9,10,11,12,13,14,15,16,17
11976,1,2,3,4,5,6,7,8,9,10,11,12,13,14,15,16,17
11977,1,2,3,4,5,6,7,8,9,10,11,12,13,14,15,16,17
11978,1,2,3,4,5,6,7,8,9,10,11,12,13,14,15,16,17
11979,1,2,3,4,5,6,7,8,9,10,11,12,13,14,15,16,17
11980,1,2,3,4,5,6,7,8,9,10,11,12,13,14,15,16,17
11981,1,2,3,4,5,6,7,8,9,10,11,12,13,14,15,16,17
11982,1,2,3,4,5,6,7,8,9,10,11,12,13,14,15,16,17
11983,1,2,3,4,5,6,7,8,9,10,11,12,13,14,15,16,17
11984,1,2,3,4,5,6,7,8,9,10,11,12,13,14,15,16,17
11985,1,2,3,4,5,6,7,8,9,10,11,12,13,14,15,16,17
11986,1,2,3,4,5,6,7,8,9,10,11,12,13,14,15,16,17
11987,1,2,3,4,5,6,7,8,9,10,11,12,13,14,15,16,17
11988,1,2,3,4,5,6,7,8,9,10,11,12,13,14,15,16,17
11989,1,2,3,4,5,6,7,8,9,10,11,12,13,14,15,16,17
11990,1,2,3,4,5,6,7,8,9,10,11,12,13,14,15,16,17
11991,1,2,3,4,5,6,7,8,9,10,11,12,13,14,15,16,17
11992,1,2,3,4,5,6,7,8,9,10,11,12,13,14,15,16,17
11993,1,2,3,4,5,6,7,8,9,10,11,12,13,14,15,16,17
11994,1,2,3,4,5,6,7,8,9,10,11,12,13,14,15,16,17
11995,1,2,3,4,5,6,7,8,9,10,11,12,13,14,15,16,17
11996,1,2,3,4,5,6,7,8,9,10,11,12,13,14,15,16,17
11997,1,2,3,4,5,6,7,8,9,10,11,12,13,14,15,16,17
11998,1,2,3,4,5,6,7,8,9,10,11,12,13,14,15,16,17
11999,1,2,3,4,5,6,7,8,9,10,11,12,13,14,15,16,17
12000,1,2,3,4,5,6,7,8,9,10,11,12,13,14,15,16,17
12001,1,2,3,4,5,6,7,8,9,10,11,12,13,14,15,16,17
12002,1,2,3,4,5,6,7,8,9,10,11,12,13,14,15,16,17
12003,1,2,3,4,5,6,7,8,9,10,11,12,13,14,15,16,17
12004,1,2,3,4,5,6,7,8,9,10,11,12,13,14,15,16,17
12005,1,2,3,4,5,6,7,8,9,10,11,12,13,14,15,16,17
12006,1,2,3,4,5,6,7,8,9,10,11,12,13,14,15,16,17
12007,1,2,3,4,5,6,7,8,9,10,11,12,13,14,15,16,17
12008,1,2,3,4,5,6,7,8,9,10,11,12,13,14,15,16,17
12009,1,2,3,4,5,6,7,8,9,10,11,12,13,14,15,16,17
12010,1,2,3,4,5,6,7,8,9,10,11,12,13,14,15,16,17
12011,1,2,3,4,5,6,7,8,9,10,11,12,13,14,15,16,17
12012,1,2,3,4,5,6,7,8,9,10,11,12,13,14,15,16,17
12013,1,2,3,4,5,6,7,8,9,10,11,12,13,14,15,16,17
12014,1,2,3,4,5,6,7,8,9,10,11,12,13,14,15,16,17
12015,1,2,3,4,5,6,7,8,9,10,11,12,13,14,15,16,17
12016,1,2,3,4,5,6,7,8,9,10,11,12,13,14,15,16,17
12017,1,2,3,4,5,6,7,8,9,10,11,12,13,14,15,16,17
12018,1,2,3,4,5,6,7,8,9,10,11,12,13,14,15,16,17
12019,1,2,3,4,5,6,7,8,9,10,11,12,13,14,15,16,17
12020,1,2,3,4,5,6,7,8,9,10,11,12,13,14,15,16,17
12021,1,2,3,4,5,6,7,8,9,10,11,12,13,14,15,16,17
12022,1,2,3,4,5,6,7,8,9,10,11,12,13,14,15,16,17
12023,1,2,3,4,5,6,7,8,9,10,11,12,13,14,15,16,17
12024,1,2,3,4,5,6,7,8,9,10,11,12,13,14,15,16,17
12025,1,2,3,4,5,6,7,8,9,10,11,12,13,14,15,16,17
12026,1,2,3,4,5,6,7,8,9,10,11,12,13,14,15,16,17
12027,1,2,3,4,5,6,7,8,9,10,11,12,13,14,15,16,17
12028,1,2,3,4,5,6,7,8,9,10,11,12,13,14,15,16,17
12029,1,2,3,4,5,6,7,8,9,10,11,12,13,14,15,16,17
12030,1,2,3,4,5,6,7,8,9,10,11,12,13,14,15,16,17
12031,1,2,3,4,5,6,7,8,9,10,11,12,13,14,15,16,17
12032,1,2,3,4,5,6,7,8,9,10,11,12,13,14,15,16,17
12033,1,2,3,4,5,6,7,8,9,10,11,12,13,14,15,16,17
12034,1,2,3,4,5,6,7,8,9,10,11,12,13,14,15,16,17
12035,1,2,3,4,5,6,7,8,9,10,11,12,13,14,15,16,17
12036,1,2,3,4,5,6,7,8,9,10,11,12,13,14,15,16,17
12037,1,2,3,4,5,6,7,8,9,10,11,12,13,14,15,16,17
12038,1,2,3,4,5,6,7,8,9,10,11,12,13,14,15,16,17
12039,1,2,3,4,5,6,7,8,9,10,11,12,13,14,15,16,17
12040,1,2,3,4,5,6,7,8,9,10,11,12,13,14,15,16,17
12041,1,2,3,4,5,6,7,8,9,10,11,12,13,14,15,16,17
12042,1,2,3,4,5,6,7,8,9,10,11,12,13,14,15,16,17
12043,1,2,3,4,5,6,7,8,9,10,11,12,13,14,15,16,17
12044,1,2,3,4,5,6,7,8,9,10,11,12,13,14,15,16,17
12045,1,2,3,4,5,6,7,8,9,10,11,12,13,14,15,16,17
12046,1,2,3,4,5,6,7,8,9,10,11,12,13,14,15,16,17
12047,1,2,3,4,5,6,7,8,9,10,11,12,13,14,15,16,17
12048,1,2,3,4,5,6,7,8,9,10,11,12,13,14,15,16,17
12049,1,2,3,4,5,6,7,8,9,10,11,12,13,14,15,16,17
12050,1,2,3,4,5,6,7,8,9,10,11,12,13,14,15,16,17
12051,1,2,3,4,5,6,7,8,9,10,11,12,13,14,15,16,17
12052,1,2,3,4,5,6,7,8,9,10,11,12,13,14,15,16,17
12053,1,2,3,4,5,6,7,8,9,10,11,12,13,14,15,16,17
12054,1,2,3,4,5,6,7,8,9,10,11,12,13,14,15,16,17
12055,1,2,3,4,5,6,7,8,9,10,11,12,13,14,15,16,17
12056,1,2,3,4,5,6,7,8,9,10,11,12,13,14,15,16,17
12057,1,2,3,4,5,6,7,8,9,10,11,12,13,14,15,16,17
12058,1,2,3,4,5,6,7,8,9,10,11,12,13,14,15,16,17
12059,1,2,3,4,5,6,7,8,9,10,11,12,13,14,15,16,17
12060,1,2,3,4,5,6,7,8,9,10,11,12,13,14,15,16,17
12061,1,2,3,4,5,6,7,8,9,10,11,12,13,14,15,16,17
12062,1,2,3,4,5,6,7,8,9,10,11,12,13,14,15,16,17
12063,1,2,3,4,5,6,7,8,9,10,11,12,13,14,15,16,17
12064,1,2,3,4,5,6,7,8,9,10,11,12,13,14,15,16,17
12065,1,2,3,4,5,6,7,8,9,10,11,12,13,14,15,16,17
12066,1,2,3,4,5,6,7,8,9,10,11,12,13,14,15,16,17
12067,1,2,3,4,5,6,7,8,9,10,11,12,13,14,15,16,17
12068,1,2,3,4,5,6,7,8,9,10,11,12,13,14,15,16,17
12069,1,2,3,4,5,6,7,8,9,10,11,12,13,14,15,16,17
12070,1,2,3,4,5,6,7,8,9,10,11,12,13,14,15,16,17
12071,1,2,3,4,5,6,7,8,9,10,11,12,13,14,15,16,17
12072,1,2,3,4,5,6,7,8,9,10,11,12,13,14,15,16,17
12073,1,2,3,4,5,6,7,8,9,10,11,12,13,14,15,16,17
12074,1,2,3,4,5,6,7,8,9,10,11,12,13,14,15,16,17
12075,1,2,3,4,5,6,7,8,9,10,11,12,13,14,15,16,17
12076,1,2,3,4,5,6,7,8,9,10,11,12,13,14,15,16,17
12077,1,2,3,4,5,6,7,8,9,10,11,12,13,14,15,16,17
12078,1,2,3,4,5,6,7,8,9,10,11,12,13,14,15,16,17
12079,1,2,3,4,5,6,7,8,9,10,11,12,13,14,15,16,17
12080,1,2,3,4,5,6,7,8,9,10,11,12,13,14,15,16,17
12081,1,2,3,4,5,6,7,8,9,10,11,12,13,14,15,16,17
12082,1,2,3,4,5,6,7,8,9,10,11,12,13,14,15,16,17
12083,1,2,3,4,5,6,7,8,9,10,11,12,13,14,15,16,17
12084,1,2,3,4,5,6,7,8,9,10,11,12,13,14,15,16,17
12085,1,2,3,4,5,6,7,8,9,10,11,12,13,14,15,16,17
12086,1,2,3,4,5,6,7,8,9,10,11,12,13,14,15,16,17
12087,1,2,3,4,5,6,7,8,9,10,11,12,13,14,15,16,17
12088,1,2,3,4,5,6,7,8,9,10,11,12,13,14,15,16,17
12089,1,2,3,4,5,6,7,8,9,10,11,12,13,14,15,16,17
12090,1,2,3,4,5,6,7,8,9,10,11,12,13,14,15,16,17
12091,1,2,3,4,5,6,7,8,9,10,11,12,13,14,15,16,17
12092,1,2,3,4,5,6,7,8,9,10,11,12,13,14,15,16,17
12093,1,2,3,4,5,6,7,8,9,10,11,12,13,14,15,16,17
12094,1,2,3,4,5,6,7,8,9,10,11,12,13,14,15,16,17
12095,1,2,3,4,5,6,7,8,9,10,11,12,13,14,15,16,17
12096,1,2,3,4,5,6,7,8,9,10,11,12,13,14,15,16,17
12097,1,2,3,4,5,6,7,8,9,10,11,12,13,14,15,16,17
12098,1,2,3,4,5,6,7,8,9,10,11,12,13,14,15,16,17
12099,1,2,3,4,5,6,7,8,9,10,11,12,13,14,15,16,17
12100,1,2,3,4,5,6,7,8,9,10,11,12,13,14,15,16,17
12101,1,2,3,4,5,6,7,8,9,10,11,12,13,14,15,16,17
12102,1,2,3,4,5,6,7,8,9,10,11,12,13,14,15,16,17
12103,1,2,3,4,5,6,7,8,9,10,11,12,13,14,15,16,17
12104,1,2,3,4,5,6,7,8,9,10,11,12,13,14,15,16,17
12105,1,2,3,4,5,6,7,8,9,10,11,12,13,14,15,16,17
12106,1,2,3,4,5,6,7,8,9,10,11,12,13,14,15,16,17
12107,1,2,3,4,5,6,7,8,9,10,11,12,13,14,15,16,17
12108,1,2,3,4,5,6,7,8,9,10,11,12,13,14,15,16,17
12109,1,2,3,4,5,6,7,8,9,10,11,12,13,14,15,16,17
12110,1,2,3,4,5,6,7,8,9,10,11,12,13,14,15,16,17
12111,1,2,3,4,5,6,7,8,9,10,11,12,13,14,15,16,17
12112,1,2,3,4,5,6,7,8,9,10,11,12,13,14,15,16,17
12113,1,2,3,4,5,6,7,8,9,10,11,12,13,14,15,16,17
12114,1,2,3,4,5,6,7,8,9,10,11,12,13,14,15,16,17
12115,1,2,3,4,5,6,7,8,9,10,11,12,13,14,15,16,17
12116,1,2,3,4,5,6,7,8,9,10,11,12,13,14,15,16,17
12117,1,2,3,4,5,6,7,8,9,10,11,12,13,14,15,16,17
12118,1,2,3,4,5,6,7,8,9,10,11,12,13,14,15,16,17
12119,1,2,3,4,5,6,7,8,9,10,11,12,13,14,15,16,17
12120,1,2,3,4,5,6,7,8,9,10,11,12,13,14,15,16,17
12121,1,2,3,4,5,6,7,8,9,10,11,12,13,14,15,16,17
12122,1,2,3,4,5,6,7,8,9,10,11,12,13,14,15,16,17
12123,1,2,3,4,5,6,7,8,9,10,11,12,13,14,15,16,17
12124,1,2,3,4,5,6,7,8,9,10,11,12,13,14,15,16,17
12125,1,2,3,4,5,6,7,8,9,10,11,12,13,14,15,16,17
12126,1,2,3,4,5,6,7,8,9,10,11,12,13,14,15,16,17
12127,1,2,3,4,5,6,7,8,9,10,11,12,13,14,15,16,17
12128,1,2,3,4,5,6,7,8,9,10,11,12,13,14,15,16,17
12129,1,2,3,4,5,6,7,8,9,10,11,12,13,14,15,16,17
12130,1,2,3,4,5,6,7,8,9,10,11,12,13,14,15,16,17
12131,1,2,3,4,5,6,7,8,9,10,11,12,13,14,15,16,17
12132,1,2,3,4,5,6,7,8,9,10,11,12,13,14,15,16,17
12133,1,2,3,4,5,6,7,8,9,10,11,12,13,14,15,16,17
12134,1,2,3,4,5,6,7,8,9,10,11,12,13,14,15,16,17
12135,1,2,3,4,5,6,7,8,9,10,11,12,13,14,15,16,17
12136,1,2,3,4,5,6,7,8,9,10,11,12,13,14,15,16,17
12137,1,2,3,4,5,6,7,8,9,10,11,12,13,14,15,16,17
12138,1,2,3,4,5,6,7,8,9,10,11,12,13,14,15,16,17
12139,1,2,3,4,5,6,7,8,9,10,11,12,13,14,15,16,17
12140,1,2,3,4,5,6,7,8,9,10,11,12,13,14,15,16,17
12141,1,2,3,4,5,6,7,8,9,10,11,12,13,14,15,16,17
12142,1,2,3,4,5,6,7,8,9,10,11,12,13,14,15,16,17
12143,1,2,3,4,5,6,7,8,9,10,11,12,13,14,15,16,17
12144,1,2,3,4,5,6,7,8,9,10,11,12,13,14,15,16,17
12145,1,2,3,4,5,6,7,8,9,10,11,12,13,14,15,16,17
12146,1,2,3,4,5,6,7,8,9,10,11,12,13,14,15,16,17
12147,1,2,3,4,5,6,7,8,9,10,11,12,13,14,15,16,17
12148,1,2,3,4,5,6,7,8,9,10,11,12,13,14,15,16,17
12149,1,2,3,4,5,6,7,8,9,10,11,12,13,14,15,16,17
12150,1,2,3,4,5,6,7,8,9,10,11,12,13,14,15,16,17
12151,1,2,3,4,5,6,7,8,9,10,11,12,13,14,15,16,17
12152,1,2,3,4,5,6,7,8,9,10,11,12,13,14,15,16,17
12153,1,2,3,4,5,6,7,8,9,10,11,12,13,14,15,16,17
12154,1,2,3,4,5,6,7,8,9,10,3,12,13,14,15,16,17
12155,1,2,3,4,5,6,7,8,9,10,11,12,13,14,15,16,17
12156,1,2,3,4,5,6,7,8,9,10,11,12,13,14,15,16,17
12157,1,2,3,4,5,6,7,8,9,10,11,12,13,14,15,16,17
12158,1,2,3,4,5,6,7,8,9,10,11,12,13,14,15,16,17
12159,1,2,3,4,5,6,7,8,9,10,11,12,13,14,15,16,17
12160,1,2,3,4,5,6,7,8,9,10,11,12,13,14,15,16,17
12161,1,2,3,4,5,6,7,8,9,10,11,12,13,14,15,16,17
12162,1,2,3,4,5,6,7,8,9,10,11,12,13,14,15,16,17
12163,1,2,3,4,5,6,7,8,9,10,11,12,13,14,15,16,17
12164,1,2,3,4,5,6,7,8,9,10,11,12,13,14,15,16,17
12165,1,2,3,4,5,6,7,8,9,10,11,12,13,14,15,16,17
12166,1,2,3,4,5,6,7,8,9,10,11,12,13,14,15,16,17
12167,1,2,3,4,5,6,7,8,9,10,11,12,13,14,15,16,17
12168,1,2,3,4,5,6,7,8,9,10,11,12,13,14,15,16,17
12169,1,2,3,4,5,6,7,8,9,10,11,12,13,14,15,16,17
12170,1,2,3,4,5,6,7,8,9,10,11,12,13,14,15,16,17
12171,1,2,3,4,5,6,7,8,9,10,11,12,13,14,15,16,17
12172,1,2,3,4,5,6,7,8,9,10,11,12,13,14,15,16,17
12173,1,2,3,4,5,6,7,8,9,10,11,12,13,14,15,16,17
12174,1,2,3,4,5,6,7,8,9,10,11,12,13,14,15,16,17
12175,1,2,3,4,5,6,7,8,9,10,11,12,13,14,15,16,17
12176,1,2,3,4,5,6,7,8,9,10,11,12,13,14,15,16,17
12177,1,2,3,4,5,6,7,8,9,10,11,12,13,14,15,16,17
12178,1,2,3,4,5,6,7,8,9,10,11,12,13,14,15,16,17
12179,1,2,3,4,5,6,7,8,9,10,11,12,13,14,15,16,17
12180,1,2,3,4,5,6,7,8,9,10,11,12,13,14,15,16,17
12181,1,2,3,4,5,6,7,8,9,10,11,12,13,14,15,16,17
12182,1,2,3,4,5,6,7,8,9,10,11,12,13,14,15,16,17
12183,1,2,3,4,5,6,7,8,9,10,11,12,13,14,15,16,17
12184,1,2,3,4,5,6,7,8,9,10,11,12,13,14,15,16,17
12185,1,2,3,4,5,6,7,8,9,10,11,12,13,14,15,16,17
12186,1,2,3,4,5,6,7,8,9,10,11,12,13,14,15,16,17
12187,1,2,3,4,5,6,7,8,9,10,11,12,13,14,15,16,17
12188,1,2,3,4,5,6,7,8,9,10,11,12,13,14,15,16,17
12189,1,2,3,4,5,6,7,8,9,10,11,12,13,14,15,16,17
12190,1,2,3,4,5,6,7,8,9,10,11,12,13,14,15,16,17
12191,1,2,3,4,5,6,7,8,9,10,11,12,13,14,15,16,17
12192,1,2,3,4,5,6,7,8,9,10,11,12,13,14,15,16,17
12193,1,2,3,4,5,6,7,8,9,10,11,12,13,14,15,16,17
12194,1,2,3,4,5,6,7,8,9,10,11,12,13,14,15,16,17
12195,1,2,3,4,5,6,7,8,9,10,11,12,13,14,15,16,17
12196,1,2,3,4,5,6,7,8,9,10,11,12,13,14,15,16,17
12197,1,2,3,4,5,6,7,8,9,10,11,12,13,14,15,16,17
12198,1,2,3,4,5,6,7,8,9,10,11,12,13,14,15,16,17
12199,1,2,3,4,5,6,7,8,9,10,11,12,13,14,15,16,17
12200,1,2,3,4,5,6,7,8,9,10,11,12,13,14,15,16,17
12201,1,2,3,4,5,6,7,8,9,10,11,12,13,14,15,16,17
12202,1,2,3,4,5,6,7,8,9,10,11,12,13,14,15,16,17
12203,1,2,3,4,5,6,7,8,9,10,11,12,13,14,15,16,17
12204,1,2,3,4,5,6,7,8,9,10,11,12,13,14,15,16,17
12205,1,2,3,4,5,6,7,8,9,10,11,12,13,14,15,16,17
12206,1,2,3,4,5,6,7,8,9,10,11,12,13,14,15,16,17
12207,1,2,3,4,5,6,7,8,9,10,11,12,13,14,15,16,17
12208,1,2,3,4,5,6,7,8,9,10,11,12,13,14,15,16,17
12209,1,2,3,4,5,6,7,8,9,10,11,12,13,14,15,16,17
12210,1,2,3,4,5,6,7,8,9,10,11,12,13,14,15,16,17
12211,1,2,3,4,5,6,7,8,9,10,11,12,13,14,15,16,17
12212,1,2,3,4,5,6,7,8,9,10,11,12,13,14,15,16,17
12213,1,2,3,4,5,6,7,8,9,10,11,12,13,14,15,16,17
12214,1,2,3,4,5,6,7,8,9,10,11,12,13,14,15,16,17
12215,1,2,3,4,5,6,7,8,9,10,11,12,13,14,15,16,17
12216,1,2,3,4,5,6,7,8,9,10,11,12,13,14,15,16,17
12217,1,2,3,4,5,6,7,8,9,10,11,12,13,14,15,16,17
12218,1,2,3,4,5,6,7,8,9,10,11,12,13,14,15,16,17
12219,1,2,3,4,5,6,7,8,9,10,11,12,13,14,15,16,17
12220,1,2,3,4,5,6,7,8,9,10,11,12,13,14,15,16,17
12221,1,2,3,4,5,6,7,8,9,10,11,12,13,14,15,16,17
12222,1,2,3,4,5,6,7,8,9,10,11,12,13,14,15,16,17
12223,1,2,3,4,5,6,7,8,9,10,11,12,13,14,15,16,17
12224,1,2,3,4,5,6,7,8,9,10,11,12,13,14,15,16,17
12225,1,2,3,4,5,6,7,8,9,10,11,12,13,14,15,16,17
12226,1,2,3,4,5,6,7,8,9,10,11,12,13,14,15,16,17
12227,1,2,3,4,5,6,7,8,9,10,11,12,13,14,15,16,17
12228,1,2,3,4,5,6,7,8,9,10,11,12,13,14,15,16,17
12229,1,2,3,4,5,6,7,8,9,10,11,12,13,14,15,16,17
12230,1,2,3,4,5,6,7,8,9,10,11,12,13,14,15,16,17
12231,1,2,3,4,5,6,7,8,9,10,11,12,13,14,15,16,17
12232,1,2,3,4,5,6,7,8,9,10,11,12,13,14,15,16,17
12233,1,2,3,4,5,6,7,8,9,10,11,12,13,14,15,16,17
12234,1,2,3,4,5,6,7,8,9,10,11,12,13,14,15,16,17
12235,1,2,3,4,5,6,7,8,9,10,11,12,13,14,15,16,17
12236,3,2,3,4,5,6,7,3,9,4,11,4,13,6,15,6,17
12237,3,2,3,4,3,6,7,8,4,4,11,6,13,6,8,16,8
12238,1,2,3,4,5,6,7,8,9,10,11,12,13,14,15,16,17
12239,1,2,3,4,5,6,7,8,9,10,11,12,13,14,15,16,17
12240,1,2,3,4,5,6,7,8,9,10,11,12,13,14,15,16,17
12241,1,2,3,4,5,6,7,8,9,10,11,12,13,14,15,16,17
12242,1,2,3,4,5,6,7,8,9,10,11,12,13,14,15,16,17
12243,1,8,3,4,5,6,7,8,9,10,11,12,13,14,15,16,17
12244,1,2,3,4,5,6,7,8,9,10,11,12,13,14,15,16,17
12245,1,2,3,4,5,6,7,8,9,10,11,12,13,14,15,16,17
12246,1,2,3,4,5,6,7,8,9,10,11,12,13,14,15,16,17
12247,1,2,3,4,5,6,7,8,9,10,11,12,13,14,15,16,17
12248,1,2,3,4,5,6,7,8,9,10,11,12,13,14,15,16,17
12249,1,2,3,4,5,6,7,8,9,10,11,12,13,14,15,16,17
12250,1,2,3,4,5,6,7,8,9,10,11,12,13,14,15,16,17
12251,1,2,3,4,5,6,7,8,9,10,11,12,13,14,15,16,17
12252,1,2,3,4,5,6,7,8,9,10,11,12,13,14,15,16,17
12253,1,2,3,4,5,6,7,8,9,10,11,12,13,14,15,16,17
12254,1,2,3,4,5,6,7,8,9,10,11,12,13,14,15,16,17
12255,1,2,3,4,5,6,7,8,9,10,11,12,13,14,15,16,17
12256,1,2,3,4,5,6,7,8,9,10,11,12,13,14,15,16,17
12257,1,2,3,4,5,6,7,8,9,10,11,12,13,14,15,16,17
12258,1,2,3,4,5,6,7,8,9,10,11,12,13,14,15,16,17
12259,1,2,3,4,5,6,7,8,9,10,11,12,13,14,15,16,17
12260,1,2,3,4,5,6,7,8,9,10,11,12,13,14,15,16,17
12261,1,2,3,4,5,6,7,8,9,10,11,12,13,14,15,16,17
12262,1,2,3,4,5,6,7,8,9,10,11,12,13,14,15,16,17
12263,1,2,3,4,5,6,7,8,9,10,11,12,13,14,15,16,17
12264,1,2,3,4,5,6,7,8,9,10,11,12,13,14,15,16,17
12265,1,2,3,4,5,6,7,8,9,10,11,12,13,14,15,16,17
12266,1,2,3,4,5,6,7,8,9,10,11,12,13,14,15,16,17
12267,1,2,3,4,5,6,7,8,9,10,11,12,13,14,15,16,17
12268,1,2,3,4,5,6,7,8,9,10,11,12,13,14,15,16,17
12269,1,2,3,4,5,6,7,8,9,10,11,12,13,14,15,16,17
12270,1,2,3,4,5,6,7,8,9,10,11,12,13,14,15,16,17
12271,1,2,3,4,5,6,7,8,9,10,11,12,13,14,15,16,17
12272,1,2,3,4,5,6,7,8,9,10,11,12,13,14,15,16,17
12273,1,2,3,4,5,6,7,8,9,10,11,12,13,14,15,16,17
12274,1,2,3,4,5,6,7,8,9,10,11,12,13,14,15,16,17
12275,1,2,3,4,5,6,7,8,9,10,11,12,13,14,15,16,17
12276,1,2,3,4,5,6,7,8,9,10,11,12,13,14,15,16,17
12277,1,2,3,4,5,6,7,8,9,10,11,12,13,14,15,16,17
12278,1,2,3,4,5,6,7,8,9,10,11,12,13,14,15,16,17
12279,1,2,3,4,5,6,7,8,9,10,11,12,13,14,15,16,17
12280,1,2,3,4,5,6,7,8,9,10,11,12,13,14,15,16,17
12281,1,2,3,4,5,6,7,8,9,10,11,12,13,14,15,16,17
12282,1,2,3,4,5,6,7,8,9,10,11,12,13,14,15,16,17
12283,1,2,3,4,5,6,7,8,9,10,11,12,13,14,15,16,17
12284,1,2,3,4,5,6,7,8,9,10,11,12,13,14,15,16,17
12285,1,2,3,4,5,6,7,8,9,10,11,12,13,14,15,16,17
12286,1,2,3,4,5,6,7,8,9,10,11,12,13,14,15,16,17
12287,1,2,3,4,5,6,7,8,9,10,11,12,13,14,15,16,17
12288,1,2,3,4,5,6,7,8,9,10,11,12,13,14,15,16,17
12289,1,2,3,4,5,6,7,8,9,10,11,12,13,14,15,16,17
12290,1,2,3,4,5,6,7,8,9,10,11,12,13,14,15,16,17
12291,1,2,3,4,5,6,7,8,9,10,11,12,13,14,15,16,17
12292,1,2,3,4,5,6,7,8,9,10,11,12,13,14,15,16,17
12293,1,2,3,4,5,6,7,8,9,10,11,12,13,14,15,16,17
12294,1,2,3,4,5,6,7,8,9,10,11,12,13,14,15,16,17
12295,1,2,3,4,5,6,7,8,9,10,11,12,13,14,15,16,17
12296,1,2,3,4,5,6,7,8,9,10,11,12,13,14,15,16,17
12297,1,2,3,4,5,6,7,8,9,10,11,12,13,14,15,16,17
12298,1,2,3,4,5,6,7,8,9,10,11,12,13,14,15,16,17
12299,1,2,3,4,5,6,7,8,9,10,11,12,13,14,15,16,17
12300,1,2,3,4,5,6,7,8,9,10,11,12,13,14,15,16,17
12301,1,2,3,4,5,6,7,8,9,10,11,12,13,14,15,16,17
12302,1,2,3,4,5,6,7,8,9,10,11,12,13,14,15,16,17
12303,1,2,3,4,5,6,7,8,9,10,11,12,13,14,15,16,17
12304,1,2,3,4,5,6,7,8,9,10,11,12,13,14,15,16,17
12305,1,2,3,4,5,6,7,8,9,10,11,12,13,14,15,16,17
12306,1,2,3,4,5,6,7,8,9,10,11,12,13,14,15,16,17
12307,1,2,3,4,5,6,7,8,9,10,11,12,13,14,15,16,17
12308,1,2,3,4,5,6,7,8,9,10,11,12,13,14,15,16,17
12309,1,2,3,4,5,6,7,8,9,10,11,12,13,14,15,16,17
12310,1,2,3,4,5,6,7,8,9,10,11,12,13,14,15,16,17
12311,1,2,3,4,5,6,7,8,9,10,11,12,13,14,15,16,17
12312,1,2,3,4,5,6,7,8,9,10,11,12,13,14,15,16,17
12313,1,2,3,4,5,6,7,8,9,10,11,12,13,14,15,16,17
12314,1,2,3,4,5,6,7,8,9,10,11,12,13,14,15,16,17
12315,1,2,3,4,5,6,7,8,9,10,11,12,13,14,15,16,17
12316,1,2,3,4,5,6,7,8,9,10,11,12,13,14,15,16,17
12317,1,2,3,4,5,6,7,8,9,10,11,12,13,14,15,16,17
12318,1,2,3,4,5,6,7,8,9,10,11,12,13,14,15,16,17
12319,1,2,3,4,5,6,7,8,9,10,11,12,13,14,15,16,17
12320,1,2,3,4,5,6,7,8,9,10,11,12,13,14,15,16,17
12321,1,2,3,4,5,6,7,8,9,10,11,12,13,14,15,16,17
12322,1,2,3,4,5,6,7,8,9,10,11,12,13,14,15,16,17
12323,1,2,3,4,5,6,7,8,9,10,11,12,13,14,15,16,17
12324,1,2,3,4,5,6,7,8,9,10,11,12,13,14,15,16,17
12325,1,2,3,4,5,6,7,8,9,10,11,12,13,14,15,16,17
12326,1,2,3,4,5,6,7,8,9,10,11,12,13,14,15,16,17
12327,1,2,3,4,5,6,7,8,9,10,11,12,13,14,15,16,17
12328,1,2,3,4,5,6,7,8,9,10,11,12,13,14,15,16,17
12329,1,2,3,4,5,6,7,8,9,10,11,12,13,14,15,16,17
12330,1,2,3,4,5,6,7,8,9,10,11,12,13,14,15,16,17
12331,1,2,3,4,5,6,7,8,9,10,11,12,13,14,15,16,17
12332,1,2,3,4,5,6,7,8,9,10,11,12,13,14,15,16,17
12333,1,2,3,4,5,6,7,8,9,10,11,12,13,14,15,16,17
12334,1,2,3,4,5,6,7,8,9,10,11,12,13,14,15,16,17
12335,1,2,3,4,5,6,7,8,9,10,11,12,13,14,15,16,17
12336,1,2,3,4,5,6,7,8,9,10,11,12,13,14,15,16,17
12337,1,2,3,4,5,6,7,8,9,10,11,12,13,14,15,16,17
12338,1,2,3,4,5,6,7,8,9,10,11,12,13,14,15,16,17
12339,1,2,3,4,5,6,7,8,9,10,11,12,13,14,15,16,17
12340,1,2,3,4,5,6,7,8,9,10,11,12,13,14,15,16,17
12341,1,2,3,4,5,6,7,8,9,10,11,12,13,14,15,16,17
12342,1,2,3,4,5,6,7,8,9,10,11,12,13,14,15,16,17
12343,1,2,3,4,5,6,7,8,9,10,11,12,13,14,15,16,17
12344,1,2,3,4,5,6,7,8,9,10,11,12,13,14,15,16,17
12345,1,2,3,4,5,6,7,8,9,10,11,12,13,14,15,16,17
12346,1,2,3,4,5,6,7,8,9,10,11,12,13,14,15,16,17
12347,1,2,3,4,5,6,7,8,9,10,11,12,13,14,15,16,17
12348,1,2,3,4,5,6,7,8,9,10,11,12,13,14,15,16,17
12349,1,2,3,4,5,6,7,8,9,10,11,12,13,14,15,16,17
12350,1,2,3,4,5,6,7,8,9,10,11,12,13,14,15,16,17
12351,1,2,3,4,5,6,7,8,9,10,11,12,13,14,15,16,17
12352,1,2,3,4,5,6,7,8,9,10,11,12,13,14,15,16,17
12353,1,2,3,4,5,6,7,8,9,10,11,12,13,14,15,16,17
12354,1,2,3,4,5,6,7,8,9,10,11,12,13,14,15,16,17
12355,1,2,3,4,5,6,7,8,9,10,11,12,13,14,15,16,17
12356,1,2,3,4,5,6,7,8,9,10,11,12,13,14,15,16,17
12357,1,2,3,4,5,6,7,8,9,10,11,12,13,14,15,16,17
12358,1,2,3,4,5,6,7,8,9,10,11,12,13,14,15,16,17
12359,1,2,3,4,5,6,7,8,9,10,11,12,13,14,15,16,17
12360,1,2,3,4,5,6,7,8,9,10,11,12,13,14,15,16,17
12361,1,2,3,4,5,6,7,8,9,10,11,12,13,14,15,16,17
12362,1,2,3,4,5,6,7,8,9,10,11,12,13,14,15,16,17
12363,1,2,3,4,5,6,7,8,9,10,11,12,13,14,15,16,17
12364,1,2,3,4,5,6,7,8,9,10,11,12,13,14,15,16,17
12365,1,2,3,4,5,6,7,8,9,10,11,12,13,14,15,16,17
12366,1,2,3,4,5,6,7,8,9,10,11,12,13,14,15,16,17
12367,1,2,3,4,5,6,7,8,9,10,11,12,13,14,15,16,17
12368,1,2,3,4,5,6,7,8,9,10,11,12,13,14,15,16,17
12369,1,2,3,4,5,6,7,8,9,10,11,12,13,14,15,16,17
12370,1,2,3,4,5,6,7,8,9,10,11,12,13,14,15,16,17
12371,1,2,3,4,5,6,7,8,9,10,11,12,13,14,15,16,17
12372,1,2,3,4,5,6,7,8,9,10,11,12,13,14,15,16,17
12373,1,2,3,4,5,6,7,8,9,10,11,12,13,14,15,16,17
12374,1,2,3,4,5,6,7,8,9,10,11,12,13,14,15,16,17
12375,1,2,3,4,5,6,7,8,9,10,11,12,13,14,15,16,17
12376,1,2,3,4,5,6,7,8,9,10,11,12,13,14,15,16,17
12377,1,2,3,4,5,6,7,8,9,10,11,12,13,14,15,16,17
12378,3,2,3,4,3,6,7,4,9,4,11,6,6,14,7,7,17
12379,2,2,3,4,5,6,7,8,9,10,3,4,4,6,7,8,17
12380,1,2,3,4,5,6,7,8,9,10,11,12,13,14,15,16,17
12381,1,2,3,4,5,6,7,8,9,10,11,12,13,14,15,16,17
12382,1,2,3,4,5,6,7,8,9,10,11,12,13,14,15,16,17
12383,1,2,3,4,5,6,7,8,9,10,11,12,13,14,15,16,17
12384,1,2,3,4,5,6,7,8,9,10,11,12,13,14,15,16,17
12385,1,2,3,4,5,6,7,8,9,10,11,12,13,14,15,16,17
12386,1,2,3,4,5,6,7,8,9,10,11,12,13,14,15,16,17
12387,1,2,3,4,5,6,7,8,9,10,11,12,13,14,15,16,17
12388,1,2,3,4,5,6,7,8,9,10,11,12,13,14,15,16,17
12389,1,2,3,4,5,6,7,8,9,10,11,12,13,14,15,16,17
12390,1,2,3,4,5,6,7,8,9,10,11,12,13,14,15,16,17
12391,1,2,3,4,5,6,7,8,9,10,11,12,13,14,15,16,17
12392,1,2,3,4,5,6,7,8,9,10,11,12,13,14,15,16,17
12393,1,2,3,4,5,6,7,8,9,10,11,12,13,14,15,16,17
12394,1,2,3,4,5,6,7,8,9,10,11,12,13,14,15,16,17
12395,1,2,3,4,5,6,7,8,9,10,11,12,13,14,15,16,17
12396,1,2,3,4,5,6,7,8,9,10,11,12,13,14,15,16,17
12397,1,2,3,4,5,6,7,8,9,10,11,12,13,14,15,16,17
12398,1,2,3,4,5,6,7,8,9,10,11,12,13,14,15,16,17
12399,1,2,3,4,5,6,7,8,9,10,11,12,13,14,15,16,17
12400,1,2,3,4,5,6,7,8,9,10,11,12,13,14,15,16,17
12401,1,2,3,4,5,6,7,8,9,10,11,12,13,14,15,16,17
12402,1,2,3,4,5,6,7,8,9,10,11,12,13,14,15,16,17
12403,1,2,3,4,5,6,7,8,9,10,11,12,13,14,15,16,17
12404,1,2,3,4,5,6,7,8,9,10,11,12,13,14,15,16,17
12405,1,2,3,4,5,6,7,8,9,10,11,12,13,14,15,16,17
12406,1,2,3,4,5,6,7,8,9,10,11,12,13,14,15,16,17
12407,1,2,3,4,5,6,7,8,9,10,11,12,13,14,15,16,17
12408,1,2,3,4,5,6,7,8,9,10,11,12,13,14,15,16,17
12409,1,2,3,4,5,6,7,8,9,10,11,12,13,14,15,16,17
12410,1,2,3,4,5,6,7,8,9,10,11,12,13,14,15,16,17
12411,1,2,3,4,5,6,7,8,9,10,11,12,13,14,15,16,17
12412,1,2,3,4,5,6,7,8,9,10,11,12,13,14,15,16,17
12413,1,2,3,4,5,6,7,8,9,10,11,12,13,14,15,16,17
12414,1,2,3,4,5,6,7,8,9,10,11,12,13,14,15,16,17
12415,1,2,3,4,5,6,7,8,9,10,11,12,13,14,15,16,17
12416,1,2,3,4,5,6,7,8,9,10,11,12,13,14,15,16,17
12417,1,2,3,4,5,6,7,8,9,10,11,12,13,14,15,16,17
12418,1,2,3,4,5,6,7,8,9,10,11,12,13,14,15,16,17
12419,1,2,3,4,5,6,7,8,9,10,11,12,13,14,15,16,17
12420,1,2,3,4,5,6,7,8,9,10,11,12,13,14,15,16,17
12421,1,2,3,4,5,6,7,8,9,10,11,12,13,14,15,16,17
12422,1,2,3,4,5,6,7,8,9,10,11,12,13,14,15,16,17
12423,1,2,3,4,5,6,7,8,9,10,11,12,13,14,15,16,17
12424,1,2,3,4,5,6,7,8,9,10,11,12,13,14,15,16,17
12425,1,2,3,4,5,6,7,8,9,10,11,12,13,14,15,16,17
12426,1,2,3,4,5,6,7,8,9,10,11,12,13,14,15,16,17
12427,1,2,3,4,5,6,7,8,9,10,11,12,13,14,15,16,17
12428,1,2,3,4,5,6,7,8,9,10,11,12,13,14,15,16,17
12429,1,2,3,4,5,6,7,8,9,10,11,12,13,14,15,16,17
12430,1,2,3,4,5,6,7,8,9,10,11,12,13,14,15,16,17
12431,1,2,3,4,5,6,7,8,9,10,11,12,13,14,15,16,17
12432,1,2,3,4,5,6,7,8,9,10,11,12,13,14,15,16,17
12433,1,2,3,4,5,6,7,8,9,10,11,12,13,14,15,16,17
12434,1,2,3,4,5,6,7,8,9,10,11,12,13,14,15,16,17
12435,1,2,3,4,5,6,7,8,9,10,11,12,13,14,15,16,17
12436,1,2,3,4,5,6,7,8,9,10,11,12,13,14,15,16,17
12437,1,2,3,4,5,6,7,8,9,10,11,12,13,14,15,16,17
12438,1,2,3,4,5,6,7,8,9,10,11,12,13,14,15,16,17
12439,1,2,3,4,5,6,7,8,9,10,11,12,13,14,15,16,17
12440,1,2,3,4,5,6,7,8,9,10,11,12,13,14,15,16,17
12441,1,2,3,4,5,6,7,8,9,10,11,12,13,14,15,16,17
12442,1,2,3,4,5,6,7,8,9,10,11,12,13,14,15,16,17
12443,1,2,3,4,5,6,7,8,9,10,11,12,13,14,15,16,17
12444,1,2,3,4,5,6,7,8,9,10,11,12,13,14,15,16,17
12445,1,2,3,4,5,6,7,8,9,10,11,12,13,14,15,16,17
12446,1,2,3,4,5,6,7,8,9,10,11,12,13,14,15,16,17
12447,1,2,3,4,5,6,7,8,9,10,11,12,13,14,15,16,17
12448,1,2,3,4,5,6,7,8,9,10,11,12,13,14,15,16,17
12449,1,2,3,4,5,6,7,8,9,10,11,12,13,14,15,16,17
12450,1,2,3,4,5,6,7,8,9,10,11,12,13,14,15,16,17
12451,1,2,3,4,5,6,7,8,9,10,11,12,13,14,15,16,17
12452,1,2,3,4,5,6,7,8,9,10,11,12,13,14,15,16,17
12453,1,2,3,4,5,6,7,8,9,10,11,12,13,14,15,16,17
12454,1,2,3,4,5,6,7,8,9,10,11,12,13,14,15,16,17
12455,1,2,3,4,5,6,7,8,9,10,11,12,13,14,15,16,17
12456,1,2,3,4,5,6,7,8,9,10,11,12,13,14,15,16,17
12457,1,2,3,4,5,6,7,8,9,10,11,12,13,14,15,16,17
12458,1,2,3,4,5,6,7,8,9,10,11,12,13,14,15,16,17
12459,1,2,3,4,5,6,7,8,9,10,11,12,13,14,15,16,17
12460,1,2,3,4,5,6,7,8,9,10,11,12,13,14,15,16,17
12461,1,2,3,4,5,6,7,8,9,10,11,12,13,14,15,16,17
12462,1,2,3,4,5,6,7,8,9,10,11,12,13,14,15,16,17
12463,1,2,3,4,5,6,7,8,9,10,11,12,13,14,15,16,17
12464,1,2,3,4,5,6,7,8,9,10,11,12,13,14,15,16,17
12465,1,2,3,4,5,6,7,8,9,10,11,12,13,14,15,16,17
12466,1,2,3,4,5,6,7,8,9,10,11,12,13,14,15,16,17
12467,1,2,3,4,5,6,7,8,9,10,11,12,13,14,15,16,17
12468,1,2,3,4,5,6,7,8,9,10,11,12,13,14,15,16,17
12469,1,2,3,4,5,6,7,8,9,10,11,12,13,14,15,16,17
12470,1,2,3,4,5,6,7,8,9,10,11,12,13,14,15,16,17
12471,1,2,3,4,5,6,7,8,9,10,11,12,13,14,15,16,17
12472,1,2,3,4,5,6,7,8,9,10,11,12,13,14,15,16,17
12473,1,2,3,4,5,6,7,8,9,10,11,12,13,14,15,16,17
12474,1,2,3,4,5,6,7,8,9,10,11,12,13,14,15,16,17
12475,1,2,3,4,5,6,7,8,9,10,11,12,13,14,15,16,17
12476,1,2,3,4,5,6,7,8,9,10,11,12,13,14,15,16,17
12477,1,2,3,4,5,6,7,8,9,10,11,12,13,14,15,16,17
12478,1,2,3,4,5,6,7,8,9,10,11,12,13,14,15,16,17
12479,1,2,3,4,5,6,7,8,9,10,11,12,13,14,15,16,17
12480,1,2,3,4,5,6,7,8,9,10,11,12,13,14,15,16,17
12481,1,2,3,4,5,6,7,8,9,10,11,12,13,14,15,16,17
12482,1,2,3,4,5,6,7,8,9,10,11,12,13,14,15,16,17
12483,1,2,3,4,5,6,7,8,9,10,11,12,13,14,15,16,17
12484,1,2,3,4,5,6,7,8,9,10,11,12,13,14,15,16,17
12485,1,2,3,4,5,6,7,8,9,10,11,12,13,14,15,16,17
12486,1,2,3,4,5,6,7,8,9,10,11,12,13,14,15,16,17
12487,1,2,3,4,5,6,7,8,9,10,11,12,13,14,15,16,17
12488,1,2,3,4,5,6,7,8,9,10,11,12,13,14,15,16,17
12489,1,2,3,4,5,6,7,8,9,10,11,12,13,14,15,16,17
12490,1,2,3,4,5,6,7,8,9,10,11,12,13,14,15,16,17
12491,1,2,3,4,5,6,7,8,9,10,11,12,13,14,15,16,17
12492,1,2,3,4,5,6,7,8,9,10,11,12,13,14,15,16,17
12493,1,2,3,4,5,6,7,8,9,10,11,12,13,14,15,16,17
12494,1,2,3,4,5,6,7,8,9,10,11,12,13,14,15,16,17
12495,1,2,3,4,5,6,7,8,9,10,11,12,13,14,15,16,17
12496,1,2,3,4,5,6,7,8,9,10,11,12,13,14,15,16,17
12497,1,2,3,4,5,6,7,8,9,10,11,12,13,14,15,16,17
12498,1,2,3,4,5,6,7,8,9,10,11,12,13,14,15,16,17
12499,1,2,3,4,5,6,7,8,9,10,11,12,13,14,15,16,17
12500,1,2,3,4,5,6,7,8,9,10,11,12,13,14,15,16,17
12501,1,2,3,4,5,6,7,8,9,10,11,12,13,14,15,16,17
12502,1,2,3,4,5,6,7,8,9,10,11,12,13,14,15,16,17
12503,1,2,3,4,5,6,7,8,9,10,11,12,13,14,15,16,17
12504,1,2,3,4,5,6,7,8,9,10,11,12,13,14,15,16,17
12505,1,2,3,4,5,6,7,8,9,10,11,12,13,14,15,16,17
12506,1,2,3,4,5,6,7,8,9,10,11,12,13,14,15,16,17
12507,1,2,3,4,5,6,7,8,9,10,11,12,13,14,15,16,17
12508,1,2,3,4,5,6,7,8,9,10,11,12,13,14,15,16,17
12509,1,2,3,4,5,6,7,8,9,10,11,12,13,14,15,16,17
12510,1,2,3,4,5,6,7,8,9,10,11,12,13,14,15,16,17
12511,1,2,3,4,5,6,7,8,9,10,11,12,13,14,15,16,17
12512,1,2,3,4,5,6,7,8,9,10,11,12,13,14,15,16,17
12513,1,2,3,4,5,6,7,8,9,10,11,12,13,14,15,16,17
12514,1,2,3,4,5,6,7,8,9,10,11,12,13,14,15,16,17
12515,1,2,3,4,5,6,7,8,9,10,11,12,13,14,15,16,17
12516,1,2,3,4,5,6,7,8,9,10,11,12,13,14,15,16,17
12517,1,2,3,4,5,6,7,8,9,10,11,12,13,14,15,16,17
12518,1,2,3,4,5,6,7,8,9,10,11,12,13,14,15,16,17
12519,1,2,3,4,5,6,7,8,9,10,11,12,13,14,15,16,17
12520,1,3,3,4,5,6,7,8,3,4,11,6,6,7,15,8,8
12521,3,2,3,4,5,6,7,8,3,4,11,6,6,7,8,8,17
12522,1,2,3,4,5,6,7,8,9,10,11,12,13,14,15,16,17
12523,1,2,3,4,5,6,7,8,9,10,11,12,13,14,15,16,17
12524,1,2,3,4,5,6,7,8,9,10,11,12,13,14,15,16,17
12525,1,2,3,4,5,6,7,8,9,10,11,12,13,14,15,16,17
12526,1,2,3,4,5,6,7,8,9,10,11,12,13,14,15,16,17
12527,1,2,3,4,5,6,7,8,9,10,11,12,13,14,15,16,17
12528,1,2,3,4,5,6,7,8,9,10,11,12,13,14,15,16,17
12529,1,2,3,4,5,6,7,8,9,10,11,12,13,14,15,16,17
12530,1,2,3,4,5,6,7,8,9,10,11,12,13,14,15,16,17
12531,1,2,3,4,5,6,7,8,9,10,11,12,13,14,15,16,17
12532,1,2,3,4,5,6,7,8,9,10,11,12,13,14,15,16,17
12533,1,2,3,4,5,6,7,8,9,10,11,12,13,14,15,16,17
12534,1,2,3,4,5,6,7,8,9,10,11,12,13,14,15,16,17
12535,1,2,3,4,5,6,7,8,9,10,11,12,13,14,15,16,17
12536,1,2,3,4,5,6,7,8,9,10,11,12,13,14,15,16,17
12537,1,2,3,4,5,6,7,8,9,10,11,12,13,14,15,16,17
12538,1,2,3,4,5,6,7,8,9,10,11,12,13,14,15,16,17
12539,1,2,3,4,5,6,7,8,9,10,11,12,13,14,15,16,17
12540,1,2,3,4,5,6,7,8,9,10,11,12,13,14,15,16,17
12541,1,2,3,4,5,6,7,8,9,10,11,12,13,14,15,16,17
12542,1,2,3,4,5,6,7,8,9,10,11,12,13,14,15,16,17
12543,1,2,3,4,5,6,7,8,9,10,11,12,13,14,15,16,17
12544,1,2,3,4,5,6,7,8,9,10,11,12,13,14,15,16,17
12545,1,2,3,4,5,6,7,8,9,10,11,12,13,14,15,16,17
12546,1,2,3,4,5,6,7,8,9,10,11,12,13,14,15,16,17
12547,1,2,3,4,5,6,7,8,9,10,11,12,13,14,15,16,17
12548,1,2,3,4,5,6,7,8,9,10,11,12,13,14,15,16,17
12549,1,2,3,4,5,6,7,8,9,10,11,12,13,14,15,16,17
12550,1,2,3,4,5,6,7,8,9,10,11,12,13,14,15,16,17
12551,1,2,3,4,5,6,7,8,9,10,11,12,13,14,15,16,17
12552,1,2,3,4,5,6,7,8,9,10,11,12,13,14,15,16,17
12553,1,2,3,4,5,6,7,8,9,10,11,12,13,14,15,16,17
12554,1,2,3,4,5,6,7,8,9,10,11,12,13,14,15,16,17
12555,1,2,3,4,5,6,7,8,9,10,11,12,13,14,15,16,17
12556,1,2,3,4,5,6,7,8,9,10,11,12,13,14,15,16,17
12557,1,2,3,4,5,6,7,8,9,10,11,12,13,14,15,16,17
12558,1,2,3,4,5,6,7,8,9,10,11,12,13,14,15,16,17
12559,1,2,3,4,5,6,7,8,9,10,11,12,13,14,15,16,17
12560,1,2,3,4,5,6,7,8,9,10,11,12,13,14,15,16,17
12561,1,2,3,4,5,6,7,8,9,10,11,12,13,14,15,16,17
12562,1,2,3,4,5,6,7,8,9,10,11,12,13,14,15,16,17
12563,1,2,3,4,5,6,7,8,9,10,11,12,13,14,15,16,17
12564,1,2,3,4,5,6,7,8,9,10,11,12,13,14,15,16,17
12565,1,2,3,4,5,6,7,8,9,10,11,12,13,14,15,16,17
12566,1,2,3,4,5,6,7,8,9,10,11,12,13,14,15,16,17
12567,1,2,3,4,5,6,7,8,9,10,11,12,13,14,15,16,17
12568,1,2,3,4,5,6,7,8,9,10,11,12,13,14,15,16,17
12569,1,2,3,4,5,6,7,8,9,10,11,12,13,14,15,16,17
12570,1,2,3,4,5,6,7,8,9,10,11,12,13,14,15,16,17
12571,1,2,3,4,5,6,7,8,9,10,11,12,13,14,15,16,17
12572,1,2,3,4,5,6,7,8,9,10,11,12,13,14,15,16,17
12573,1,2,3,4,5,6,7,8,9,10,11,12,13,14,15,16,17
12574,1,2,3,4,5,6,7,8,9,10,11,12,13,14,15,16,17
12575,1,2,3,4,5,6,7,8,9,10,11,12,13,14,15,16,17
12576,1,2,3,4,5,6,7,8,9,10,11,12,13,14,15,16,17
12577,1,2,3,4,5,6,7,8,9,10,11,12,13,14,15,16,17
12578,1,2,3,4,5,6,7,8,9,10,11,12,13,14,15,16,17
12579,1,2,3,4,5,6,7,8,9,10,11,12,13,14,15,16,17
12580,1,2,3,4,5,6,7,8,9,10,11,12,13,14,15,16,17
12581,1,2,3,4,5,6,7,8,9,10,11,12,13,14,15,16,17
12582,1,2,3,4,5,6,7,8,9,10,11,12,13,14,15,16,17
12583,1,2,3,4,5,6,7,8,9,10,11,12,13,14,15,16,17
12584,1,2,3,4,5,6,7,8,9,10,11,12,13,14,15,16,17
12585,1,2,3,4,5,6,7,8,9,10,11,12,13,14,15,16,17
12586,1,2,3,4,5,6,7,8,9,10,11,12,13,14,15,16,17
12587,1,2,3,4,5,6,7,8,9,10,11,12,13,14,15,16,17
12588,1,2,3,4,5,6,7,8,9,10,11,12,13,14,15,16,17
12589,1,2,3,4,5,6,7,8,9,10,11,12,13,14,15,16,17
12590,1,2,3,4,5,6,7,8,9,10,11,12,13,14,15,16,17
12591,1,2,3,4,5,6,7,8,9,10,11,12,13,14,15,16,17
12592,1,2,3,4,5,6,7,8,9,10,11,12,13,14,15,16,17
12593,1,2,3,4,5,6,7,8,9,10,11,12,13,14,15,16,17
12594,1,2,3,4,5,6,7,8,9,10,11,12,13,14,15,16,17
12595,1,2,3,4,5,6,7,8,9,10,11,12,13,14,15,16,17
12596,1,2,3,4,5,6,7,8,9,10,11,12,13,14,15,16,17
12597,1,2,3,4,5,6,7,8,9,10,11,12,13,14,15,16,17
12598,1,2,3,4,5,6,7,8,9,10,11,12,13,14,15,16,17
12599,1,2,3,4,5,6,7,8,9,10,11,12,13,14,15,16,17
12600,1,2,2,4,2,6,2,8,9,2,11,12,13,4,15,16,6
12601,1,2,3,4,5,6,7,8,9,10,11,12,13,14,15,16,17
12602,1,2,3,4,5,6,7,8,9,10,11,12,13,14,15,16,17
12603,1,2,3,4,5,6,7,8,9,10,11,12,13,14,15,16,17
12604,1,2,3,4,5,6,7,8,9,10,11,12,13,14,15,16,17
12605,1,2,3,4,5,6,7,8,9,10,11,12,13,14,15,16,17
12606,1,2,3,4,5,6,7,8,9,10,11,12,13,14,15,16,17
12607,1,2,3,4,5,6,7,8,9,10,11,12,13,14,15,16,17
12608,1,2,3,4,5,6,7,8,9,10,11,12,13,14,15,16,17
12609,1,2,3,4,5,6,7,8,9,10,11,12,13,14,15,16,17
12610,1,2,3,4,5,6,7,8,9,10,11,12,13,14,15,16,17
12611,1,2,3,4,5,6,7,8,9,10,11,12,13,14,15,16,17
12612,1,2,3,4,5,6,7,8,9,10,11,12,13,14,15,16,17
12613,1,2,3,4,5,6,7,8,9,10,11,12,13,14,15,16,17
12614,1,2,3,4,5,6,7,8,9,10,11,12,13,14,15,16,17
12615,1,2,3,4,5,6,7,8,9,10,11,12,13,14,15,16,17
12616,1,2,3,4,5,6,7,8,9,10,11,12,13,14,15,16,17
12617,1,2,3,4,5,6,7,8,9,10,11,12,13,14,15,16,17
12618,1,2,3,4,5,6,7,8,9,10,11,12,13,14,15,16,17
12619,1,2,3,4,5,6,7,8,9,10,11,12,13,14,15,16,17
12620,1,2,3,4,5,6,7,8,9,10,11,12,13,14,15,16,17
12621,1,2,3,4,5,6,7,8,9,10,11,12,13,14,15,16,17
12622,1,2,3,4,5,6,7,8,9,10,11,12,13,14,15,16,17
12623,1,2,3,4,5,6,7,8,9,10,11,12,13,14,15,16,17
12624,1,2,3,4,5,6,7,8,9,10,11,12,13,14,15,16,17
12625,1,2,3,4,5,6,7,8,9,10,11,12,13,14,15,16,17
12626,1,2,3,4,5,6,7,8,9,10,11,12,13,14,15,16,17
12627,1,2,3,4,5,6,7,8,9,10,11,12,13,14,15,16,17
12628,1,2,3,4,5,6,7,8,9,10,11,12,13,14,15,16,17
12629,1,2,3,4,5,6,7,8,9,10,11,12,13,14,15,16,17
12630,1,2,3,4,5,6,7,8,9,10,11,12,13,14,15,16,17
12631,1,2,3,4,5,6,7,8,9,10,11,12,13,14,15,16,17
12632,1,2,3,4,5,6,7,8,9,10,11,12,13,14,15,16,17
12633,1,2,3,4,5,6,7,8,9,10,11,12,13,14,15,16,17
12634,1,2,3,4,5,6,7,8,9,10,11,12,13,14,15,16,17
12635,1,2,3,4,5,6,7,8,9,10,11,12,13,14,15,16,17
12636,1,2,3,4,5,6,7,8,9,10,11,12,13,14,15,16,17
12637,1,2,3,4,5,6,7,8,9,10,11,12,13,14,15,16,17
12638,1,2,3,4,5,6,7,8,9,10,11,12,13,14,15,16,17
12639,1,2,3,4,5,6,7,8,9,10,11,12,13,14,15,16,17
12640,1,2,3,4,5,6,7,8,9,10,11,12,13,14,15,16,17
12641,1,2,3,4,5,6,7,8,9,10,11,12,13,14,15,16,17
12642,1,2,3,4,5,6,7,8,9,10,11,12,13,14,15,16,17
12643,1,2,3,4,5,6,7,8,9,10,11,12,13,14,15,16,17
12644,1,2,3,4,5,6,7,8,9,10,11,12,13,14,15,16,17
12645,1,2,3,4,5,6,7,8,9,10,11,12,13,14,15,16,17
12646,1,2,3,4,5,6,7,8,9,10,11,12,13,14,15,16,17
12647,1,2,3,4,5,6,7,8,9,10,11,12,13,14,15,16,17
12648,1,2,3,4,5,6,7,8,9,10,11,12,13,14,15,16,17
12649,1,2,3,4,5,6,7,8,9,10,11,12,13,14,15,16,17
12650,1,2,3,4,5,6,7,8,9,10,11,12,13,14,15,16,17
12651,1,2,3,4,5,6,7,8,9,10,11,12,13,14,15,16,17
12652,1,2,3,4,5,6,7,8,9,10,11,12,13,14,15,16,17
12653,1,2,3,4,5,6,7,8,9,10,11,12,13,14,15,16,17
12654,1,2,3,4,5,6,7,8,9,10,11,12,13,14,15,16,17
12655,1,2,3,4,5,6,7,8,9,10,11,12,13,14,15,16,17
12656,1,2,3,4,5,6,7,8,9,10,11,12,13,14,15,16,17
12657,1,2,3,4,5,6,7,8,9,10,11,12,13,14,15,16,17
12658,1,2,3,4,5,6,7,8,9,10,11,12,13,14,15,16,17
12659,1,2,3,4,5,6,7,8,9,10,11,12,13,14,15,16,17
12660,1,2,3,4,5,6,7,8,9,10,11,12,13,14,15,16,17
12661,3,2,3,4,5,6,7,3,9,4,11,4,13,6,15,6,17
12662,3,2,3,4,5,6,7,8,3,4,11,6,6,7,15,8,8
12663,1,3,3,4,3,6,7,8,4,10,4,6,13,6,8,16,8
12664,2,2,3,4,5,6,7,8,9,3,4,12,4,6,6,16,8
12665,3,2,3,4,5,6,6,8,9,6,11,12,6,14,15,6,17
12666,1,2,3,4,5,6,7,8,9,10,11,12,13,14,15,16,17
12667,1,2,3,4,5,6,7,8,9,10,11,12,13,14,15,16,17
12668,1,2,3,4,5,6,7,8,9,10,11,12,13,14,15,16,17
12669,1,2,3,4,6,6,7,8,9,10,11,12,13,14,15,16,17
12670,1,2,3,4,5,6,7,8,9,10,11,12,13,14,15,16,17
12671,1,2,3,4,5,6,7,8,9,10,11,12,13,14,15,16,17
12672,1,2,3,4,5,6,7,8,9,10,11,12,13,14,15,16,17
12673,1,2,3,4,5,6,7,8,9,10,11,12,13,14,15,16,17
12674,1,2,3,4,5,6,7,8,9,10,11,12,13,14,15,16,17
12675,1,2,3,4,5,6,7,8,9,10,11,12,13,14,15,16,17
12676,1,2,3,4,5,6,7,8,9,10,11,12,13,14,15,16,17
12677,1,2,3,4,5,6,7,8,9,10,11,12,13,14,15,16,17
12678,1,2,3,4,5,6,7,8,9,10,11,12,13,14,15,16,17
12679,1,2,3,4,5,6,7,8,9,10,11,12,13,14,15,16,17
12680,1,2,3,4,5,6,7,8,9,10,11,12,13,14,15,16,17
12681,1,2,3,4,5,6,7,8,9,10,11,12,13,14,15,16,17
12682,1,2,3,4,5,6,7,8,9,10,11,12,13,14,15,16,17
12683,1,2,3,4,5,6,7,8,9,10,11,12,13,14,15,16,17
12684,1,2,3,4,5,6,7,8,9,10,11,12,13,14,15,16,17
12685,1,2,3,4,5,6,7,8,9,10,11,12,13,14,15,16,17
12686,1,2,3,4,5,6,7,8,9,10,11,12,13,14,15,16,17
12687,1,2,3,4,5,6,7,8,9,10,11,12,13,14,15,16,17
12688,1,2,3,4,5,6,7,8,9,10,11,12,13,14,15,16,17
12689,1,2,3,4,5,6,7,8,9,10,11,12,13,14,15,16,17
12690,1,2,3,4,5,6,7,8,9,10,11,12,13,14,15,16,17
12691,1,2,3,4,5,6,7,8,9,10,11,12,13,14,15,16,17
12692,1,2,3,4,5,6,7,8,9,10,11,12,13,14,15,16,17
12693,1,2,3,4,5,6,7,8,9,10,11,12,13,14,15,16,17
12694,1,2,3,4,5,6,7,8,9,10,11,12,13,14,15,16,17
12695,1,2,3,4,5,6,7,8,9,10,11,12,13,14,15,16,17
12696,1,2,3,4,5,6,7,8,9,10,11,12,13,14,15,16,17
12697,1,2,3,4,5,6,7,8,9,10,11,12,13,14,15,16,17
12698,1,2,3,4,5,6,7,8,9,10,11,12,13,14,15,16,17
12699,1,2,3,4,5,6,7,8,9,10,11,12,13,14,15,16,17
12700,1,2,3,4,5,6,7,8,9,10,11,12,13,14,15,16,17
12701,1,2,3,4,5,6,7,8,9,10,11,12,13,14,15,16,17
12702,1,2,3,4,5,6,7,8,9,10,11,12,13,14,15,16,17
12703,1,2,3,4,5,6,7,8,9,10,11,12,13,14,15,16,17
12704,1,2,3,4,5,6,7,8,9,10,11,12,13,14,15,16,17
12705,1,2,3,4,5,6,7,8,9,10,11,12,13,14,15,16,17
12706,1,2,3,4,5,6,7,8,9,10,11,12,13,14,15,16,17
12707,1,2,3,4,5,6,7,8,9,10,11,12,13,14,15,16,17
12708,1,2,3,4,5,6,7,8,9,10,11,12,13,14,15,16,17
12709,1,2,3,4,5,6,7,8,9,10,11,12,13,14,15,16,17
12710,1,2,3,4,5,6,7,8,9,10,11,12,13,14,15,16,17
12711,1,2,3,4,5,6,7,8,9,10,11,12,13,14,15,16,17
12712,1,2,3,4,5,6,7,8,9,10,11,12,13,14,15,16,17
12713,1,2,3,4,5,6,7,8,9,10,11,12,13,14,15,16,17
12714,1,2,3,4,5,6,7,8,9,10,11,12,13,14,15,16,17
12715,1,2,3,4,5,6,7,8,9,10,11,12,13,14,15,16,17
12716,1,2,3,4,5,6,7,8,9,10,11,12,13,14,15,16,17
12717,1,2,3,4,5,6,7,8,9,10,11,12,13,14,15,16,17
12718,1,2,3,4,5,6,7,8,9,10,11,12,13,14,15,16,17
12719,1,2,3,4,5,6,7,8,9,10,11,12,13,14,15,16,17
12720,1,2,3,4,5,6,7,8,9,10,11,12,13,14,15,16,17
12721,1,2,3,4,5,6,7,8,9,10,11,12,13,14,15,16,17
12722,1,2,3,4,5,6,7,8,9,10,11,12,13,14,15,16,17
12723,1,2,3,4,5,6,7,8,9,10,11,12,13,14,15,16,17
12724,1,2,3,4,5,6,7,8,9,10,11,12,13,14,15,16,17
12725,1,2,3,4,5,6,7,8,9,10,11,12,13,14,15,16,17
12726,1,2,3,4,5,6,7,8,9,10,11,12,13,14,15,16,17
12727,1,2,3,4,5,6,7,8,9,10,11,12,13,14,15,16,17
12728,1,2,3,4,5,6,7,8,9,10,11,12,13,14,15,16,17
12729,1,2,3,4,5,6,7,8,9,10,11,12,13,14,15,16,17
12730,1,2,3,4,5,6,7,8,9,10,11,12,13,14,15,16,17
12731,1,2,3,4,5,6,7,8,9,10,11,12,13,14,15,16,17
12732,1,2,3,4,5,6,7,8,9,10,11,12,13,14,15,16,17
12733,1,2,3,4,5,6,7,8,9,10,11,12,13,14,15,16,17
12734,1,2,3,4,5,6,7,8,9,10,11,12,13,14,15,16,17
12735,1,2,3,4,5,6,7,8,9,10,11,12,13,14,15,16,17
12736,1,2,3,4,5,6,7,8,9,10,11,12,13,14,15,16,17
12737,1,2,3,4,5,6,7,8,9,10,11,12,13,14,15,16,17
12738,1,2,3,4,5,6,7,8,9,10,11,12,13,14,15,16,17
12739,1,2,3,4,5,6,7,8,9,10,11,12,13,14,15,16,17
12740,1,2,3,4,5,6,7,8,9,10,11,12,13,14,15,16,17
12741,1,2,3,12,5,6,7,12,9,10,11,12,12,14,15,16,12
12742,1,1,5,11,5,6,11,12,13,13,11,12,13,16,17,16,17
12743,1,2,3,4,5,6,7,8,9,10,11,12,13,14,15,16,17
12744,1,2,3,4,5,6,7,8,9,10,11,12,13,14,15,16,17
12745,1,2,3,4,5,6,7,8,9,10,11,12,13,14,15,16,17
12746,1,6,6,4,5,6,7,8,9,10,11,12,13,14,15,16,8
12747,2,2,6,6,5,6,7,6,9,6,11,12,13,9,15,16,17
12748,1,2,3,4,5,6,7,8,9,10,11,12,13,14,15,16,17
12749,6,2,6,4,5,6,7,8,9,6,11,12,7,14,7,16,17
12750,1,2,3,4,2,6,7,8,2,10,11,12,2,14,15,16,3
12751,1,2,3,4,5,3,7,8,3,10,11,12,3,14,15,3,17
12752,2,2,3,4,4,6,6,8,9,8,11,8,13,8,15,8,17
12753,1,2,3,2,5,6,2,8,2,10,11,3,13,3,15,16,3
12754,1,2,3,4,5,6,7,8,9,10,11,12,13,14,15,16,17
12755,1,2,3,4,5,6,7,8,9,10,11,12,13,14,15,16,17
12756,1,2,3,4,5,6,7,8,9,10,11,12,13,14,15,16,17
12757,1,2,3,4,5,6,7,8,9,10,11,12,13,14,15,16,17
12758,1,2,3,4,5,6,7,8,9,10,11,12,13,14,15,16,17
12759,1,2,3,4,5,6,7,8,9,10,11,12,13,14,15,16,17
12760,1,2,3,4,5,6,7,8,9,10,11,12,13,14,15,16,17
12761,1,2,3,4,5,6,7,8,9,10,11,12,13,14,15,16,17
12762,1,2,3,4,5,6,7,8,9,10,11,12,13,14,15,16,17
12763,1,2,3,4,5,6,7,8,9,10,11,12,13,14,15,16,17
12764,1,2,3,4,5,6,7,8,9,10,11,12,13,14,15,16,17
12765,1,2,3,4,5,6,7,8,9,10,11,12,13,14,15,16,17
12766,1,2,3,4,5,6,7,8,9,10,11,12,13,14,15,16,17
12767,1,2,3,4,5,6,7,8,9,10,11,12,13,14,15,16,17
12768,1,2,3,4,5,6,7,8,9,10,11,12,13,14,15,16,17
12769,1,2,3,4,5,6,7,8,9,10,11,12,13,14,15,16,17
12770,1,2,3,4,5,6,7,8,9,10,11,12,13,14,15,16,17
12771,1,2,3,4,5,6,7,8,9,10,11,12,13,14,15,16,17
12772,1,2,3,4,5,6,7,8,9,10,11,12,13,14,15,16,17
12773,1,2,3,4,5,6,7,8,9,10,11,12,13,14,15,16,17
12774,1,2,3,4,5,6,7,8,9,10,11,12,13,14,15,16,17
12775,1,2,3,4,5,6,7,8,9,10,11,12,13,14,15,16,17
12776,1,2,3,4,5,6,7,8,9,10,11,12,13,14,15,16,17
12777,1,2,3,4,5,6,7,8,9,10,11,12,13,14,15,16,17
12778,1,2,3,4,5,6,7,8,9,10,11,12,13,14,15,16,17
12779,1,2,3,4,5,6,7,8,9,10,11,12,13,14,15,16,17
12780,1,2,3,4,5,6,7,8,9,10,11,12,13,14,15,16,17
12781,1,2,3,4,5,6,7,8,9,10,11,12,13,14,15,16,17
12782,1,2,3,4,5,6,7,8,9,10,11,12,13,14,15,16,17
12783,1,2,3,4,5,6,7,8,9,10,11,12,13,14,15,16,17
12784,1,2,3,4,5,6,7,8,9,10,11,12,13,14,15,16,17
12785,1,2,3,4,5,6,7,8,9,10,11,12,13,14,15,16,17
12786,1,2,3,4,5,6,7,8,9,10,11,12,13,14,15,16,17
12787,1,2,3,4,5,6,7,8,9,10,11,12,13,14,15,16,17
12788,1,2,3,4,5,6,7,8,9,10,11,12,13,14,15,16,17
12789,1,2,3,4,5,6,7,8,9,10,11,12,13,14,15,16,17
12790,1,2,3,4,5,6,7,8,9,10,11,12,13,14,15,16,17
12791,1,2,3,4,5,6,7,8,9,10,11,12,13,14,15,16,17
12792,1,2,3,4,5,6,7,8,9,10,11,12,13,14,15,16,17
12793,1,2,3,4,5,6,7,8,9,10,11,12,13,14,15,16,17
12794,1,2,3,4,5,6,7,8,9,10,11,12,13,14,15,16,17
12795,1,2,3,4,5,6,7,8,9,10,11,12,13,14,15,16,17
12796,1,2,3,4,5,6,7,8,9,10,11,12,13,14,15,16,17
12797,1,2,3,4,5,6,7,8,9,10,11,12,13,14,15,16,17
12798,1,2,3,4,5,6,7,8,9,10,11,12,13,14,15,16,17
12799,1,2,3,4,5,6,7,8,9,10,11,12,13,14,15,16,17
12800,1,2,3,4,5,6,7,8,9,10,11,12,13,14,15,16,17
12801,1,2,3,4,5,6,7,8,9,10,11,12,13,14,15,16,17
12802,1,2,3,4,5,6,7,8,9,10,11,12,13,14,15,16,17
12803,3,2,3,4,5,6,7,8,4,10,4,12,6,8,15,8,17
12804,1,3,3,4,5,6,3,8,4,10,4,6,13,6,15,8,8
12805,1,3,3,4,5,6,7,8,3,10,4,4,13,6,15,8,8
12806,3,2,3,4,3,6,4,8,9,4,6,12,6,14,8,16,8
12807,2,2,2,4,5,2,7,5,9,5,11,7,13,7,15,7,17
12808,1,2,3,4,5,6,7,8,9,10,11,12,13,14,15,16,17
12809,1,2,3,4,5,6,7,8,9,10,11,12,13,14,15,16,17
12810,1,2,3,4,5,6,7,8,9,10,11,12,13,14,15,16,17
12811,1,2,3,4,5,6,7,8,9,10,11,12,13,14,15,16,17
12812,1,2,3,4,5,6,7,8,9,10,11,12,13,14,15,16,17
12813,1,2,3,4,5,6,7,8,9,10,11,12,13,14,15,16,17
12814,1,2,3,4,5,6,7,8,9,10,11,12,13,14,15,16,17
12815,1,2,3,4,5,6,7,8,9,10,11,12,13,14,15,16,17
12816,1,2,3,4,5,6,7,8,9,10,11,12,13,14,15,16,17
12817,1,2,3,4,5,6,7,8,9,10,11,12,13,14,15,16,17
12818,1,2,3,4,5,6,7,8,9,10,11,12,13,14,15,16,17
12819,1,2,3,4,5,6,7,8,9,10,11,12,13,14,15,16,17
12820,1,2,3,4,5,6,7,3,9,3,11,4,13,6,15,16,6
12821,2,2,3,4,3,6,7,3,9,4,11,4,13,6,15,6,17
12822,1,2,3,4,3,6,7,3,9,4,11,12,6,14,6,16,6
12823,1,2,3,4,5,6,7,8,9,3,11,12,13,14,15,16,3
12824,1,2,3,4,5,6,7,8,9,10,11,12,13,14,15,16,17
12825,1,2,3,4,5,6,7,8,9,10,11,12,13,14,15,16,17
12826,1,2,3,4,5,6,7,8,9,10,11,12,13,14,15,16,17
12827,1,2,3,4,5,6,7,8,9,10,11,12,13,14,15,16,17
12828,1,2,3,4,5,6,7,8,9,10,11,12,13,14,15,16,17
12829,1,2,3,4,5,6,7,8,9,10,11,12,13,14,15,16,17
12830,1,2,3,4,5,6,7,8,9,10,11,12,13,14,15,16,17
12831,1,2,3,4,5,6,7,8,9,10,11,12,13,14,15,16,17
12832,1,2,3,4,5,6,7,8,9,10,11,12,13,14,15,16,17
12833,1,2,3,4,5,6,7,8,9,10,11,12,13,14,15,16,17
12834,1,2,3,4,5,6,7,8,9,10,11,12,13,14,15,16,17
12835,1,2,3,4,5,6,7,8,9,10,11,12,13,14,15,16,17
12836,1,2,3,4,5,6,7,8,9,10,11,12,13,14,15,16,17
12837,1,2,3,4,5,6,7,8,9,10,11,12,13,14,15,16,17
12838,1,2,3,4,5,6,7,8,9,10,11,12,13,14,15,16,17
12839,1,2,3,4,5,6,7,8,9,10,11,12,13,14,15,16,17
12840,1,2,3,4,5,6,7,8,9,10,11,12,13,14,15,16,17
12841,1,2,3,4,5,6,7,8,9,10,11,12,13,14,15,16,17
12842,1,2,3,4,5,6,7,8,9,10,11,12,13,14,15,16,17
12843,1,2,3,4,5,6,7,8,9,10,11,12,13,14,15,16,17
12844,1,2,3,4,5,6,7,8,9,10,11,12,13,14,15,16,17
12845,1,2,3,4,5,6,7,8,9,10,11,12,13,14,15,16,17
12846,1,2,3,4,5,6,7,8,9,10,11,12,13,14,15,16,17
12847,1,2,3,4,5,6,7,8,9,10,11,12,13,14,15,16,17
12848,1,2,3,4,5,6,7,8,9,10,11,12,13,14,15,16,17
12849,1,2,3,4,5,6,7,8,9,10,11,12,13,14,15,16,17
12850,1,2,3,4,5,6,7,8,9,10,11,12,13,14,15,16,17
12851,1,2,3,4,5,6,7,8,9,10,11,12,13,14,15,16,17
12852,1,2,3,4,5,6,7,8,9,10,11,12,13,14,15,16,17
12853,1,2,3,4,5,6,7,8,9,10,11,12,13,14,15,16,17
12854,1,2,3,4,5,6,7,8,9,10,11,12,13,14,15,16,17
12855,1,2,3,4,5,6,7,8,9,10,11,12,13,14,15,16,17
12856,1,2,3,4,5,6,7,8,9,10,11,12,13,14,15,16,17
12857,1,2,3,4,5,6,7,8,9,10,11,12,13,14,15,16,17
12858,1,2,3,4,5,6,7,8,9,10,11,12,13,14,15,16,17
12859,1,2,3,4,5,6,7,8,9,10,11,12,13,14,15,16,17
12860,1,2,3,4,5,6,7,8,9,10,11,12,13,14,15,16,17
12861,1,2,3,4,5,6,7,8,9,10,11,12,13,14,15,16,17
12862,1,2,3,4,5,6,7,8,9,10,11,12,13,14,15,16,17
12863,1,2,3,4,5,6,7,8,9,10,11,12,13,14,15,16,17
12864,1,2,3,4,5,6,7,8,9,10,11,12,13,14,15,16,17
12865,1,2,3,4,5,6,7,8,9,10,11,12,13,14,15,16,17
12866,1,2,3,4,5,6,7,8,9,10,11,12,13,14,15,16,17
12867,1,2,3,4,5,6,7,8,9,10,11,12,13,14,15,16,17
12868,1,2,3,4,5,6,7,8,9,10,11,12,13,14,15,16,17
12869,1,2,3,4,5,6,7,8,9,10,11,12,13,14,15,16,17
12870,1,2,3,4,5,6,7,8,9,10,11,12,13,14,15,16,17
12871,1,2,3,4,5,6,7,8,9,10,11,12,13,14,15,16,17
12872,1,2,3,4,5,6,7,8,9,10,11,12,13,14,15,16,17
12873,1,2,3,4,5,6,7,8,9,10,11,12,13,14,15,16,17
12874,1,2,3,4,5,6,7,8,9,10,11,12,13,14,15,16,17
12875,1,2,3,4,5,6,7,8,9,10,11,12,13,14,15,16,17
12876,1,2,3,4,5,6,7,8,9,10,11,12,13,14,15,16,17
12877,1,2,3,4,5,6,7,8,9,10,11,12,13,14,15,16,17
12878,1,2,3,4,5,6,7,8,9,10,11,12,13,14,15,16,17
12879,11,2,3,11,5,6,11,8,9,12,11,12,13,12,15,12,17
12880,1,1,3,11,11,12,7,12,13,13,11,12,13,16,17,16,17
12881,1,2,3,4,5,6,7,8,9,10,11,12,13,14,15,16,17
12882,1,2,3,4,5,6,7,8,9,10,11,12,13,14,15,16,17
12883,1,2,3,4,5,6,7,8,9,10,11,12,13,14,15,16,17
12884,1,1,3,11,5,11,12,8,12,10,11,12,12,14,17,16,17
12885,1,1,11,12,5,13,15,16,17,10,11,12,13,14,15,16,17
12886,1,2,3,4,5,6,7,8,9,10,11,12,13,14,15,16,17
12887,1,2,3,4,5,6,7,8,9,10,11,12,13,14,15,16,17
12888,1,2,3,4,5,6,7,8,9,10,11,12,13,14,15,16,17
12889,1,2,3,4,5,6,7,8,9,10,11,12,13,14,15,16,17
12890,1,2,3,8,5,6,7,8,9,10,11,12,13,14,15,16,17
12891,1,5,6,11,5,6,7,8,9,10,11,12,13,14,15,16,17
12892,1,2,3,4,5,6,7,8,9,10,11,12,13,14,15,16,17
12893,1,2,3,4,5,6,7,8,9,10,11,12,13,14,15,16,17
12894,1,2,3,4,5,6,7,8,9,10,11,12,13,14,15,16,17
12895,2,2,3,4,2,6,7,2,9,10,2,12,13,3,15,16,17
12896,1,2,3,4,5,6,2,8,9,10,11,12,13,14,15,2,17
12897,1,2,3,4,5,6,7,8,9,10,11,12,13,14,15,16,17
12898,1,2,3,4,5,6,7,8,9,10,11,12,13,14,15,16,17
12899,1,2,3,4,5,6,7,8,9,10,11,12,13,14,15,16,17
12900,1,2,3,4,5,6,7,8,9,10,11,12,13,14,15,16,17
12901,1,2,3,4,5,6,7,8,9,10,11,12,13,14,15,16,17
12902,1,2,3,4,5,6,7,8,9,10,11,12,13,14,15,16,17
12903,1,2,3,4,5,6,7,8,9,10,11,12,13,14,15,16,17
12904,1,2,3,4,5,6,7,8,9,10,11,12,13,14,15,16,17
12905,1,2,3,4,5,6,7,8,9,10,11,12,13,14,15,16,17
12906,1,2,3,4,5,6,7,8,9,10,11,12,13,14,15,16,17
12907,1,2,3,4,5,6,7,8,9,10,11,12,13,14,15,16,17
12908,1,2,3,4,5,6,7,8,9,10,11,12,13,14,15,16,17
12909,1,2,3,4,5,6,7,8,9,10,11,12,13,14,15,16,17
12910,1,2,3,4,5,6,7,8,9,10,11,12,13,14,15,16,17
12911,1,2,3,4,5,6,7,8,9,10,11,12,13,14,15,16,17
12912,1,2,3,4,5,6,7,8,9,10,11,12,13,14,15,16,17
12913,1,2,3,4,5,6,7,8,9,10,11,12,13,14,15,16,17
12914,1,2,3,4,5,6,7,8,9,10,11,12,13,14,15,16,17
12915,1,2,3,4,5,6,7,8,9,10,11,12,13,14,15,16,17
12916,1,2,3,4,5,6,7,8,9,10,11,12,13,14,15,16,17
12917,1,2,3,4,5,6,7,8,9,10,11,12,13,14,15,16,17
12918,1,2,3,4,5,6,7,8,9,10,11,12,13,14,15,16,17
12919,1,2,3,4,5,6,7,8,9,10,11,12,13,14,15,16,17
12920,1,2,3,4,5,6,7,8,9,10,11,12,13,14,15,16,17
12921,1,2,3,4,5,6,7,8,9,10,11,12,13,14,15,16,17
12922,1,2,3,4,5,6,7,8,9,10,11,12,13,14,15,16,17
12923,1,2,3,4,5,6,7,8,9,10,11,12,13,14,15,16,17
12924,1,2,3,4,5,6,7,8,9,10,11,12,13,14,15,16,17
12925,1,2,3,4,5,6,7,8,9,10,11,12,13,14,15,16,17
12926,1,2,3,4,5,6,7,8,9,10,11,12,13,14,15,16,17
12927,1,2,3,4,5,6,7,8,9,10,11,12,13,14,15,16,17
12928,1,2,3,4,5,6,7,8,9,10,11,12,13,14,15,16,17
12929,1,2,3,4,5,6,7,8,9,10,11,12,13,14,15,16,17
12930,1,2,3,4,5,6,7,8,9,10,11,12,13,14,15,16,17
12931,1,2,3,4,5,6,7,8,9,10,11,12,13,14,15,16,17
12932,1,2,3,4,5,6,7,8,9,10,11,12,13,14,15,16,17
12933,1,2,3,4,5,6,7,8,9,10,11,12,13,14,15,16,17
12934,1,2,3,4,5,6,7,8,9,10,11,12,13,14,15,16,17
12935,1,2,3,4,5,6,7,8,9,10,11,12,13,14,15,16,17
12936,1,2,3,4,5,6,7,8,9,10,11,12,13,14,15,16,17
12937,1,2,3,4,5,6,7,8,9,10,11,12,13,14,15,16,17
12938,1,2,3,4,5,6,7,8,9,10,11,12,13,14,15,16,17
12939,1,2,3,4,5,6,7,8,9,10,11,12,13,14,15,16,17
12940,1,2,3,4,5,6,7,8,9,10,11,12,13,14,15,16,17
12941,1,2,3,4,5,6,7,8,9,10,11,12,13,14,15,16,17
12942,1,2,3,4,5,6,7,8,9,10,11,12,13,14,15,16,17
12943,1,2,3,4,5,6,7,8,9,10,11,12,13,14,15,16,17
12944,1,2,3,4,5,6,7,8,9,10,11,12,13,14,15,16,17
12945,1,2,3,4,5,6,7,8,9,10,11,12,13,14,15,16,17
12946,1,2,3,3,5,7,7,8,9,10,11,12,13,14,15,16,17
12947,3,2,3,4,5,6,7,8,9,3,11,4,6,14,8,16,8
12948,3,2,3,4,3,6,4,8,9,4,6,12,6,14,8,8,17
12949,3,2,3,4,5,6,7,8,3,4,4,12,6,7,8,16,8
12950,1,2,3,4,5,6,7,8,9,10,11,12,13,14,15,16,17
12951,1,2,3,4,5,6,7,8,9,10,11,12,13,14,15,16,17
12952,1,2,3,4,5,6,7,8,9,10,11,12,13,14,15,16,17
12953,1,2,3,4,5,6,7,8,9,10,11,12,13,14,15,16,17
12954,1,2,3,4,5,6,7,8,9,10,11,12,13,14,15,16,17
12955,1,2,3,4,5,6,7,8,9,10,11,12,13,14,15,16,17
12956,1,2,3,4,5,6,7,8,9,10,11,12,13,14,15,16,17
12957,1,2,3,4,5,6,7,8,9,10,11,12,13,14,15,16,17
12958,1,2,3,4,5,6,7,8,9,10,11,12,13,14,15,16,17
12959,1,2,3,4,5,6,7,8,9,10,11,12,13,14,15,16,17
12960,1,2,3,4,5,6,7,8,9,10,11,12,13,14,15,16,17
12961,1,2,3,4,5,6,7,8,9,10,11,12,13,14,15,16,17
12962,1,2,3,4,5,6,7,8,9,10,11,12,13,14,15,16,17
12963,3,3,3,4,5,6,7,8,9,10,4,5,6,7,8,8,9
12964,3,2,3,4,5,6,7,8,4,4,11,6,6,14,8,8,17
12965,1,2,3,4,5,6,7,8,3,4,11,4,6,14,6,8,8
12966,6,2,3,4,5,6,7,6,9,10,11,6,13,14,6,16,17
12967,1,2,3,4,5,6,7,8,9,10,11,12,13,14,15,16,17
12968,1,2,3,4,5,6,7,8,9,10,11,12,13,14,15,16,17
12969,1,2,3,4,5,6,7,8,9,10,11,12,13,14,15,16,17
12970,1,2,3,4,5,6,7,8,9,10,11,12,13,14,15,16,17
12971,1,2,3,4,5,6,7,8,9,10,11,12,13,14,15,16,17
12972,1,2,3,4,5,6,7,8,9,10,11,12,13,14,15,16,17
12973,1,2,3,4,5,6,7,8,9,10,11,12,13,14,15,16,17
12974,1,2,3,4,5,6,7,8,9,10,11,12,13,14,15,16,17
12975,1,2,3,4,5,6,7,8,9,10,11,12,13,14,15,16,17
12976,1,2,3,4,5,6,7,8,9,10,11,12,13,14,15,16,17
12977,1,2,3,4,5,6,7,8,9,10,11,12,13,14,15,16,17
12978,1,2,3,4,5,6,7,8,9,10,11,12,13,14,15,16,17
12979,1,2,3,4,5,6,7,8,9,10,11,12,13,14,15,16,17
12980,1,2,3,4,5,6,7,8,9,10,11,12,13,14,15,16,17
12981,1,2,3,4,5,6,7,8,9,10,11,12,13,14,15,16,17
12982,1,2,3,4,5,6,7,8,9,10,11,12,13,14,15,16,17
12983,1,2,3,4,5,6,7,8,9,10,11,12,13,14,15,16,17
12984,1,2,3,4,5,6,7,8,9,10,11,12,13,14,15,16,17
12985,1,2,3,4,5,6,7,8,9,10,11,12,13,14,15,16,17
12986,1,2,3,4,5,6,7,8,9,10,11,12,13,14,15,16,17
12987,1,2,3,4,5,6,7,8,9,10,11,12,13,14,15,16,17
12988,1,2,3,4,5,6,7,8,9,10,11,12,13,14,15,16,17
12989,1,2,3,4,5,6,7,8,9,10,11,12,13,14,15,16,17
12990,1,2,3,4,5,6,7,8,9,10,11,12,13,14,15,16,17
12991,1,2,3,4,5,6,7,8,9,10,11,12,13,14,15,16,17
12992,1,2,3,4,5,6,7,8,9,10,11,12,13,14,15,16,17
12993,1,2,3,4,5,6,7,8,9,10,11,12,13,14,15,16,17
12994,1,2,3,4,5,6,7,8,9,10,11,12,13,14,15,16,17
12995,1,2,3,4,5,6,7,8,9,10,11,12,13,14,15,16,17
12996,1,2,3,4,5,6,7,8,9,10,11,12,13,14,15,16,17
12997,1,2,3,4,5,6,7,8,9,10,11,12,13,14,15,16,17
12998,1,2,3,4,5,6,7,8,9,10,11,12,13,14,15,16,17
12999,1,2,3,4,5,6,7,8,9,10,11,12,13,14,15,16,17
13000,1,2,3,4,5,6,7,8,9,10,11,12,13,14,15,16,17
13001,1,2,3,4,5,6,7,8,9,10,11,12,13,14,15,16,17
13002,1,2,3,4,5,6,7,8,9,10,11,12,13,14,15,16,17
13003,1,2,3,4,5,6,7,8,9,10,11,12,13,14,15,16,17
13004,1,2,3,4,5,6,7,8,9,10,11,12,13,14,15,16,17
13005,1,2,3,4,5,6,7,8,9,10,11,12,13,14,15,16,17
13006,1,2,3,4,5,6,7,8,9,10,11,12,13,14,15,16,17
13007,1,2,3,4,5,6,7,8,9,10,11,12,13,14,15,16,17
13008,1,2,3,4,5,6,7,8,9,10,11,12,13,14,15,16,17
13009,1,2,3,4,5,6,7,8,9,10,11,12,13,14,15,16,17
13010,1,2,3,4,5,6,7,8,9,10,11,12,13,14,15,16,17
13011,1,2,3,4,5,6,7,8,9,10,11,12,13,14,15,16,17
13012,1,2,3,4,5,6,7,8,9,10,11,12,13,14,15,16,17
13013,1,2,3,4,5,6,7,8,9,10,11,12,13,14,15,16,17
13014,1,2,3,4,5,6,7,8,9,10,11,12,13,14,15,16,17
13015,1,2,3,4,5,6,7,8,9,10,11,12,13,14,15,16,17
13016,1,2,3,4,5,6,7,8,9,10,11,12,13,14,15,16,17
13017,1,2,3,4,5,6,7,8,9,10,11,12,13,14,15,16,17
13018,1,2,3,4,5,6,7,8,9,10,11,12,13,14,15,16,17
13019,1,2,3,4,5,6,7,8,9,10,11,12,13,14,15,16,17
13020,1,2,3,4,5,6,7,8,9,10,11,12,13,14,15,16,17
13021,1,2,3,4,5,6,7,8,9,10,11,12,13,14,15,16,17
13022,1,2,5,4,5,5,7,8,5,10,11,12,13,14,15,13,13
13023,1,5,9,9,5,9,11,17,9,10,11,12,13,14,15,16,17
13024,1,1,5,9,5,9,10,14,9,10,11,12,13,14,15,16,17
13025,1,2,3,4,5,6,7,8,9,10,11,12,13,14,15,16,17
13026,1,2,3,4,5,6,7,8,9,10,11,12,13,14,15,16,17
13027,1,2,3,4,5,6,7,8,9,10,11,12,13,14,15,16,17
13028,1,7,16,4,5,6,7,8,9,10,11,12,13,14,15,16,17
13029,1,2,3,4,5,6,7,8,9,10,11,12,13,14,15,16,17
13030,1,2,3,4,5,6,7,8,9,10,11,12,13,14,15,16,17
13031,1,2,3,4,5,6,7,8,9,10,11,12,13,14,15,16,17
13032,1,2,3,4,5,6,7,8,9,10,11,12,13,14,15,16,17
13033,1,2,3,4,5,6,7,8,9,10,11,12,13,14,15,16,17
13034,1,2,3,4,5,6,7,8,9,10,11,12,13,14,15,16,17
13035,1,2,3,4,5,6,7,8,9,10,11,12,13,14,15,16,17
13036,1,2,3,4,5,6,7,8,9,10,11,12,13,14,15,16,17
13037,1,2,3,4,5,6,7,8,9,10,11,12,13,14,15,16,17
13038,1,2,3,4,5,6,7,8,9,10,11,12,13,14,15,16,17
13039,1,2,3,4,5,6,7,8,9,10,11,12,13,14,15,16,17
13040,1,2,3,4,5,6,7,8,9,10,11,12,13,14,15,16,17
13041,1,2,3,4,5,6,7,8,9,10,11,12,13,14,15,16,17
13042,1,2,3,4,5,6,7,8,9,10,11,12,13,14,15,16,17
13043,1,2,3,4,5,6,7,8,9,10,11,12,13,14,15,16,17
13044,1,2,3,4,5,6,7,8,9,10,11,12,13,14,15,16,17
13045,1,2,3,4,5,6,7,8,9,10,11,12,13,14,15,16,17
13046,1,2,3,4,5,6,7,8,9,10,11,12,13,14,15,16,17
13047,1,2,3,4,5,6,7,8,9,10,11,12,13,14,15,16,17
13048,1,2,3,4,5,6,7,8,9,10,11,12,13,14,15,16,17
13049,1,2,3,4,5,6,7,8,9,10,11,12,13,14,15,16,17
13050,1,2,3,4,5,6,7,8,9,10,11,12,13,14,15,16,17
13051,1,2,3,4,5,6,7,8,9,10,11,12,13,14,15,16,17
13052,1,2,3,4,5,6,7,8,9,10,11,12,13,14,15,16,17
13053,1,2,3,4,5,6,7,8,9,10,11,12,13,14,15,16,17
13054,1,2,3,4,5,6,7,8,9,10,11,12,13,14,15,16,17
13055,1,2,3,4,5,6,7,8,9,10,11,12,13,14,15,16,17
13056,1,2,3,4,5,6,7,8,9,10,11,12,13,14,15,16,17
13057,1,2,3,4,5,6,7,8,9,10,11,12,13,14,15,16,17
13058,1,2,3,4,5,6,7,8,9,10,11,12,13,14,15,16,17
13059,1,2,3,4,5,6,7,8,9,10,11,12,13,14,15,16,17
13060,1,2,3,4,5,6,7,8,9,10,11,12,13,14,15,16,17
13061,1,2,3,4,5,6,7,8,9,10,11,12,13,14,15,16,17
13062,1,2,3,4,5,6,7,8,9,10,11,12,13,14,15,16,17
13063,1,2,3,4,5,6,7,8,9,10,11,12,13,14,15,16,17
13064,1,2,3,4,5,6,7,8,9,10,11,12,13,14,15,16,17
13065,1,2,3,4,5,6,7,8,9,10,11,12,13,14,15,16,17
13066,1,2,3,4,5,6,7,8,9,10,11,12,13,14,15,16,17
13067,1,2,3,4,5,6,7,8,9,10,11,12,13,14,15,16,17
13068,1,2,3,4,5,6,7,8,9,10,11,12,13,14,15,16,17
13069,1,2,3,4,5,6,7,8,9,10,11,12,13,14,15,16,17
13070,1,2,3,4,5,6,7,8,9,10,11,12,13,14,15,16,17
13071,1,2,3,4,5,6,7,8,9,10,11,12,13,14,15,16,17
13072,1,2,3,4,5,6,7,8,9,10,11,12,13,14,15,16,17
13073,1,2,3,4,5,6,7,8,9,10,11,12,13,14,15,16,17
13074,1,2,3,4,5,6,7,8,9,10,11,12,13,14,15,16,17
13075,1,2,3,4,5,6,7,8,9,10,11,12,13,14,15,16,17
13076,1,2,3,4,5,6,7,8,9,10,11,12,13,14,15,16,17
13077,1,2,3,4,5,6,7,8,9,10,11,12,13,14,15,16,17
13078,1,2,3,4,5,6,7,8,9,10,11,12,13,14,15,16,17
13079,1,2,3,4,5,6,7,8,9,10,11,12,13,14,15,16,17
13080,1,2,3,4,5,6,7,8,9,10,11,12,13,14,15,16,17
13081,1,2,3,4,5,6,7,8,9,10,11,12,13,14,15,16,17
13082,1,2,3,4,5,6,7,8,9,10,11,12,13,14,15,16,17
13083,1,2,3,4,5,6,7,8,9,10,11,12,13,14,15,16,17
13084,1,2,3,4,5,6,7,8,9,10,11,12,13,14,15,16,17
13085,1,2,3,4,5,6,7,8,9,10,11,12,13,14,15,16,17
13086,1,2,3,4,5,6,7,8,9,10,11,12,13,14,15,16,17
13087,1,2,3,4,5,6,7,8,9,10,11,12,13,14,15,16,17
13088,1,2,3,4,5,6,7,8,9,10,11,12,13,14,15,16,17
13089,1,2,3,4,5,6,7,3,9,10,11,12,13,14,15,16,17
13090,3,3,3,4,4,6,7,8,4,10,6,6,13,8,15,8,17
13091,2,2,3,4,5,6,7,8,2,3,4,12,6,7,7,8,17
13092,1,2,3,4,5,6,7,8,9,10,11,12,13,14,15,16,17
13093,1,2,3,4,5,6,7,8,9,10,11,12,13,14,15,16,17
13094,1,2,3,4,5,6,7,8,9,10,11,12,13,14,15,16,17
13095,1,2,3,4,5,6,7,8,9,10,11,12,13,14,15,16,17
13096,1,2,3,4,5,6,7,8,9,10,11,12,13,14,15,16,17
13097,1,2,3,4,5,6,7,8,9,10,11,12,13,14,15,16,17
13098,1,2,3,4,5,6,7,8,9,10,11,12,13,14,15,16,17
13099,1,2,3,4,5,6,7,8,9,10,11,12,13,14,15,16,17
13100,1,2,3,4,5,6,7,8,9,10,11,12,13,14,15,16,17
13101,1,2,3,4,5,6,7,8,9,10,11,12,13,14,15,16,17
13102,1,2,3,4,5,6,7,8,9,10,11,12,13,14,15,16,17
13103,1,2,3,4,3,6,7,3,9,4,11,6,13,14,6,16,6
13104,1,2,3,4,5,6,7,8,9,10,11,12,13,14,15,16,17
13105,1,2,3,4,5,6,7,8,9,10,11,12,13,14,15,16,17
13106,1,2,3,4,5,6,7,8,9,10,11,12,13,14,15,16,17
13107,1,3,3,4,5,6,7,8,9,3,4,12,5,6,6,7,8
13108,1,2,3,4,5,6,7,8,9,4,11,7,7,14,7,16,7
13109,1,2,3,4,5,6,7,8,9,10,11,12,13,14,15,16,17
13110,1,2,3,4,5,6,7,8,9,10,11,12,13,14,15,16,17
13111,1,2,3,4,5,6,7,8,9,10,11,12,13,14,15,16,17
13112,1,2,3,4,5,6,7,8,9,10,11,12,13,14,15,16,17
13113,1,2,3,4,5,6,7,8,9,10,11,12,13,14,15,16,17
13114,1,2,3,4,5,6,7,8,9,10,11,12,13,14,15,16,17
13115,1,2,3,4,5,6,7,8,9,10,11,12,13,14,15,16,17
13116,1,2,3,4,5,6,7,8,9,10,11,12,13,14,15,16,17
13117,1,2,3,4,5,6,7,8,9,10,11,12,13,14,15,16,17
13118,1,2,3,4,5,6,7,8,9,10,11,12,13,14,15,16,17
13119,1,2,3,4,5,6,7,8,9,10,11,12,13,14,15,16,17
13120,1,2,3,4,5,6,7,8,9,10,11,12,13,14,15,16,17
13121,1,2,3,4,5,6,7,8,9,10,11,12,13,14,15,16,17
13122,1,2,3,4,5,6,7,8,9,10,11,12,13,14,15,16,17
13123,1,2,3,4,5,6,7,8,9,10,11,12,13,14,15,16,17
13124,1,2,3,4,5,6,7,8,9,10,11,12,13,14,15,16,17
13125,1,2,3,4,5,6,7,8,9,10,11,12,13,14,15,16,17
13126,1,2,3,4,5,6,7,8,9,10,11,12,13,14,15,16,17
13127,1,2,3,4,5,6,7,8,9,10,11,12,13,14,15,16,17
13128,1,2,3,4,5,6,7,8,9,10,11,12,13,14,15,16,17
13129,1,2,3,4,5,6,7,8,9,10,11,12,13,14,15,16,17
13130,1,2,3,4,5,6,7,8,9,10,11,12,13,14,15,16,17
13131,1,2,3,4,5,6,7,8,9,10,11,12,13,14,15,16,17
13132,1,2,3,4,5,6,7,8,9,10,11,12,13,14,15,16,17
13133,1,2,3,4,5,6,7,8,9,10,11,12,13,14,15,16,17
13134,1,2,3,4,5,6,7,8,9,10,11,12,13,14,15,16,17
13135,1,2,3,4,5,6,7,8,9,10,11,12,13,14,15,16,17
13136,1,2,3,4,5,6,7,8,9,10,11,12,13,14,15,16,17
13137,1,2,3,4,5,6,7,8,9,10,11,12,13,14,15,16,17
13138,1,2,3,4,5,6,7,8,9,10,11,12,13,14,15,16,17
13139,1,2,3,4,5,6,7,8,9,10,11,12,13,14,15,16,17
13140,1,2,3,4,5,6,7,8,9,10,11,12,13,14,15,16,17
13141,1,2,3,4,5,6,7,8,9,10,11,12,13,14,15,16,17
13142,1,2,3,4,5,6,7,8,9,10,11,12,13,14,15,16,17
13143,1,2,3,4,5,6,7,8,9,10,11,12,13,14,15,16,17
13144,1,2,3,4,5,6,7,8,9,10,11,12,13,14,15,16,17
13145,1,2,3,4,5,6,7,8,9,10,11,12,13,14,15,16,17
13146,1,2,3,4,5,6,7,8,9,10,11,12,13,14,15,16,17
13147,1,2,3,4,5,6,7,8,9,10,11,12,13,14,15,16,17
13148,1,2,3,4,5,6,7,8,9,10,11,12,13,14,15,16,17
13149,1,2,3,4,5,6,7,8,9,10,11,12,13,14,15,16,17
13150,1,2,3,4,5,6,7,8,9,10,11,12,13,14,15,16,17
13151,1,2,3,4,5,6,7,8,9,10,11,12,13,14,15,16,17
13152,1,2,3,4,5,6,7,8,9,10,11,12,13,14,15,16,17
13153,1,2,3,4,5,6,7,8,9,10,11,12,13,14,15,16,17
13154,1,2,3,4,5,6,7,8,9,10,11,12,13,14,15,16,17
13155,1,2,3,4,5,6,7,8,9,10,11,12,13,14,15,16,17
13156,1,2,3,4,5,6,7,8,9,10,11,12,13,14,15,16,17
13157,1,2,3,4,5,6,7,8,9,10,11,12,13,14,15,16,17
13158,1,2,3,4,5,6,7,8,9,10,11,12,13,14,15,16,17
13159,1,2,3,4,5,6,7,8,9,10,11,12,13,14,15,16,17
13160,1,2,3,4,5,6,7,8,9,10,11,12,13,14,15,16,17
13161,1,2,3,4,5,6,7,8,9,10,11,12,13,14,15,16,17
13162,1,2,3,4,5,6,7,8,9,10,11,12,13,14,15,16,17
13163,1,2,3,4,5,6,7,8,9,10,11,12,13,14,15,16,17
13164,1,2,3,4,5,6,7,8,9,10,11,12,13,14,15,16,17
13165,1,5,3,10,5,6,10,10,9,10,11,11,13,14,11,16,14
13166,1,2,6,9,5,6,7,8,9,10,11,12,13,14,15,16,17
13167,1,2,3,4,3,6,7,8,9,10,11,12,13,14,15,16,17
13168,1,2,3,4,5,6,7,8,9,10,11,12,13,14,15,16,17
13169,1,2,3,4,5,6,7,8,9,10,11,12,13,14,15,16,17
13170,1,2,3,4,5,6,7,8,9,10,11,12,13,14,15,16,17
13171,1,2,3,4,5,6,7,8,9,10,11,12,13,14,15,16,17
13172,1,2,3,4,5,6,7,8,9,10,11,12,13,14,15,16,17
13173,1,2,3,4,5,6,7,8,9,10,11,12,13,14,15,16,17
13174,1,2,3,4,5,6,7,8,9,10,11,12,13,14,15,16,17
13175,1,2,3,4,5,6,7,8,9,10,11,12,13,14,15,16,17
13176,1,2,3,4,5,6,7,8,9,10,11,12,13,14,15,16,17
13177,1,2,3,4,5,6,7,8,9,10,11,12,13,14,15,16,17
13178,1,2,3,4,5,6,7,8,9,10,11,12,13,14,15,16,17
13179,1,2,3,4,5,6,7,8,9,10,11,12,13,14,15,16,17
13180,1,2,3,4,5,6,7,8,9,10,11,12,13,14,15,16,17
13181,1,2,3,4,5,6,7,8,9,10,11,12,13,14,15,16,17
13182,1,2,3,4,5,6,7,8,9,10,11,12,13,14,15,16,17
13183,1,2,3,4,5,6,7,8,9,10,11,12,13,14,15,16,17
13184,1,2,3,4,5,6,7,8,9,10,11,12,13,14,15,16,17
13185,1,2,3,4,5,6,7,8,9,10,11,12,13,14,15,16,17
13186,1,2,3,4,5,6,7,8,9,10,11,12,13,14,15,16,17
13187,1,2,3,4,5,6,7,8,9,10,11,12,13,14,15,16,17
13188,1,2,3,4,5,6,7,8,9,10,11,12,13,14,15,16,17
13189,1,2,3,4,5,6,7,8,9,10,11,12,13,14,15,16,17
13190,1,2,3,4,5,6,7,8,9,10,11,12,13,14,15,16,17
13191,1,2,3,4,5,6,7,8,9,10,11,12,13,14,15,16,17
13192,1,2,3,4,5,6,7,8,9,10,11,12,13,14,15,16,17
13193,1,2,3,4,5,6,7,8,9,10,11,12,13,14,15,16,17
13194,1,2,3,4,5,6,7,8,9,10,11,12,13,14,15,16,17
13195,1,2,3,4,5,6,7,8,9,10,11,12,13,14,15,16,17
13196,1,2,3,4,5,6,7,8,9,10,11,12,13,14,15,16,17
13197,1,2,3,4,5,6,7,8,9,10,11,12,13,14,15,16,17
13198,1,2,3,4,5,6,7,8,9,10,11,12,13,14,15,16,17
13199,1,2,3,4,5,6,7,8,9,10,11,12,13,14,15,16,17
13200,1,2,3,4,5,6,7,8,9,10,11,12,13,14,15,16,17
13201,1,2,3,4,5,6,7,8,9,10,11,12,13,14,15,16,17
13202,1,2,3,4,5,6,7,8,9,10,11,12,13,14,15,16,17
13203,1,2,3,4,5,6,7,8,9,10,11,12,13,14,15,16,17
13204,1,2,3,4,5,6,7,8,9,10,11,12,13,14,15,16,17
13205,1,2,3,4,5,6,7,8,9,10,11,12,13,14,15,16,17
13206,1,2,3,4,5,6,7,8,9,10,11,12,13,14,15,16,17
13207,1,2,3,4,5,6,7,8,9,10,11,12,13,14,15,16,17
13208,1,2,3,4,5,6,7,8,9,10,11,12,13,14,15,16,17
13209,1,2,3,4,5,6,7,8,9,10,11,12,13,14,15,16,17
13210,1,2,3,4,5,6,7,8,9,10,11,12,13,14,15,16,17
13211,1,2,3,4,5,6,7,8,9,10,11,12,13,14,15,16,17
13212,1,2,3,4,5,6,7,8,9,10,11,12,13,14,15,16,17
13213,1,2,3,4,5,6,7,8,9,10,11,12,13,14,15,16,17
13214,1,2,3,4,5,6,7,8,9,10,11,12,13,14,15,16,17
13215,1,2,3,4,5,6,7,8,9,10,11,12,13,14,15,16,17
13216,1,2,3,4,5,6,7,8,9,10,11,12,13,14,15,16,17
13217,1,2,3,4,5,6,7,8,9,10,11,12,13,14,15,16,17
13218,1,2,3,4,5,6,7,8,9,10,11,12,13,14,15,16,17
13219,1,2,3,4,5,6,7,8,9,10,11,12,13,14,15,16,17
13220,1,2,3,4,5,6,7,8,9,10,11,12,13,14,15,16,17
13221,1,2,3,4,5,6,7,8,9,10,11,12,13,14,15,16,17
13222,1,2,3,4,5,6,7,8,9,10,11,12,13,14,15,16,17
13223,1,2,3,4,5,6,7,8,9,10,11,12,13,14,15,16,17
13224,1,2,3,4,5,6,7,8,9,10,11,12,13,14,15,16,17
13225,1,2,3,4,5,6,7,8,9,10,11,12,13,14,15,16,17
13226,1,2,3,4,5,6,7,8,9,10,11,12,13,14,15,16,17
13227,1,2,3,4,5,6,7,8,9,10,11,12,13,14,15,16,17
13228,2,2,3,4,2,6,7,8,2,10,11,2,13,14,2,16,17
13229,1,3,3,4,5,6,7,3,9,10,3,12,13,14,3,16,17
13230,1,2,3,4,5,6,7,8,9,10,11,12,13,14,15,16,17
13231,1,2,3,4,5,6,7,8,9,10,11,12,13,14,15,16,17
13232,1,2,3,4,5,6,7,8,9,10,3,12,13,14,15,16,17
13233,1,2,3,4,5,6,6,8,6,10,6,12,8,14,8,16,8
13234,1,2,3,4,5,6,7,8,9,2,2,12,7,14,7,16,7
13235,1,2,3,4,5,6,7,8,9,10,11,12,13,14,15,16,17
13236,1,2,3,4,5,6,7,8,9,10,11,12,13,14,15,16,17
13237,1,2,3,4,5,6,7,8,9,10,11,12,13,14,15,16,17
13238,1,2,3,4,5,6,7,8,9,10,11,12,13,14,15,16,17
13239,1,2,3,4,5,6,7,8,9,10,11,12,13,14,15,16,17
13240,1,2,3,4,5,6,7,8,9,10,11,12,13,14,15,16,17
13241,1,2,3,4,5,6,7,8,9,10,11,12,13,14,15,16,17
13242,1,2,3,4,5,6,7,8,9,10,11,12,13,14,15,16,17
13243,1,2,3,4,5,6,7,8,9,10,11,12,13,14,15,16,17
13244,1,2,3,4,5,6,7,8,9,10,11,12,13,14,15,16,17
13245,1,2,3,4,5,6,7,8,9,10,11,12,13,14,15,16,17
13246,1,2,3,4,5,6,7,8,9,10,11,12,13,14,15,16,17
13247,1,2,3,4,5,6,7,8,9,10,11,12,13,14,15,16,17
13248,1,2,3,4,5,6,7,8,9,10,11,12,13,14,15,16,17
13249,1,2,3,4,5,6,7,8,9,10,11,12,13,14,15,16,17
13250,1,2,3,4,5,6,7,8,9,10,11,12,13,14,15,16,17
13251,1,2,3,4,5,6,7,8,9,10,11,12,13,14,15,16,17
13252,1,2,3,4,5,6,7,8,9,10,11,12,13,14,15,16,17
13253,1,2,3,4,5,6,7,8,9,10,11,12,13,14,15,16,17
13254,1,2,3,4,5,6,7,8,9,10,11,12,13,14,15,16,17
13255,1,2,3,4,5,6,7,8,9,10,11,12,13,14,15,16,17
13256,1,2,3,4,5,6,7,8,9,10,11,12,13,14,15,16,17
13257,1,2,3,4,5,6,7,8,9,10,11,12,13,14,15,16,17
13258,1,2,3,4,5,6,7,8,9,10,11,12,13,14,15,16,17
13259,1,2,3,4,5,6,7,8,9,10,11,12,13,14,15,16,17
13260,1,2,3,4,5,6,7,8,9,10,11,12,13,14,15,16,17
13261,1,2,3,4,5,6,7,8,9,10,11,12,13,14,15,16,17
13262,1,2,3,4,5,6,7,8,9,10,11,12,13,14,15,16,17
13263,1,2,3,4,5,6,7,8,9,10,11,12,13,14,15,16,17
13264,1,2,3,4,5,6,7,8,9,10,11,12,13,14,15,16,17
13265,1,2,3,4,5,6,7,8,9,10,11,12,13,14,15,16,17
13266,1,2,3,4,5,6,7,8,9,10,11,12,13,14,15,16,17
13267,1,2,3,4,5,6,7,8,9,10,11,12,13,14,15,16,17
13268,1,2,3,4,5,6,7,8,9,10,11,12,13,14,15,16,17
13269,1,2,3,4,5,6,7,8,9,10,11,12,13,14,15,16,17
13270,1,2,3,4,5,6,7,8,9,10,11,12,13,14,15,16,17
13271,1,2,3,4,5,6,7,8,9,10,11,12,13,14,15,16,17
13272,1,2,3,4,5,6,7,8,9,10,11,12,13,14,15,16,17
13273,1,2,3,4,5,6,7,8,9,10,11,12,13,14,15,16,17
13274,1,2,3,4,5,6,7,8,9,10,11,12,13,14,15,16,17
13275,1,2,3,4,5,6,7,8,9,10,11,12,13,14,15,16,17
13276,1,2,3,4,5,6,7,8,9,10,11,12,13,14,15,16,17
13277,1,2,3,4,5,6,7,8,9,10,11,12,13,14,15,16,17
13278,1,2,3,4,5,6,7,8,9,10,11,12,13,14,15,16,17
13279,1,2,3,4,5,6,7,8,9,10,11,12,13,14,15,16,17
13280,1,2,3,4,5,6,7,8,9,10,11,12,13,14,15,16,17
13281,1,2,3,4,5,6,7,8,9,10,11,12,13,14,15,16,17
13282,1,2,3,4,5,6,7,8,9,10,11,12,13,14,15,16,17
13283,1,2,3,4,5,6,7,8,9,10,11,12,13,14,15,16,17
13284,1,2,3,4,5,6,7,8,9,10,11,12,13,14,15,16,17
13285,1,2,3,4,5,6,7,8,9,10,11,12,13,14,15,16,17
13286,1,2,3,4,5,6,7,8,9,10,11,12,13,14,15,16,17
13287,1,2,3,4,5,6,7,8,9,10,11,12,13,14,15,16,17
13288,1,2,3,4,5,6,7,8,9,10,11,12,13,14,15,16,17
13289,1,2,3,4,5,6,7,8,9,10,11,12,13,14,15,16,17
13290,1,2,3,4,5,6,7,8,9,10,11,12,13,14,15,16,17
13291,1,2,3,4,5,6,7,8,9,10,11,12,13,14,15,16,17
13292,1,2,3,4,5,6,7,8,9,10,11,12,13,14,15,16,17
13293,1,2,3,4,5,6,7,8,9,10,11,12,13,14,15,16,17
13294,1,2,3,4,5,6,7,8,9,10,11,12,13,14,15,16,17
13295,1,2,3,4,5,6,7,8,9,10,11,12,13,14,15,16,17
13296,1,2,3,4,5,6,7,8,9,10,11,12,13,14,15,16,17
13297,1,2,3,4,5,6,7,8,9,10,11,12,13,14,15,16,17
13298,1,2,3,4,5,6,7,8,9,10,11,12,13,14,15,16,17
13299,1,2,3,4,5,6,7,8,9,10,11,12,13,14,15,16,17
13300,1,2,3,4,5,6,7,8,9,10,11,12,13,14,15,16,17
13301,1,2,3,4,5,6,7,8,9,10,11,12,13,14,15,16,17
13302,1,2,3,4,5,6,7,8,9,10,11,12,13,14,15,16,17
13303,1,2,3,4,5,6,7,8,9,10,11,12,13,14,15,16,17
13304,1,2,3,4,5,6,7,8,9,10,11,12,13,14,15,16,17
13305,1,2,3,4,5,6,7,8,9,10,11,12,13,14,15,16,17
13306,1,2,3,4,5,6,7,8,9,10,11,12,13,14,15,16,17
13307,1,2,3,4,5,6,7,8,9,10,11,12,13,14,15,16,17
13308,1,5,11,4,5,13,7,14,9,14,11,14,13,14,15,14,17
13309,1,5,7,11,5,6,7,8,9,10,11,12,13,14,15,16,17
13310,1,2,3,4,5,6,7,8,9,10,11,12,13,14,15,16,17
13311,1,2,3,4,5,6,7,8,9,10,11,12,13,14,15,16,17
13312,1,2,3,4,5,6,7,8,9,10,11,12,13,14,15,16,17
13313,1,2,3,4,5,6,7,8,9,10,11,12,13,14,15,16,17
13314,1,2,3,4,5,6,7,8,9,10,11,12,13,14,15,16,17
13315,1,2,3,4,5,6,7,8,9,10,11,12,13,14,15,16,17
13316,1,2,3,4,5,6,7,8,9,10,11,12,13,14,15,16,17
13317,1,2,3,4,5,6,7,8,9,10,11,12,13,14,15,16,17
13318,1,2,3,4,5,6,7,8,9,10,11,12,13,14,15,16,17
13319,1,2,3,4,5,6,7,8,9,10,11,12,13,14,15,16,17
13320,1,2,3,4,5,6,7,8,9,10,11,12,13,14,15,16,17
13321,1,2,3,4,5,6,7,8,9,10,11,12,13,14,15,16,17
13322,1,2,3,4,5,6,7,8,9,10,11,12,13,14,15,16,17
13323,1,2,3,4,5,6,7,8,9,10,11,12,13,14,15,16,17
13324,1,2,3,4,5,6,7,8,9,10,11,12,13,14,15,16,17
13325,1,2,3,4,5,6,7,8,9,10,11,12,13,14,15,16,17
13326,1,2,3,4,5,6,7,8,9,10,11,12,13,14,15,16,17
13327,1,2,3,4,5,6,7,8,9,10,11,12,13,14,15,16,17
13328,1,2,3,4,5,6,7,8,9,10,11,12,13,14,15,16,17
13329,1,2,3,4,5,6,7,8,9,10,11,12,13,14,15,16,17
13330,1,2,3,4,5,6,7,8,9,10,11,12,13,14,15,16,17
13331,1,2,3,4,5,6,7,8,9,10,11,12,13,14,15,16,17
13332,1,2,3,4,5,6,7,8,9,10,11,12,13,14,15,16,17
13333,1,2,3,4,5,6,7,8,9,10,11,12,13,14,15,16,17
13334,1,2,3,4,5,6,7,8,9,10,11,12,13,14,15,16,17
13335,1,2,3,4,5,6,7,8,9,10,11,12,13,14,15,16,17
13336,1,2,3,4,5,6,7,8,9,10,11,12,13,14,15,16,17
13337,1,2,3,4,5,6,7,8,9,10,11,12,13,14,15,16,17
13338,1,2,3,4,5,6,7,8,9,10,11,12,13,14,15,16,17
13339,1,2,3,4,5,6,7,8,9,10,11,12,13,14,15,16,17
13340,1,2,3,4,5,6,7,8,9,10,11,12,13,14,15,16,17
13341,1,2,3,4,5,6,7,8,9,10,11,12,13,14,15,16,17
13342,1,2,3,4,5,6,7,8,9,10,11,12,13,14,15,16,17
13343,1,2,3,4,5,6,7,8,9,10,11,12,13,14,15,16,17
13344,1,2,3,4,5,6,7,8,9,10,11,12,13,14,15,16,17
13345,1,2,3,4,5,6,7,8,9,10,11,12,13,14,15,16,17
13346,1,2,3,4,5,6,7,8,9,10,11,12,13,14,15,16,17
13347,1,2,3,4,5,6,7,8,9,10,11,12,13,14,15,16,17
13348,1,2,3,4,5,6,7,8,9,10,11,12,13,14,15,16,17
13349,1,2,3,4,5,6,7,8,9,10,11,12,13,14,15,16,17
13350,1,2,3,4,5,6,7,8,9,10,11,12,13,14,15,16,17
13351,1,2,3,4,5,6,7,8,9,10,11,12,13,14,15,16,17
13352,1,2,3,4,5,6,7,8,9,10,11,12,13,14,15,16,17
13353,1,2,3,4,5,6,7,8,9,10,11,12,13,14,15,16,17
13354,1,2,3,4,5,6,7,8,9,10,11,12,13,14,15,16,17
13355,1,2,3,4,5,6,7,8,9,10,11,12,13,14,15,16,17
13356,1,2,3,4,5,6,7,8,9,10,11,12,13,14,15,16,17
13357,1,2,3,4,5,6,7,8,9,10,11,12,13,14,15,16,17
13358,1,2,3,4,5,6,7,8,9,10,11,12,13,14,15,16,17
13359,1,2,3,4,5,6,7,8,9,10,11,12,13,14,15,16,17
13360,1,2,3,4,5,6,7,8,9,10,11,12,13,14,15,16,17
13361,1,2,3,4,5,6,7,8,9,10,11,12,13,14,15,16,17
13362,1,2,3,4,5,6,7,8,9,10,11,12,13,14,15,16,17
13363,1,2,3,4,5,6,7,8,9,10,11,12,13,14,15,16,17
13364,1,2,3,4,5,6,7,8,9,10,11,12,13,14,15,16,17
13365,1,2,3,4,5,6,7,8,9,10,11,12,13,14,15,16,17
13366,1,2,3,4,5,6,7,8,9,10,11,12,13,14,15,16,17
13367,1,2,3,4,5,6,7,8,9,10,11,12,13,14,15,16,17
13368,1,2,3,4,5,6,7,8,9,10,11,12,13,14,15,16,17
13369,1,2,3,4,5,6,7,8,9,10,11,12,13,14,15,16,17
13370,1,3,3,4,5,6,3,8,9,10,3,12,13,14,3,16,17
13371,1,2,3,4,5,3,7,8,9,3,11,12,13,3,15,16,3
13372,1,2,3,4,5,6,7,8,9,10,11,12,13,14,15,16,17
13373,1,2,3,4,5,6,7,8,9,10,11,12,13,14,15,16,17
13374,1,2,3,4,5,6,7,8,9,10,11,12,13,14,15,16,17
13375,1,2,2,4,5,6,7,8,9,10,11,12,13,14,15,16,17
13376,1,2,3,4,2,6,4,8,4,10,4,12,4,14,8,16,8
13377,1,2,3,4,5,6,7,8,9,10,11,12,13,14,15,16,17
13378,1,2,3,4,5,6,7,8,9,10,11,12,13,14,15,16,17
13379,1,2,3,4,5,6,7,8,9,10,11,12,13,14,15,16,17
13380,1,2,3,4,5,6,7,8,9,10,11,12,13,14,15,16,17
13381,1,2,3,4,5,6,7,8,9,10,11,12,13,14,15,16,17
13382,1,2,3,4,5,6,7,8,9,10,11,12,13,14,15,16,17
13383,1,2,3,4,5,6,7,8,9,10,11,12,13,14,15,16,17
13384,1,2,3,4,5,6,7,8,9,10,11,12,13,14,15,16,17
13385,1,2,3,4,5,6,7,8,9,10,11,12,13,14,15,16,17
13386,1,2,3,4,5,6,7,8,9,10,11,12,13,14,15,16,17
13387,1,2,3,4,5,6,7,8,9,10,11,12,13,14,15,16,17
13388,1,2,3,4,5,6,7,8,9,10,11,12,13,14,15,16,17
13389,1,2,3,4,5,6,7,8,9,10,11,12,13,14,15,16,17
13390,1,2,3,4,5,6,7,8,9,10,11,12,13,14,15,16,17
13391,1,2,3,4,5,6,7,8,9,10,11,12,13,14,15,16,17
13392,1,2,3,4,5,6,7,8,9,10,11,12,13,14,15,16,17
13393,1,2,3,4,5,6,7,8,9,10,11,12,13,14,15,16,17
13394,1,2,3,4,5,6,7,8,9,10,11,12,13,14,15,16,17
13395,1,2,3,4,5,6,7,8,9,10,11,12,13,14,15,16,17
13396,1,2,3,4,5,6,7,8,9,10,11,12,13,14,15,16,17
13397,1,2,3,4,5,6,7,8,9,10,11,12,13,14,15,16,17
13398,1,2,3,4,5,6,7,8,9,10,11,12,13,14,15,16,17
13399,1,2,3,4,5,6,7,8,9,10,11,12,13,14,15,16,17
13400,1,2,3,4,5,6,7,8,9,10,11,12,13,14,15,16,17
13401,1,2,3,4,5,6,7,8,9,10,11,12,13,14,15,16,17
13402,1,2,3,4,5,6,7,8,9,10,11,12,13,14,15,16,17
13403,1,2,3,4,5,6,7,8,9,10,11,12,13,14,15,16,17
13404,1,2,3,4,5,6,7,8,9,10,11,12,13,14,15,16,17
13405,1,2,3,4,5,6,7,8,9,10,11,12,13,14,15,16,17
13406,1,2,3,4,5,6,7,8,9,10,11,12,13,14,15,16,17
13407,1,2,3,4,5,6,7,8,9,10,11,12,13,14,15,16,17
13408,1,2,3,4,5,6,7,8,9,10,11,12,13,14,15,16,17
13409,1,2,3,4,5,6,7,8,9,10,11,12,13,14,15,16,17
13410,1,2,3,4,5,6,7,8,9,10,11,12,13,14,15,16,17
13411,1,2,3,4,5,6,7,8,9,10,11,12,13,14,15,16,17
13412,1,2,3,4,5,6,7,8,9,10,11,12,13,14,15,16,17
13413,1,2,3,4,5,6,7,8,9,10,11,12,13,14,15,16,17
13414,1,2,3,4,5,6,7,8,9,10,11,12,13,14,15,16,17
13415,1,2,3,4,5,6,7,8,9,10,11,12,13,14,15,16,17
13416,1,2,3,4,5,6,7,8,9,10,11,12,13,14,15,16,17
13417,1,2,3,4,5,6,7,8,9,10,11,12,13,14,15,16,17
13418,1,2,3,4,5,6,7,8,9,10,11,12,13,14,15,16,17
13419,1,2,3,4,5,6,7,8,9,10,11,12,13,14,15,16,17
13420,1,2,3,4,5,6,7,8,9,10,11,12,13,14,15,16,17
13421,1,2,3,4,5,6,7,8,9,10,11,12,13,14,15,16,17
13422,1,2,3,4,5,6,7,8,9,10,11,12,13,14,15,16,17
13423,1,2,3,4,5,6,7,8,9,10,11,12,13,14,15,16,17
13424,1,2,3,4,5,6,7,8,9,10,11,12,13,14,15,16,17
13425,1,2,3,4,5,6,7,8,9,10,11,12,13,14,15,16,17
13426,1,2,3,4,5,6,7,8,9,10,11,12,13,14,15,16,17
13427,1,2,3,4,5,6,7,8,9,10,11,12,13,14,15,16,17
13428,1,2,3,4,5,6,7,8,9,10,11,12,13,14,15,16,17
13429,1,2,3,4,5,6,7,8,9,10,11,12,13,14,15,16,17
13430,1,2,3,4,5,6,7,8,9,10,11,12,13,14,15,16,17
13431,1,2,3,4,5,6,7,8,9,10,11,12,13,14,15,16,17
13432,1,2,3,4,5,6,7,8,9,10,11,12,13,14,15,16,17
13433,1,2,3,4,5,6,7,8,9,10,11,12,13,14,15,16,17
13434,1,2,3,4,5,6,7,8,9,10,11,12,13,14,15,16,17
13435,1,2,3,4,5,6,7,8,9,10,11,12,13,14,15,16,17
13436,1,2,3,4,5,6,7,8,9,10,11,12,13,14,15,16,17
13437,1,2,3,4,5,6,7,8,9,10,11,12,13,14,15,16,17
13438,1,2,3,4,5,6,7,8,9,10,11,12,13,14,15,16,17
13439,1,2,3,4,5,6,7,8,9,10,11,12,13,14,15,16,17
13440,1,2,3,4,5,6,7,8,9,10,11,12,13,14,15,16,17
13441,1,2,3,4,5,6,7,8,9,10,11,12,13,14,15,16,17
13442,1,2,3,4,5,6,7,8,9,10,11,12,13,14,15,16,17
13443,1,2,3,4,5,6,7,8,9,10,11,12,13,14,15,16,17
13444,1,2,3,4,5,6,7,8,9,10,11,12,13,14,15,16,17
13445,1,2,3,4,5,6,7,8,9,10,11,12,13,14,15,16,17
13446,1,2,3,4,5,6,7,8,9,10,11,12,13,14,15,16,17
13447,1,2,3,4,5,6,7,8,9,10,11,12,13,14,15,16,17
13448,1,2,3,4,5,6,7,8,9,10,11,12,13,14,15,16,17
13449,1,5,6,9,5,6,7,14,9,10,11,12,13,14,15,16,17
13450,1,7,7,9,5,9,7,9,9,10,11,12,13,14,15,16,17
13451,1,5,7,10,5,13,7,16,9,10,11,12,13,14,15,16,17
13452,1,2,3,4,5,6,7,8,9,10,11,12,13,14,15,16,17
13453,1,2,3,4,5,6,7,8,9,10,11,12,13,14,15,16,17
13454,1,2,3,4,5,6,7,8,9,10,11,12,13,14,15,16,17
13455,1,2,3,4,5,6,7,8,9,10,11,12,13,14,15,16,17
13456,1,2,3,4,5,6,7,8,9,10,11,12,13,14,15,16,17
13457,1,2,3,4,5,6,7,8,9,10,11,12,13,14,15,16,17
13458,1,2,3,4,5,6,7,8,9,10,11,12,13,14,15,16,17
13459,1,2,3,4,5,6,7,8,9,10,11,12,13,14,15,16,17
13460,1,2,3,4,5,6,7,8,9,10,11,12,13,14,15,16,17
13461,1,2,3,4,5,6,7,8,9,10,11,12,13,14,15,16,17
13462,1,2,3,4,5,6,7,8,9,10,11,12,13,14,15,16,17
13463,1,2,3,4,5,6,7,8,9,10,11,12,13,14,15,16,17
13464,1,2,3,4,5,6,7,8,9,10,11,12,13,14,15,16,17
13465,1,2,3,4,5,6,7,8,9,10,11,12,13,14,15,16,17
13466,1,2,3,4,5,6,7,8,9,10,11,12,13,14,15,16,17
13467,1,2,3,4,5,6,7,8,9,10,11,12,13,14,15,16,17
13468,1,2,3,4,5,6,7,8,9,10,11,12,13,14,15,16,17
13469,1,2,3,4,5,6,7,8,9,10,11,12,13,14,15,16,17
13470,1,2,3,4,5,6,7,8,9,10,11,12,13,14,15,16,17
13471,1,2,3,4,5,6,7,8,9,10,11,12,13,14,15,16,17
13472,1,2,3,4,5,6,7,8,9,10,11,12,13,14,15,16,17
13473,1,2,3,4,5,6,7,8,9,10,11,12,13,14,15,16,17
13474,1,2,3,4,5,6,7,8,9,10,11,12,13,14,15,16,17
13475,1,2,3,4,5,6,7,8,9,10,11,12,13,14,15,16,17
13476,1,2,3,4,5,6,7,8,9,10,11,12,13,14,15,16,17
13477,1,2,3,4,5,6,7,8,9,10,11,12,13,14,15,16,17
13478,1,2,3,4,5,6,7,8,9,10,11,12,13,14,15,16,17
13479,1,2,3,4,5,6,7,8,9,10,11,12,13,14,15,16,17
13480,1,2,3,4,5,6,7,8,9,10,11,12,13,14,15,16,17
13481,1,2,3,4,5,6,7,8,9,10,11,12,13,14,15,16,17
13482,1,2,3,4,5,6,7,8,9,10,11,12,13,14,15,16,17
13483,1,2,3,4,5,6,7,8,9,10,11,12,13,14,15,16,17
13484,1,2,3,4,5,6,7,8,9,10,11,12,13,14,15,16,17
13485,1,2,3,4,5,6,7,8,9,10,11,12,13,14,15,16,17
13486,1,2,3,4,5,6,7,8,9,10,11,12,13,14,15,16,17
13487,1,2,3,4,5,6,7,8,9,10,11,12,13,14,15,16,17
13488,1,2,3,4,5,6,7,8,9,10,11,12,13,14,15,16,17
13489,1,2,3,4,5,6,7,8,9,10,11,12,13,14,15,16,17
13490,1,2,3,4,5,6,7,8,9,10,11,12,13,14,15,16,17
13491,1,2,3,4,5,6,7,8,9,10,11,12,13,14,15,16,17
13492,1,2,3,4,5,6,7,8,9,10,11,12,13,14,15,16,17
13493,1,2,3,4,5,6,7,8,9,10,11,12,13,14,15,16,17
13494,1,2,3,4,5,6,7,8,9,10,11,12,13,14,15,16,17
13495,1,2,3,4,5,6,7,8,9,10,11,12,13,14,15,16,17
13496,1,2,3,4,5,6,7,8,9,10,11,12,13,14,15,16,17
13497,1,2,3,4,5,6,7,8,9,10,11,12,13,14,15,16,17
13498,1,2,3,4,5,6,7,8,9,10,11,12,13,14,15,16,17
13499,1,2,3,4,5,6,7,8,9,10,11,12,13,14,15,16,17
13500,1,2,3,4,5,6,7,8,9,10,11,12,13,14,15,16,17
13501,1,2,3,4,5,6,7,8,9,10,11,12,13,14,15,16,17
13502,1,2,3,4,5,6,7,8,9,10,11,12,13,14,15,16,17
13503,1,2,3,4,5,6,7,8,9,10,11,12,13,14,15,16,17
13504,1,2,3,4,5,6,7,8,9,10,11,12,13,14,15,16,17
13505,1,2,3,4,5,6,7,8,9,10,11,12,13,14,15,16,17
13506,1,2,3,4,5,6,7,8,9,10,11,12,13,14,15,16,17
13507,1,2,3,4,5,6,7,8,9,10,11,12,13,14,15,16,17
13508,1,2,3,4,5,6,7,8,9,10,11,12,13,14,15,16,17
13509,1,2,3,4,5,6,7,8,9,10,11,12,13,14,15,16,17
13510,1,2,3,4,5,6,7,8,9,10,11,12,13,14,15,16,17
13511,1,2,3,4,5,6,7,8,9,10,11,12,13,14,15,16,17
13512,1,2,3,4,5,6,3,8,3,4,11,4,13,6,15,6,8
13513,1,3,3,4,3,6,3,8,9,6,6,12,6,14,8,16,8
13514,1,2,3,4,5,6,7,8,9,3,11,12,3,14,15,3,17
13515,1,3,3,4,5,3,7,8,9,3,11,12,13,14,3,16,17
13516,1,2,3,4,5,6,7,6,9,10,11,12,13,14,15,16,17
13517,1,2,2,4,5,6,2,8,9,10,11,12,13,14,15,2,17
13518,1,2,2,4,5,6,7,8,9,10,11,12,13,14,15,16,17
13519,1,2,2,4,5,6,7,2,9,4,11,4,13,14,6,16,6
13520,1,2,5,5,5,5,7,7,9,10,11,12,13,14,15,7,17
13521,1,9,11,12,5,14,16,17,9,10,11,12,13,14,15,16,17
13522,1,2,3,4,5,6,7,8,9,10,11,12,13,14,15,16,17
13523,1,2,3,4,5,6,7,8,9,10,11,12,13,14,15,16,17
13524,1,2,3,4,5,6,7,8,9,10,11,12,13,14,15,16,17
13525,1,2,3,4,5,6,7,8,9,10,11,12,13,14,15,16,17
13526,1,2,3,4,5,6,7,8,9,10,11,12,13,14,15,16,17
13527,1,2,3,4,5,6,7,8,9,10,11,12,13,14,15,16,17
13528,1,2,3,4,5,6,7,8,9,10,11,12,13,14,15,16,17
13529,1,2,3,4,5,6,7,8,9,10,11,12,13,14,15,16,17
13530,1,2,3,4,5,6,7,8,9,10,11,12,13,14,15,16,17
13531,1,2,3,4,5,6,7,8,9,10,11,12,13,14,15,16,17
13532,1,2,3,4,5,6,7,8,9,10,11,12,13,14,15,16,17
13533,1,2,3,4,5,6,7,8,9,10,11,12,13,14,15,16,17
13534,1,2,3,4,5,6,7,8,9,10,11,12,13,14,15,16,17
13535,1,2,3,4,5,6,7,8,9,10,11,12,13,14,15,16,17
13536,1,2,3,4,5,6,7,8,9,10,11,12,13,14,15,16,17
13537,1,2,3,4,5,6,7,8,9,10,11,12,13,14,15,16,17
13538,1,2,3,4,5,6,7,8,9,10,11,12,13,14,15,16,17
13539,1,2,3,4,5,6,7,8,9,10,11,12,13,14,15,16,17
13540,1,2,3,4,5,6,7,8,9,10,11,12,13,14,15,16,17
13541,1,2,3,4,5,6,7,8,9,10,11,12,13,14,15,16,17
13542,1,2,3,4,5,6,7,8,9,10,11,12,13,14,15,16,17
13543,1,2,3,4,5,6,7,8,9,10,11,12,13,14,15,16,17
13544,1,2,3,4,5,6,7,8,9,10,11,12,13,14,15,16,17
13545,1,2,3,4,5,6,7,8,9,10,11,12,13,14,15,16,17
13546,1,2,3,4,5,6,7,8,9,10,11,12,13,14,15,16,17
13547,1,2,3,4,5,6,7,8,9,10,11,12,13,14,15,16,17
13548,1,2,3,4,5,6,7,8,9,10,11,12,13,14,15,16,17
13549,1,2,3,4,5,6,7,8,9,10,11,12,13,14,15,16,17
13550,1,2,3,4,5,6,7,8,9,10,11,12,13,14,15,16,17
13551,1,2,3,4,5,6,7,8,9,10,11,12,13,14,15,16,17
13552,1,2,3,4,5,6,7,8,9,10,11,12,13,14,15,16,17
13553,1,2,3,4,5,6,7,8,9,10,11,12,13,14,15,16,17
13554,1,2,3,4,5,6,7,8,9,10,11,12,13,14,15,16,17
13555,1,2,3,4,5,6,7,8,9,10,11,12,13,14,15,16,17
13556,1,2,3,4,5,6,7,8,9,10,11,12,13,14,15,16,17
13557,1,2,3,4,5,6,7,8,9,10,11,12,13,14,15,16,17
13558,1,2,3,4,5,6,7,8,9,10,11,12,13,14,15,16,17
13559,1,2,3,4,5,6,7,8,9,10,11,12,13,14,15,16,17
13560,1,2,3,4,5,6,7,8,9,10,11,12,13,14,15,16,17
13561,1,2,3,4,5,6,7,8,9,10,11,12,13,14,15,16,17
13562,1,2,3,4,5,6,7,8,9,10,11,12,13,14,15,16,17
13563,1,2,3,4,5,6,7,8,9,10,11,12,13,14,15,16,17
13564,1,2,3,4,5,6,7,8,9,10,11,12,13,14,15,16,17
13565,1,2,3,4,5,6,7,8,9,10,11,12,13,14,15,16,17
13566,1,2,3,4,5,6,7,8,9,10,11,12,13,14,15,16,17
13567,1,2,3,4,5,6,7,8,9,10,11,12,13,14,15,16,17
13568,1,2,3,4,5,6,7,8,9,10,11,12,13,14,15,16,17
13569,1,2,3,4,5,6,7,8,9,10,11,12,13,14,15,16,17
13570,1,2,3,4,5,6,7,8,9,10,11,12,13,14,15,16,17
13571,1,2,3,4,5,6,7,8,9,10,11,12,13,14,15,16,17
13572,1,2,3,4,5,6,7,8,9,10,11,12,13,14,15,16,17
13573,1,2,3,4,5,6,7,8,9,10,11,12,13,14,15,16,17
13574,1,2,3,4,5,6,7,8,9,10,11,12,13,14,15,16,17
13575,1,2,3,4,5,6,7,8,9,10,11,12,13,14,15,16,17
13576,1,2,3,4,5,6,7,8,9,10,11,12,13,14,15,16,17
13577,1,2,3,4,5,6,7,8,9,10,11,12,13,14,15,16,17
13578,1,2,3,4,5,6,7,8,9,10,11,12,13,14,15,16,17
13579,1,2,3,4,5,6,7,8,9,10,11,12,13,14,15,16,17
13580,1,2,3,4,5,6,7,8,9,10,11,12,13,14,15,16,17
13581,1,2,3,4,5,6,7,8,9,10,11,12,13,14,15,16,17
13582,1,2,3,4,5,6,7,8,9,10,11,12,13,14,15,16,17
13583,1,2,3,4,5,6,7,8,9,10,11,12,13,14,15,16,17
13584,1,2,3,4,5,6,7,8,9,10,11,12,13,14,15,16,17
13585,1,2,3,4,5,6,7,8,9,10,11,12,13,14,15,16,17
13586,1,2,3,4,5,6,7,8,9,10,11,12,13,14,15,16,17
13587,1,2,3,4,5,6,7,8,9,10,11,12,13,14,15,16,17
13588,1,2,3,4,5,6,7,8,9,10,11,12,13,14,15,16,17
13589,1,2,3,4,5,6,7,8,9,10,11,12,13,14,15,16,17
13590,1,2,3,4,5,6,7,8,9,10,11,12,13,14,15,16,17
13591,1,2,3,4,5,6,7,8,9,10,11,12,13,14,15,16,17
13592,1,1,7,11,5,13,7,15,9,10,11,12,13,14,15,16,17
13593,1,1,11,12,13,14,15,16,17,10,11,12,13,14,15,16,17
13594,1,4,3,4,5,6,7,8,9,10,11,12,13,14,15,16,17
13595,1,2,3,4,5,6,7,8,9,10,11,12,13,14,15,16,17
13596,1,2,3,4,5,6,7,8,9,10,11,12,13,14,15,16,17
13597,1,2,3,4,5,6,7,8,9,10,11,12,13,14,15,16,17
13598,1,2,3,4,5,6,7,8,9,10,11,12,13,14,15,16,17
13599,1,2,3,4,5,6,7,8,9,10,11,12,13,14,15,16,17
13600,1,2,3,4,5,6,7,8,9,10,11,12,13,14,15,16,17
13601,1,2,3,4,5,6,7,8,9,10,11,12,13,14,15,16,17
13602,1,2,3,4,5,6,7,8,9,10,11,12,13,14,15,16,17
13603,1,2,3,4,5,6,7,8,9,10,11,12,13,14,15,16,17
13604,1,2,3,4,5,6,7,8,9,10,11,12,13,14,15,16,17
13605,1,2,3,4,5,6,7,8,9,10,11,12,13,14,15,16,17
13606,1,2,3,4,5,6,7,8,9,10,11,12,13,14,15,16,17
13607,1,2,3,4,5,6,7,8,9,10,11,12,13,14,15,16,17
13608,1,2,3,4,5,6,7,8,9,10,11,12,13,14,15,16,17
13609,1,2,3,4,5,6,7,8,9,10,11,12,13,14,15,16,17
13610,1,2,3,4,5,6,7,8,9,10,11,12,13,14,15,16,17
13611,1,2,3,4,5,6,7,8,9,10,11,12,13,14,15,16,17
13612,1,2,3,4,5,6,7,8,9,10,11,12,13,14,15,16,17
13613,1,2,3,4,5,6,7,8,9,10,11,12,13,14,15,16,17
13614,1,2,3,4,5,6,7,8,9,10,11,12,13,14,15,16,17
13615,1,2,3,4,5,6,7,8,9,10,11,12,13,14,15,16,17
13616,1,2,3,4,5,6,7,8,9,10,11,12,13,14,15,16,17
13617,1,2,3,4,5,6,7,8,9,10,11,12,13,14,15,16,17
13618,1,2,3,4,5,6,7,8,9,10,11,12,13,14,15,16,17
13619,1,2,3,4,5,6,7,8,9,10,11,12,13,14,15,16,17
13620,1,2,3,4,5,6,7,8,9,10,11,12,13,14,15,16,17
13621,1,2,3,4,5,6,7,8,9,10,11,12,13,14,15,16,17
13622,1,2,3,4,5,6,7,8,9,10,11,12,13,14,15,16,17
13623,1,2,3,4,5,6,7,8,9,10,11,12,13,14,15,16,17
13624,1,2,3,4,5,6,7,8,9,10,11,12,13,14,15,16,17
13625,1,2,3,4,5,6,7,8,9,10,11,12,13,14,15,16,17
13626,1,2,3,4,5,6,7,8,9,10,11,12,13,14,15,16,17
13627,1,2,3,4,5,6,7,8,9,10,11,12,13,14,15,16,17
13628,1,2,3,4,5,6,7,8,9,10,11,12,13,14,15,16,17
13629,1,2,3,4,5,6,7,8,9,10,11,12,13,14,15,16,17
13630,1,2,3,4,5,6,7,8,9,10,11,12,13,14,15,16,17
13631,1,2,3,4,5,6,7,8,9,10,11,12,13,14,15,16,17
13632,1,2,3,4,5,6,7,8,9,10,11,12,13,14,15,16,17
13633,1,2,3,4,5,6,7,8,9,10,11,12,13,14,15,16,17
13634,1,2,3,4,5,6,7,8,9,10,11,12,13,14,15,16,17
13635,1,2,3,4,5,6,7,8,9,10,11,12,13,14,15,16,17
13636,1,2,3,4,5,6,7,8,9,10,11,12,13,14,15,16,17
13637,1,2,3,4,5,6,7,8,9,10,11,12,13,14,15,16,17
13638,1,2,3,4,5,6,7,8,9,10,11,12,13,14,15,16,17
13639,1,2,3,4,5,6,7,8,9,10,11,12,13,14,15,16,17
13640,1,2,3,4,5,6,7,8,9,10,11,12,13,14,15,16,17
13641,1,2,3,4,5,6,7,8,9,10,11,12,13,14,15,16,17
13642,1,2,3,4,5,6,7,8,9,10,11,12,13,14,15,16,17
13643,1,2,3,4,5,6,7,8,9,10,11,12,13,14,15,16,17
13644,1,2,3,4,5,6,7,8,9,10,11,12,13,14,15,16,17
13645,1,2,3,4,5,6,7,8,9,10,11,12,13,14,15,16,17
13646,1,2,3,4,5,6,7,8,9,10,11,12,13,14,15,16,17
13647,1,2,3,4,5,6,7,8,9,10,11,12,13,14,15,16,17
13648,1,2,3,4,5,6,7,8,9,10,11,12,13,14,15,16,17
13649,1,2,3,4,5,6,7,8,9,10,11,12,13,14,15,16,17
13650,1,2,3,4,5,6,7,8,9,10,11,12,13,14,15,16,17
13651,1,2,3,4,5,6,7,8,9,10,11,12,13,14,15,16,17
13652,1,2,3,4,5,6,7,8,9,10,11,12,13,14,15,16,17
13653,2,2,2,4,5,6,7,4,9,10,4,12,4,14,15,6,17
13654,1,2,3,4,5,6,7,8,2,5,11,7,13,7,7,16,7
13655,2,2,3,4,3,6,7,8,3,4,4,12,6,6,8,16,8
13656,1,2,3,4,5,6,7,8,3,10,4,12,6,14,6,16,6
13657,2,2,3,4,2,6,4,8,9,6,11,6,6,14,8,16,8
13658,1,2,2,4,5,6,2,8,4,4,11,6,13,6,6,16,8
13659,2,2,3,4,5,6,7,8,9,2,11,12,13,14,15,16,17
13660,1,2,3,4,5,2,7,8,9,10,11,12,13,14,15,2,17
13661,1,2,3,4,5,6,7,8,9,10,11,12,13,14,15,16,17
13662,1,2,3,4,5,6,7,8,9,10,11,12,13,14,15,16,17
13663,1,2,3,4,5,6,7,8,9,10,11,12,13,14,15,16,17
13664,1,2,3,4,5,6,7,8,9,10,11,12,13,14,15,16,17
13665,1,2,3,4,5,6,7,8,9,10,11,12,13,14,15,16,17
13666,1,2,3,4,5,6,7,8,9,10,11,12,13,14,15,16,17
13667,1,2,3,4,5,6,7,8,9,10,11,12,13,14,15,16,17
13668,1,2,3,4,5,6,7,8,9,10,11,12,13,14,15,16,17
13669,1,2,3,4,5,6,7,8,9,10,11,12,13,14,15,16,17
13670,1,2,3,4,5,6,7,8,9,10,11,12,13,14,15,16,17
13671,1,2,3,4,5,6,7,8,9,10,11,12,13,14,15,16,17
13672,1,2,3,4,5,6,7,8,9,10,11,12,13,14,15,16,17
13673,1,2,3,4,5,6,7,8,9,10,11,12,13,14,15,16,17
13674,1,2,3,4,5,6,7,8,9,10,11,12,13,14,15,16,17
13675,1,2,3,4,5,6,7,8,9,10,11,12,13,14,15,16,17
13676,1,2,3,4,5,6,7,8,9,10,11,12,13,14,15,16,17
13677,1,2,3,4,5,6,7,8,9,10,11,12,13,14,15,16,17
13678,1,2,3,4,5,6,7,8,9,10,11,12,13,14,15,16,17
13679,1,2,3,4,5,6,7,8,9,10,11,12,13,14,15,16,17
13680,1,2,3,4,5,6,7,8,9,10,11,12,13,14,15,16,17
13681,1,2,3,4,5,6,7,8,9,10,11,12,13,14,15,16,17
13682,1,2,3,4,5,6,7,8,9,10,11,12,13,14,15,16,17
13683,1,2,3,4,5,6,7,8,9,10,11,12,13,14,15,16,17
13684,1,2,3,4,5,6,7,8,9,10,11,12,13,14,15,16,17
13685,1,2,3,4,5,6,7,8,9,10,11,12,13,14,15,16,17
13686,1,2,3,4,5,6,7,8,9,10,11,12,13,14,15,16,17
13687,1,2,3,4,5,6,7,8,9,10,11,12,13,14,15,16,17
13688,1,2,3,4,5,6,7,8,9,10,11,12,13,14,15,16,17
13689,1,2,3,4,5,6,7,8,9,10,11,12,13,14,15,16,17
13690,1,2,3,4,5,6,7,8,9,10,11,12,13,14,15,16,17
13691,1,2,3,4,5,6,7,8,9,10,11,12,13,14,15,16,17
13692,1,2,3,4,5,6,7,8,9,10,11,12,13,14,15,16,17
13693,1,2,2,4,5,6,7,8,9,10,11,12,13,14,15,16,17
13694,2,2,2,4,5,6,7,8,2,10,11,12,13,14,15,16,17
13695,1,2,3,4,5,6,7,8,9,10,11,12,13,14,15,16,17
13696,1,2,3,4,5,6,7,8,9,10,11,12,13,14,15,16,17
13697,1,2,3,4,5,6,7,8,9,10,11,12,13,14,15,16,17
13698,1,2,3,4,5,6,7,8,9,10,11,12,13,14,15,16,17
13699,1,2,3,4,5,6,7,8,9,10,11,12,13,14,15,16,17
13700,1,2,3,4,5,6,7,8,9,10,11,12,13,14,15,16,17
13701,1,2,3,4,5,6,7,8,9,10,11,12,13,14,15,16,17
13702,1,2,3,4,5,6,7,8,9,10,11,12,13,14,15,16,17
13703,1,2,3,4,5,6,7,8,9,10,11,12,13,14,15,16,17
13704,1,2,3,4,5,6,7,8,9,10,11,12,13,14,15,16,17
13705,1,2,3,4,5,6,7,8,9,10,11,12,13,14,15,16,17
13706,1,2,3,4,5,6,7,8,9,10,11,12,13,14,15,16,17
13707,1,2,3,4,5,6,7,8,9,10,11,12,13,14,15,16,17
13708,1,2,3,4,5,6,7,8,9,10,11,12,13,14,15,16,17
13709,1,2,3,4,5,6,7,8,9,10,11,12,13,14,15,16,17
13710,1,2,3,4,5,6,7,8,9,10,11,12,13,14,15,16,17
13711,1,2,3,4,5,6,7,8,9,10,11,12,13,14,15,16,17
13712,1,2,3,4,5,6,7,8,9,10,11,12,13,14,15,16,17
13713,1,2,3,4,5,6,7,8,9,10,11,12,13,14,15,16,17
13714,1,2,3,4,5,6,7,8,9,10,11,12,13,14,15,16,17
13715,1,2,3,4,5,6,7,8,9,10,11,12,13,14,15,16,17
13716,1,2,3,4,5,6,7,8,9,10,11,12,13,14,15,16,17
13717,1,2,3,4,5,6,7,8,9,10,11,12,13,14,15,16,17
13718,1,2,3,4,5,6,7,8,9,10,11,12,13,14,15,16,17
13719,1,2,3,4,5,6,7,8,9,10,11,12,13,14,15,16,17
13720,1,2,3,4,5,6,7,8,9,10,11,12,13,14,15,16,17
13721,1,2,3,4,5,6,7,8,9,10,11,12,13,14,15,16,17
13722,1,2,3,4,5,6,7,8,9,10,11,12,13,14,15,16,17
13723,1,2,3,4,5,6,7,8,9,10,11,12,13,14,15,16,17
13724,1,2,3,4,5,6,7,8,9,10,11,12,13,14,15,16,17
13725,2,2,3,4,5,6,7,8,9,2,11,3,8,14,11,11,17
13726,1,2,3,4,5,6,7,8,9,10,11,12,13,14,15,16,17
13727,1,2,3,4,5,6,7,8,9,10,11,12,13,14,15,16,17
13728,1,2,3,4,5,6,7,8,9,10,11,12,13,14,15,16,17
13729,1,2,3,4,5,6,7,8,9,10,11,12,13,14,15,16,17
13730,1,2,3,4,5,6,7,8,9,10,11,12,13,14,15,16,17
13731,1,2,3,4,5,6,7,8,9,10,11,12,13,14,15,16,17
13732,1,2,3,4,5,6,7,8,9,10,11,12,13,14,15,16,17
13733,1,2,3,4,5,6,7,8,9,10,11,12,13,14,15,16,17
13734,1,2,3,4,5,6,7,8,9,10,11,12,13,14,15,16,17
13735,1,5,11,12,5,13,14,15,16,17,11,12,13,14,15,16,17
13736,1,1,11,12,13,14,15,16,17,10,11,12,13,14,15,16,17
13737,1,2,3,4,5,6,7,8,9,10,11,12,13,14,15,16,17
13738,1,2,3,4,5,6,7,8,9,10,11,12,13,14,15,16,17
13739,1,2,3,4,5,6,7,8,9,10,11,12,13,14,15,16,17
13740,1,2,3,4,5,6,7,8,9,10,11,12,13,14,15,16,17
13741,1,2,3,4,5,6,7,8,9,10,11,12,13,14,15,16,17
13742,1,2,3,4,5,6,7,8,9,10,11,12,13,14,15,16,17
13743,1,2,3,4,5,6,7,8,9,10,11,12,13,14,15,16,17
13744,1,2,3,4,5,6,7,8,9,10,11,12,13,14,15,16,17
13745,1,2,3,4,5,6,7,8,9,10,11,12,13,14,15,16,17
13746,1,2,3,4,5,6,7,8,9,10,11,12,13,14,15,16,17
13747,1,2,3,4,5,6,7,8,9,10,11,12,13,14,15,16,17
13748,1,2,3,4,5,6,7,8,9,10,11,12,13,14,15,16,17
13749,1,2,3,4,5,6,7,8,9,10,11,12,13,14,15,16,17
13750,1,2,3,4,5,6,7,8,9,10,11,12,13,14,15,16,17
13751,1,2,3,4,5,6,7,8,9,10,11,12,13,14,15,16,17
13752,1,2,3,4,5,6,7,8,9,10,11,12,13,14,15,16,17
13753,1,2,3,4,5,6,7,8,9,10,11,12,13,14,15,16,17
13754,1,2,3,4,5,6,7,8,9,10,11,12,13,14,15,16,17
13755,1,2,3,4,5,6,7,8,9,10,11,12,13,14,15,16,17
13756,1,2,3,4,5,6,7,8,9,10,11,12,13,14,15,16,17
13757,1,2,3,4,5,6,7,8,9,10,11,12,13,14,15,16,17
13758,1,2,3,4,5,6,7,8,9,10,11,12,13,14,15,16,17
13759,1,2,3,4,5,6,7,8,9,10,11,12,13,14,15,16,17
13760,1,2,3,4,5,6,7,8,9,10,11,12,13,14,15,16,17
13761,1,2,3,4,5,6,7,8,9,10,11,12,13,14,15,16,17
13762,1,2,3,4,5,6,7,8,9,10,11,12,13,14,15,16,17
13763,1,2,3,4,5,6,7,8,9,10,11,12,13,14,15,16,17
13764,1,2,3,4,5,6,7,8,9,10,11,12,13,14,15,16,17
13765,1,2,3,4,5,6,7,8,9,10,11,12,13,14,15,16,17
13766,1,2,3,4,5,6,7,8,9,10,11,12,13,14,15,16,17
13767,1,2,3,4,5,6,7,8,9,10,11,12,13,14,15,16,17
13768,1,2,3,4,5,6,7,8,9,10,11,12,13,14,15,16,17
13769,1,2,3,4,5,6,7,8,9,10,11,12,13,14,15,16,17
13770,1,2,3,4,5,6,7,8,9,10,11,12,13,14,15,16,17
13771,1,2,3,4,5,6,7,8,9,10,11,12,13,14,15,16,17
13772,1,2,3,4,5,6,7,8,9,10,11,12,13,14,15,16,17
13773,1,2,3,4,5,6,7,8,9,10,11,12,13,14,15,16,17
13774,1,2,3,4,5,6,7,8,9,10,11,12,13,14,15,16,17
13775,1,2,3,4,5,6,7,8,9,10,11,12,13,14,15,16,17
13776,1,2,3,4,5,6,7,8,9,10,11,12,13,14,15,16,17
13777,1,2,3,4,5,6,7,8,9,10,11,12,13,14,15,16,17
13778,1,2,3,4,5,6,7,8,9,10,11,12,13,14,15,16,17
13779,1,2,3,4,5,6,7,8,9,10,11,12,13,14,15,16,17
13780,1,2,3,4,5,6,7,8,9,10,11,12,13,14,15,16,17
13781,1,2,3,4,5,6,7,8,9,10,11,12,13,14,15,16,17
13782,1,2,3,4,5,6,7,8,9,10,11,12,13,14,15,16,17
13783,1,2,3,4,5,6,7,8,9,10,11,12,13,14,15,16,17
13784,1,2,3,4,5,6,7,8,9,10,11,12,13,14,15,16,17
13785,1,2,3,4,5,6,7,8,9,10,11,12,13,14,15,16,17
13786,1,2,3,4,5,6,7,8,9,10,11,12,13,14,15,16,17
13787,1,2,3,4,5,6,7,8,9,10,11,12,13,14,15,16,17
13788,1,2,3,4,5,6,7,8,9,10,11,12,13,14,15,16,17
13789,1,2,3,4,5,6,7,8,9,10,11,12,13,14,15,16,17
13790,1,2,3,4,5,6,7,8,9,10,11,12,13,14,15,16,17
13791,1,2,3,4,5,6,7,8,9,10,11,12,13,14,15,16,17
13792,1,2,3,4,5,6,7,8,9,10,11,12,13,14,15,16,17
13793,1,2,3,4,5,6,7,8,9,10,11,12,13,14,15,16,17
13794,1,2,3,4,5,6,7,8,9,10,11,12,13,14,15,16,17
13795,3,2,3,4,3,6,3,8,3,10,4,12,13,6,15,8,17
13796,2,2,3,4,5,6,7,8,2,10,5,7,13,7,7,16,8
13797,2,2,3,4,5,2,7,4,9,4,11,5,13,7,15,7,17
13798,1,2,3,2,5,6,7,2,9,10,11,12,2,14,15,16,2
13799,1,2,3,4,5,6,7,8,9,10,11,12,2,14,15,16,17
13800,1,2,3,4,5,6,7,8,9,10,11,12,13,14,15,16,17
13801,1,2,3,4,5,6,7,8,9,10,11,12,13,14,15,16,17
13802,1,2,3,4,5,6,7,8,9,10,11,12,13,14,15,16,17
13803,1,2,3,4,5,6,7,8,9,10,11,12,13,14,15,16,17
13804,1,2,3,4,5,6,7,8,9,10,11,12,13,14,15,16,17
13805,1,2,3,4,5,6,7,8,9,10,11,12,13,14,15,16,17
13806,1,2,3,4,5,6,7,8,9,10,11,12,13,14,15,16,17
13807,1,2,3,4,5,6,7,8,9,10,11,12,13,14,15,16,17
13808,1,2,3,4,5,6,7,8,9,10,11,12,13,14,15,16,17
13809,1,2,3,4,5,6,7,8,9,10,11,12,13,14,15,16,17
13810,1,2,3,4,5,6,7,8,9,10,11,12,13,14,15,16,17
13811,1,2,3,4,5,6,7,8,9,10,11,12,13,14,15,16,17
13812,1,2,3,4,5,6,7,8,9,10,11,12,13,14,15,16,17
13813,1,2,3,4,5,6,7,8,9,10,11,12,13,14,15,16,17
13814,1,2,3,4,5,6,7,8,9,10,11,12,13,14,15,16,17
13815,1,2,3,4,5,6,7,8,9,10,11,12,13,14,15,16,17
13816,1,2,3,4,5,6,7,8,9,10,11,12,13,14,15,16,17
13817,1,2,3,4,5,6,7,8,9,10,11,12,13,14,15,16,17
13818,1,2,3,4,5,6,7,8,9,10,11,12,13,14,15,16,17
13819,1,2,3,4,5,6,7,8,9,10,11,12,13,14,15,16,17
13820,1,2,3,4,5,6,7,3,9,3,11,6,13,14,6,16,6
13821,3,2,3,4,5,6,7,3,9,4,11,4,13,6,15,6,17
13822,1,4,3,4,4,6,7,6,9,10,6,12,13,6,15,16,6
13823,1,2,3,4,5,6,7,8,9,10,11,12,13,14,15,16,17
13824,1,2,3,4,5,6,7,8,9,10,11,12,13,14,15,16,17
13825,1,2,3,4,5,6,7,8,9,10,11,12,13,14,15,16,17
13826,1,2,3,4,5,6,7,8,9,10,11,12,13,14,15,16,17
13827,1,2,3,4,5,6,7,8,9,10,11,12,13,14,15,16,17
13828,1,2,3,4,5,6,7,8,9,10,11,12,13,14,15,16,17
13829,1,2,3,4,5,6,7,8,9,10,11,12,13,14,15,16,17
13830,1,2,3,4,5,6,7,8,9,10,11,12,13,14,15,16,17
13831,1,2,3,4,5,6,7,8,9,10,11,12,13,14,15,16,17
13832,1,2,3,4,5,6,7,8,9,10,11,12,13,14,15,16,17
13833,1,2,3,4,5,6,7,8,9,10,11,12,13,14,15,16,17
13834,1,2,3,4,5,6,7,8,9,10,11,12,13,14,15,16,17
13835,1,2,3,4,5,6,7,8,9,10,11,12,13,14,15,16,17
13836,2,2,2,4,5,6,2,8,9,2,11,12,4,14,4,16,17
13837,1,2,3,4,2,6,7,8,2,10,11,12,2,14,15,16,2
13838,1,2,3,4,5,6,7,8,9,10,11,12,13,14,15,16,17
13839,1,2,3,4,5,6,7,8,9,10,11,12,13,14,15,16,17
13840,1,2,3,4,5,6,7,8,9,10,11,12,13,14,15,16,17
13841,1,2,3,4,5,6,7,8,9,10,11,12,13,14,15,16,17
13842,1,2,3,4,5,6,7,8,9,10,11,12,13,14,15,16,17
13843,1,2,3,4,5,6,7,8,9,10,11,12,13,14,15,16,17
13844,1,2,3,4,5,6,7,8,9,10,11,12,13,14,15,16,17
13845,1,2,3,4,5,6,7,8,9,10,11,12,13,14,15,16,17
13846,1,2,3,4,5,6,7,8,9,10,11,12,13,14,15,16,17
13847,1,2,3,4,5,6,7,8,9,10,11,12,13,14,15,16,17
13848,1,2,3,4,5,6,7,8,9,10,11,12,13,14,15,16,17
13849,1,2,3,4,5,6,7,8,9,10,11,12,13,14,15,16,17
13850,1,2,3,4,5,6,7,8,9,10,11,12,13,14,15,16,17
13851,1,2,3,4,5,6,7,8,9,10,11,12,13,14,15,16,17
13852,1,2,3,4,5,6,7,8,9,10,11,12,13,14,15,16,17
13853,1,2,3,4,5,6,7,8,9,10,11,12,13,14,15,16,17
13854,1,2,3,4,5,6,7,8,9,10,11,12,13,14,15,16,17
13855,1,2,3,4,5,6,7,8,9,10,11,12,13,14,15,16,17
13856,1,2,3,4,5,6,7,8,9,10,11,12,13,14,15,16,17
13857,1,2,3,4,5,6,7,8,9,10,11,12,13,14,15,16,17
13858,1,2,3,4,5,6,7,8,9,10,11,12,13,14,15,16,17
13859,1,2,3,4,5,6,7,8,9,10,11,12,13,14,15,16,17
13860,1,2,3,4,5,6,7,8,9,10,11,2,13,14,15,16,17
13861,1,2,3,4,5,6,7,8,9,10,11,12,13,14,15,16,17
13862,1,2,3,4,5,6,7,8,9,10,11,12,13,14,15,16,17
13863,1,2,3,4,5,6,7,8,9,10,11,12,13,14,15,16,17
13864,1,2,3,4,5,6,7,8,9,10,11,12,13,14,15,16,17
13865,1,2,3,4,5,6,7,8,9,10,11,12,13,14,15,16,17
13866,2,2,3,2,5,3,7,8,3,7,11,7,8,8,15,11,11
13867,1,2,3,4,2,6,7,8,3,7,11,12,8,8,11,12,12
13868,1,2,3,4,5,6,7,8,9,10,11,12,13,14,15,16,17
13869,1,2,3,4,5,6,7,8,9,10,11,12,13,14,15,16,17
13870,1,2,3,4,5,6,7,8,9,10,11,12,13,14,15,16,17
13871,1,2,3,4,5,6,7,8,9,10,11,12,13,14,15,16,17
13872,1,2,3,4,5,6,7,8,9,10,11,12,13,14,15,16,17
13873,1,2,3,4,5,6,7,8,9,10,11,12,13,14,15,16,17
13874,1,2,3,4,5,6,7,8,9,10,11,12,13,14,15,16,17
13875,1,2,3,4,5,6,7,8,9,10,11,12,13,14,15,16,17
13876,1,2,3,4,5,6,7,8,9,10,11,12,13,14,15,16,17
13877,1,2,3,4,5,6,7,8,9,10,11,12,13,14,15,16,17
13878,1,7,10,13,5,15,7,17,9,10,11,12,13,14,15,16,17
13879,1,6,15,4,5,6,7,8,9,10,11,12,13,14,15,16,17
13880,1,2,3,4,5,6,7,8,9,10,11,12,13,14,15,16,17
13881,1,2,3,4,5,6,7,8,9,10,11,12,13,14,15,16,17
13882,1,2,3,4,5,6,7,8,9,10,11,12,13,14,15,16,17
13883,1,2,3,4,5,6,7,8,9,10,11,12,13,14,15,16,17
13884,1,2,3,4,5,6,7,8,9,10,11,12,13,14,15,16,17
13885,1,2,3,4,5,6,7,8,9,10,11,12,13,14,15,16,17
13886,1,2,3,4,5,6,7,8,9,10,11,12,13,14,15,16,17
13887,1,2,3,4,5,6,7,8,9,10,11,12,13,14,15,16,17
13888,1,2,3,4,5,6,7,8,9,10,11,12,13,14,15,16,17
13889,1,2,3,4,5,6,7,8,9,10,11,12,13,14,15,16,17
13890,1,2,3,4,5,6,7,8,9,10,11,12,13,14,15,16,17
13891,1,2,3,4,5,6,7,8,9,10,11,12,13,14,15,16,17
13892,1,2,3,4,5,6,7,8,9,10,11,12,13,14,15,16,17
13893,1,2,3,4,5,6,7,8,9,10,11,12,13,14,15,16,17
13894,1,2,3,4,5,6,7,8,9,10,11,12,13,14,15,16,17
13895,1,2,3,4,5,6,7,8,9,10,11,12,13,14,15,16,17
13896,1,2,3,4,5,6,7,8,9,10,11,12,13,14,15,16,17
13897,1,2,3,4,5,6,7,8,9,10,11,12,13,14,15,16,17
13898,1,2,3,4,5,6,7,8,9,10,11,12,13,14,15,16,17
13899,1,2,3,4,5,6,7,8,9,10,11,12,13,14,15,16,17
13900,1,2,3,4,5,6,7,8,9,10,11,12,13,14,15,16,17
13901,1,2,3,4,5,6,7,8,9,10,11,12,13,14,15,16,17
13902,1,2,3,4,5,6,7,8,9,10,11,12,13,14,15,16,17
13903,1,2,3,4,5,6,7,8,9,10,11,12,13,14,15,16,17
13904,1,2,3,4,5,6,7,8,9,10,11,12,13,14,15,16,17
13905,1,2,3,4,5,6,7,8,9,10,11,12,13,14,15,16,17
13906,1,2,3,4,5,6,7,8,9,10,11,12,13,14,15,16,17
13907,1,2,3,4,5,6,7,8,9,10,11,12,13,14,15,16,17
13908,1,2,3,4,5,6,7,8,9,10,11,12,13,14,15,16,17
13909,1,2,3,4,5,6,7,8,9,10,11,12,13,14,15,16,17
13910,1,2,3,4,5,6,7,8,9,10,11,12,13,14,15,16,17
13911,1,2,3,4,5,6,7,8,9,10,11,12,13,14,15,16,17
13912,1,2,3,4,5,6,7,8,9,10,11,12,13,14,15,16,17
13913,1,2,3,4,5,6,7,8,9,10,11,12,13,14,15,16,17
13914,1,2,3,4,5,6,7,8,9,10,11,12,13,14,15,16,17
13915,1,2,3,4,5,6,7,8,9,10,11,12,13,14,15,16,17
13916,1,2,3,4,5,6,7,8,9,10,11,12,13,14,15,16,17
13917,1,2,3,4,5,6,7,8,9,10,11,12,13,14,15,16,17
13918,1,2,3,4,5,6,7,8,9,10,11,12,13,14,15,16,17
13919,1,2,3,4,5,6,7,8,9,10,11,12,13,14,15,16,17
13920,1,2,3,4,5,6,7,8,9,10,11,12,13,14,15,16,17
13921,1,2,3,4,5,6,7,8,9,10,11,12,13,14,15,16,17
13922,1,2,3,4,5,6,7,8,9,10,11,12,13,14,15,16,17
13923,1,2,3,4,5,6,7,8,9,10,11,12,13,14,15,16,17
13924,1,2,3,4,5,6,7,8,9,10,11,12,13,14,15,16,17
13925,1,2,3,4,5,6,7,8,9,10,11,12,13,14,15,16,17
13926,1,2,3,4,5,6,7,8,9,10,11,12,13,14,15,16,17
13927,1,2,3,4,5,6,7,8,9,10,11,12,13,14,15,16,17
13928,1,2,3,4,5,6,7,8,9,10,11,12,13,14,15,16,17
13929,1,2,3,4,5,6,7,8,9,10,11,12,13,14,15,16,17
13930,1,2,3,4,5,6,7,8,9,10,11,12,13,14,15,16,17
13931,1,2,3,4,5,6,7,8,9,10,11,12,13,14,15,16,17
13932,1,2,3,4,5,6,7,8,9,10,11,12,13,14,15,16,17
13933,1,2,3,4,5,6,3,8,9,10,11,12,3,14,15,16,17
13934,1,2,3,4,5,6,7,8,9,10,11,12,13,14,15,16,17
13935,1,2,3,4,5,6,7,8,9,10,11,12,13,14,15,16,17
13936,1,2,3,4,5,6,3,8,9,10,3,12,13,3,15,16,3
13937,3,2,3,4,3,6,4,8,9,4,6,12,6,14,8,16,8
13938,1,2,3,4,5,6,7,8,2,10,3,3,4,14,6,7,8
13939,2,2,3,4,5,6,7,8,9,2,3,4,6,6,15,7,8
13940,2,2,2,4,2,6,7,2,9,10,4,12,13,14,6,16,17
13941,1,2,3,4,5,6,7,8,9,10,11,12,13,14,15,16,17
13942,1,2,3,4,5,6,7,8,9,10,11,12,13,14,15,16,17
13943,1,2,3,4,5,6,7,8,9,10,11,12,13,14,15,16,17
13944,1,2,3,4,5,6,7,8,9,10,11,12,13,14,15,16,17
13945,1,2,3,4,5,6,7,8,9,10,11,12,13,14,15,16,17
13946,1,2,3,4,5,6,7,8,9,10,11,12,13,14,15,16,17
13947,1,2,3,4,5,6,7,8,9,10,11,12,13,14,15,16,17
13948,1,2,3,4,5,6,7,8,9,10,11,12,13,14,15,16,17
13949,1,2,3,4,5,6,7,8,9,10,11,12,13,14,15,16,17
13950,1,2,3,4,5,6,7,8,9,10,11,12,13,14,15,16,17
13951,1,2,3,4,5,6,7,8,9,10,11,12,13,14,15,16,17
13952,1,2,3,4,5,6,7,8,9,10,11,12,13,14,15,16,17
13953,1,2,3,4,5,6,7,8,9,10,11,12,13,14,15,16,17
13954,1,2,3,4,5,6,7,8,9,10,11,12,13,14,15,16,17
13955,1,2,3,4,5,6,7,8,9,10,11,12,13,14,15,16,17
13956,1,2,3,4,5,6,7,8,9,10,11,12,13,14,15,16,17
13957,1,2,3,4,5,6,7,8,9,10,11,12,13,14,15,16,17
13958,1,2,3,4,5,6,7,8,9,10,11,12,13,14,15,16,17
13959,1,2,3,4,5,6,7,8,9,10,11,12,13,14,15,16,17
13960,1,2,3,4,5,6,7,8,9,10,11,12,13,14,15,16,17
13961,1,2,3,4,5,6,7,8,9,10,11,12,13,14,15,16,17
13962,1,3,3,4,3,6,7,3,9,4,11,12,6,14,6,16,6
13963,3,2,3,4,3,6,7,8,4,4,11,6,6,14,8,16,8
13964,1,3,3,4,3,6,7,8,9,4,11,4,4,14,6,16,6
13965,1,3,3,4,3,6,7,8,3,10,11,3,13,14,15,3,17
13966,1,2,3,4,5,6,7,8,9,10,11,12,13,14,15,16,17
13967,1,2,3,4,5,6,7,8,9,10,11,12,13,14,15,16,17
13968,1,2,3,4,5,6,7,8,9,10,11,12,13,14,15,16,17
13969,1,2,3,4,5,6,7,8,9,10,11,12,13,14,15,16,17
13970,1,2,3,4,5,6,7,8,9,10,11,12,13,14,15,16,17
13971,1,2,3,4,5,6,7,8,9,10,11,12,13,14,15,16,17
13972,1,2,3,4,5,6,7,8,9,10,11,12,13,14,15,16,17
13973,1,2,3,4,5,6,7,8,9,10,11,12,13,14,15,16,17
13974,1,2,3,4,5,6,7,8,9,10,11,12,13,14,15,16,17
13975,1,2,3,4,5,6,7,8,9,10,11,12,13,14,15,16,17
13976,1,2,3,4,5,6,7,8,9,10,11,12,13,14,15,16,17
13977,1,2,3,4,5,6,7,8,9,10,11,12,13,14,15,16,17
13978,1,2,3,4,5,6,7,8,9,10,11,12,13,14,15,16,17
13979,1,2,2,4,5,6,2,8,9,10,2,12,13,14,15,2,17
13980,1,2,3,4,5,6,7,8,9,10,11,12,13,14,15,16,17
13981,1,2,3,4,5,6,7,8,9,10,11,12,13,14,15,16,17
13982,1,2,3,4,5,6,7,8,9,10,11,12,13,14,15,16,17
13983,1,2,3,4,5,6,7,8,9,10,11,12,13,14,15,16,17
13984,1,2,3,4,5,6,7,8,9,10,11,12,13,14,15,16,17
13985,1,2,3,4,5,6,7,8,9,10,11,12,13,14,15,16,17
13986,1,2,3,4,5,6,7,8,9,10,11,12,13,14,15,16,17
13987,1,2,3,4,5,6,7,8,9,10,11,12,13,14,15,16,17
13988,1,2,3,4,5,6,7,8,9,10,11,12,13,14,15,16,17
13989,1,2,3,4,5,6,7,8,9,10,11,12,13,14,15,16,17
13990,1,2,3,4,5,6,7,8,9,10,11,12,13,14,15,16,17
13991,1,2,3,4,5,6,7,8,9,10,11,12,13,14,15,16,17
13992,1,2,3,4,5,6,7,8,9,10,11,12,13,14,15,16,17
13993,1,2,3,4,5,6,7,8,9,10,11,12,13,14,15,16,17
13994,1,2,3,4,5,6,7,8,9,10,11,12,13,14,15,16,17
13995,1,2,3,4,5,6,7,8,9,10,11,12,13,14,15,16,17
13996,1,2,3,4,5,6,7,8,9,10,11,12,13,14,15,16,17
13997,1,2,3,4,5,6,7,8,9,10,11,12,13,14,15,16,17
13998,1,2,3,4,5,6,7,8,9,10,11,12,13,14,15,16,17
13999,1,2,3,4,5,6,7,8,9,10,11,12,13,14,15,16,17
14000,1,2,3,4,5,6,7,8,9,10,11,12,13,14,15,16,17
14001,1,2,3,4,5,6,7,8,9,10,11,12,13,14,15,16,17
14002,1,2,3,4,5,6,7,8,9,10,11,12,13,14,15,16,17
14003,1,2,3,4,5,6,2,8,9,10,11,12,13,14,15,2,17
14004,1,2,3,4,5,6,7,8,9,10,11,12,13,14,15,16,17
14005,1,2,3,4,5,6,7,8,9,10,11,12,13,14,15,16,17
14006,1,2,3,4,5,6,7,8,9,10,11,12,13,14,15,16,17
14007,1,2,3,4,5,6,7,8,9,10,11,12,13,14,15,16,17
14008,2,2,3,4,5,3,7,8,3,4,11,12,7,8,8,11,17
14009,2,2,3,2,3,6,7,8,9,7,11,12,13,8,11,12,12
14010,1,2,3,4,5,6,7,8,9,10,11,12,13,14,15,16,17
14011,1,2,3,4,5,6,7,8,9,10,11,12,13,14,15,16,17
14012,1,2,3,4,5,6,7,8,9,10,11,12,13,14,15,16,17
14013,1,2,3,4,5,6,7,8,9,10,11,12,13,14,15,16,17
14014,1,2,3,4,5,6,7,8,9,10,11,12,13,14,15,16,17
14015,1,2,3,4,5,6,7,8,9,10,11,12,13,14,15,16,17
14016,1,2,3,4,5,6,7,8,9,10,11,12,13,14,15,16,17
14017,1,2,3,4,5,6,7,8,9,10,11,12,13,14,15,16,17
14018,1,2,3,4,5,6,7,8,9,10,11,12,13,14,15,16,17
14019,1,2,3,4,5,6,7,8,9,10,11,12,13,14,15,16,17
14020,1,2,3,4,5,6,7,8,9,10,11,12,13,14,15,16,17
14021,1,2,3,4,5,6,7,8,9,10,11,12,13,14,15,16,17
14022,1,2,3,4,5,6,7,8,9,10,11,12,13,14,15,16,17
14023,1,2,3,4,5,6,7,8,9,10,11,12,13,14,15,16,17
14024,1,2,3,4,5,6,7,8,9,10,11,12,13,14,15,16,17
14025,1,2,3,4,5,6,7,8,9,10,11,12,13,14,15,16,17
14026,1,2,3,4,5,6,7,8,9,10,11,12,13,14,15,16,17
14027,1,2,3,4,5,6,7,8,9,10,11,12,13,14,15,16,17
14028,1,2,3,4,5,6,7,8,9,10,11,12,13,14,15,16,17
14029,1,2,3,4,5,6,7,8,9,10,11,12,13,14,15,16,17
14030,1,2,3,4,5,6,7,8,9,10,11,12,13,14,15,16,17
14031,1,2,3,4,5,6,7,8,9,10,11,12,13,14,15,16,17
14032,1,2,3,4,5,6,7,8,9,10,11,12,13,14,15,16,17
14033,1,2,3,4,5,6,7,8,9,10,11,12,13,14,15,16,17
14034,1,4,13,4,5,6,7,8,9,10,11,12,13,14,15,16,17
14035,1,2,3,4,5,6,7,8,9,10,11,12,13,14,15,16,17
14036,1,2,3,4,5,6,7,8,9,10,11,12,13,14,15,16,17
14037,1,2,3,4,5,6,7,8,9,10,11,12,13,14,15,16,17
14038,1,2,3,4,5,6,7,8,9,10,11,12,13,14,15,16,17
14039,1,2,3,4,5,6,7,8,9,10,11,12,13,14,15,16,17
14040,1,2,3,4,5,6,7,8,9,10,11,12,13,14,15,16,17
14041,1,2,3,4,5,6,7,8,9,10,11,12,13,14,15,16,17
14042,1,2,3,4,5,6,7,8,9,10,11,12,13,14,15,16,17
14043,1,2,3,4,5,6,7,8,9,10,11,12,13,14,15,16,17
14044,1,2,3,4,5,6,7,8,9,10,11,12,13,14,15,16,17
14045,1,2,3,4,5,6,7,8,9,10,11,12,13,14,15,16,17
14046,1,2,3,4,5,6,7,8,9,10,11,12,13,14,15,16,17
14047,1,2,3,4,5,6,7,8,9,10,11,12,13,14,15,16,17
14048,1,2,3,4,5,6,7,8,9,10,11,12,13,14,15,16,17
14049,1,2,3,4,5,6,7,8,9,10,11,12,13,14,15,16,17
14050,1,2,3,4,5,6,7,8,9,10,11,12,13,14,15,16,17
14051,1,2,3,4,5,6,7,8,9,10,11,12,13,14,15,16,17
14052,1,2,3,4,5,6,7,8,9,10,11,12,13,14,15,16,17
14053,1,2,3,4,5,6,7,8,9,10,11,12,13,14,15,16,17
14054,1,2,3,4,5,6,7,8,9,10,11,12,13,14,15,16,17
14055,1,2,3,4,5,6,7,8,9,10,11,12,13,14,15,16,17
14056,1,2,3,4,5,6,7,8,9,10,11,12,13,14,15,16,17
14057,1,2,3,4,5,6,7,8,9,10,11,12,13,14,15,16,17
14058,1,2,3,4,5,6,7,8,9,10,11,12,13,14,15,16,17
14059,1,2,3,4,5,6,7,8,9,10,11,12,13,14,15,16,17
14060,1,2,3,4,5,6,7,8,9,10,11,12,13,14,15,16,17
14061,1,2,3,4,5,6,7,8,9,10,11,12,13,14,15,16,17
14062,1,2,3,4,5,6,7,8,9,10,11,12,13,14,15,16,17
14063,1,2,3,4,5,6,7,8,9,10,11,12,13,14,15,16,17
14064,1,2,3,4,5,6,7,8,9,10,11,12,13,14,15,16,17
14065,1,2,3,4,5,6,7,8,9,10,11,12,13,14,15,16,17
14066,1,2,3,4,5,6,7,8,9,10,11,12,13,14,15,16,17
14067,1,2,3,4,5,6,7,8,9,10,11,12,13,14,15,16,17
14068,1,2,3,4,5,6,7,8,9,10,11,12,13,14,15,16,17
14069,1,2,3,4,5,6,7,8,9,10,11,12,13,14,15,16,17
14070,1,2,3,4,5,6,7,8,9,10,11,12,13,14,15,16,17
14071,1,2,3,4,5,6,7,8,9,10,11,12,13,14,15,16,17
14072,1,2,3,4,5,6,7,8,9,10,11,12,13,14,15,16,17
14073,1,2,2,4,5,6,7,8,9,10,11,12,13,14,15,16,17
14074,1,2,3,4,2,6,7,8,9,2,11,12,13,2,15,16,17
14075,1,2,3,4,5,6,2,8,9,10,2,12,13,2,15,16,2
14076,2,2,3,3,5,3,7,8,3,10,3,12,8,14,8,16,17
14077,1,2,3,4,5,3,7,8,3,10,3,12,13,3,15,16,8
14078,2,2,3,4,5,6,2,8,2,3,11,3,4,14,6,8,17
14079,1,2,2,4,5,2,7,8,2,10,11,12,13,14,15,2,17
14080,2,2,3,4,2,6,7,8,3,10,3,4,13,6,6,16,8
14081,1,2,3,4,2,6,7,8,3,4,4,6,13,6,7,8,8
14082,1,2,3,4,5,6,7,8,9,2,3,3,4,14,6,6,8
14083,1,2,3,4,5,6,7,8,9,10,11,12,13,14,15,16,17
14084,1,2,3,4,5,6,7,8,9,10,11,12,13,14,15,16,17
14085,1,2,3,4,5,6,7,8,9,10,11,12,13,14,15,16,17
14086,1,2,3,4,5,6,7,8,9,10,11,12,13,14,15,16,17
14087,1,2,3,4,5,6,7,8,9,10,11,12,13,14,15,16,17
14088,1,2,3,4,5,6,7,8,9,10,11,12,13,14,15,16,17
14089,1,2,3,4,5,6,7,8,9,10,11,12,13,14,15,16,17
14090,1,2,3,4,5,6,7,8,9,10,11,12,13,14,15,16,17
14091,1,2,3,4,5,6,7,8,9,10,11,12,13,14,15,16,17
14092,1,2,3,4,5,6,7,8,9,10,11,12,13,14,15,16,17
14093,1,2,3,4,5,6,7,8,9,10,11,12,13,14,15,16,17
14094,1,2,3,4,5,6,7,8,9,10,11,12,13,14,15,16,17
14095,1,2,3,4,5,6,7,8,9,10,11,12,13,14,15,16,17
14096,1,2,3,4,5,6,7,8,9,10,11,12,13,14,15,16,17
14097,1,2,3,4,5,6,7,8,9,10,11,12,13,14,15,16,17
14098,1,2,3,4,5,6,7,8,9,10,11,12,13,14,15,16,17
14099,1,2,3,4,5,6,7,8,9,10,11,12,13,14,15,16,17
14100,1,2,3,4,5,6,7,8,9,10,11,12,13,14,15,16,17
14101,1,2,3,4,5,6,7,8,9,10,11,12,13,14,15,16,17
14102,1,2,3,4,5,6,7,8,9,10,11,12,13,14,15,16,17
14103,1,2,3,4,5,6,7,8,9,10,11,12,13,14,15,16,17
14104,1,2,3,4,5,6,7,8,9,10,11,12,13,14,15,16,17
14105,1,2,3,4,5,6,7,8,9,10,11,12,13,14,15,16,17
14106,1,2,3,4,5,6,7,8,9,10,11,12,13,14,15,16,17
14107,1,2,3,4,5,6,7,8,9,10,11,12,13,14,15,16,17
14108,1,2,3,4,5,6,7,8,9,10,11,12,13,14,15,16,17
14109,1,2,3,4,5,6,7,8,9,10,11,12,13,14,15,16,17
14110,1,2,3,4,5,6,7,8,9,10,11,12,13,14,15,16,17
14111,1,2,3,4,5,6,7,8,9,10,11,12,13,14,15,16,17
14112,1,2,3,4,5,6,7,8,9,10,11,12,13,14,15,16,17
14113,1,2,3,4,5,6,7,8,9,10,11,12,13,14,15,16,17
14114,1,2,3,4,5,6,7,8,9,10,11,12,13,14,15,16,17
14115,1,2,3,4,5,6,7,8,9,10,11,12,13,14,15,16,17
14116,1,2,3,4,5,6,7,8,9,10,11,12,13,14,15,16,17
14117,1,2,3,4,5,6,7,8,9,10,11,12,13,14,15,16,17
14118,1,2,3,4,5,6,7,8,9,10,11,12,13,14,15,16,17
14119,1,2,3,4,5,6,7,8,9,10,11,12,13,14,15,16,17
14120,1,2,3,4,5,6,7,8,9,10,11,12,13,14,15,16,17
14121,1,2,3,4,5,6,7,8,9,10,11,12,13,14,15,16,17
14122,1,2,3,4,5,6,7,8,9,10,11,12,13,14,15,16,17
14123,1,2,3,4,5,6,7,8,9,10,11,12,13,14,15,16,17
14124,1,2,3,4,5,6,7,8,9,10,11,12,13,14,15,16,17
14125,1,2,3,4,5,6,7,8,9,10,11,12,13,14,15,16,17
14126,1,2,3,4,5,6,7,8,9,10,11,12,13,14,15,16,17
14127,1,2,3,4,5,6,7,8,9,10,11,12,13,14,15,16,17
14128,1,2,3,4,5,6,7,8,9,10,11,12,13,14,15,16,17
14129,1,2,3,4,5,6,7,8,9,10,11,12,13,14,15,16,17
14130,1,2,3,4,5,6,7,8,9,10,11,12,13,14,15,16,17
14131,1,2,3,4,5,6,7,8,9,10,11,12,13,14,15,16,17
14132,1,2,3,4,5,6,7,8,9,10,11,12,13,14,15,16,17
14133,1,2,3,4,5,6,7,8,9,10,11,12,13,14,15,16,17
14134,1,2,3,4,5,6,7,8,9,10,11,12,13,14,15,16,17
14135,1,2,3,4,5,6,7,8,9,10,11,12,13,14,15,16,17
14136,1,2,3,4,5,6,7,8,9,10,11,12,13,14,15,16,17
14137,1,2,3,4,5,6,7,8,9,10,11,12,13,14,15,16,17
14138,1,2,3,4,5,6,7,8,9,10,11,12,13,14,15,16,17
14139,1,2,3,4,5,6,7,8,9,10,11,12,13,14,15,16,17
14140,1,2,3,4,5,6,7,8,9,10,11,12,13,14,15,16,17
14141,1,2,3,4,5,6,7,8,9,10,11,12,13,14,15,16,17
14142,1,2,3,4,5,6,7,8,9,10,11,12,13,14,15,16,17
14143,1,2,3,4,5,6,7,8,9,10,11,12,13,14,15,16,17
14144,1,2,3,4,5,6,7,8,9,10,11,12,13,14,15,16,17
14145,1,2,3,4,5,6,7,8,9,10,11,12,13,14,15,16,17
14146,1,2,3,4,5,6,7,8,9,10,11,12,13,14,15,16,17
14147,1,2,8,4,5,8,7,8,9,8,11,12,13,8,15,16,8
14148,1,2,3,4,5,6,7,8,9,10,11,12,13,14,15,16,17
14149,2,2,3,3,5,3,7,8,7,8,11,12,8,11,15,11,12
14150,2,2,3,4,3,3,7,8,7,10,11,12,7,14,8,11,12
14151,3,2,3,4,5,7,7,8,9,10,11,12,13,14,15,11,14
14152,3,8,3,4,5,6,7,8,9,10,11,12,13,14,15,16,12
14153,1,2,3,4,5,6,7,8,9,10,11,12,13,14,15,16,17
14154,1,2,3,4,5,6,7,8,9,10,11,12,13,14,15,16,17
14155,1,2,3,4,5,6,7,8,9,10,11,12,13,14,15,16,17
14156,1,2,3,4,5,6,7,8,9,10,11,12,13,14,15,16,17
14157,1,2,3,4,5,6,7,8,9,10,11,12,13,14,15,16,17
14158,1,2,3,4,5,6,7,8,9,10,11,12,13,14,15,16,17
14159,1,2,3,4,5,6,7,8,9,10,11,12,13,14,15,16,17
14160,1,2,3,4,5,6,7,8,9,10,11,12,13,14,15,16,17
14161,1,2,3,4,5,6,7,8,9,10,11,12,13,14,15,16,17
14162,1,2,3,4,5,6,7,8,9,10,11,12,13,14,15,16,17
14163,1,2,3,4,5,6,7,8,9,10,11,12,13,14,15,16,17
14164,1,2,3,4,5,6,7,8,9,10,11,12,13,14,15,16,17
14165,1,2,3,4,5,6,7,8,9,10,11,12,13,14,15,16,17
14166,1,2,3,4,5,6,7,8,9,10,11,12,13,14,15,16,17
14167,1,2,3,4,5,6,7,8,9,10,11,12,13,14,15,16,17
14168,1,2,3,4,5,6,7,8,9,10,11,12,13,14,15,16,17
14169,1,2,3,4,5,6,7,8,9,10,11,12,13,14,15,16,17
14170,1,2,3,4,5,6,7,8,9,10,11,12,13,14,15,16,17
14171,1,2,3,4,5,6,7,8,9,10,11,12,13,14,15,16,17
14172,1,2,3,4,5,6,7,8,9,10,11,12,13,14,15,16,17
14173,1,2,3,4,5,6,7,8,9,10,11,12,13,14,15,16,17
14174,1,2,3,4,5,6,7,8,9,10,11,12,13,14,15,16,17
14175,1,2,3,4,5,6,7,8,9,10,11,12,13,14,15,16,17
14176,1,2,3,4,5,6,7,8,9,10,11,12,13,14,15,16,17
14177,1,2,3,4,5,6,7,8,9,10,11,12,13,14,15,16,17
14178,1,2,3,4,5,6,7,8,9,10,11,12,13,14,15,16,17
14179,1,2,3,4,5,6,7,8,9,10,11,12,13,14,15,16,17
14180,1,2,3,4,5,6,7,8,9,10,11,12,13,14,15,16,17
14181,1,2,3,4,5,6,7,8,9,10,11,12,13,14,15,16,17
14182,1,2,3,4,5,6,7,8,9,10,11,12,13,14,15,16,17
14183,1,2,3,4,5,6,7,8,9,10,11,12,13,14,15,16,17
14184,1,2,3,4,5,6,7,8,9,10,11,12,13,14,15,16,17
14185,1,2,3,4,5,6,7,8,9,10,11,12,13,14,15,16,17
14186,1,2,3,4,5,6,7,8,9,10,11,12,13,14,15,16,17
14187,1,2,3,4,5,6,7,8,9,10,11,12,13,14,15,16,17
14188,1,2,3,4,5,6,7,8,9,10,11,12,13,14,15,16,17
14189,1,2,3,4,5,6,7,8,9,10,11,12,13,14,15,16,17
14190,1,2,3,4,5,6,7,8,9,10,11,12,13,14,15,16,17
14191,1,2,3,4,5,6,7,8,9,10,11,12,13,14,15,16,17
14192,1,2,3,4,5,6,7,8,9,10,11,12,13,14,15,16,17
14193,1,2,3,4,5,6,7,8,9,10,11,12,13,14,15,16,17
14194,1,2,3,4,5,6,7,8,9,10,11,12,13,14,15,16,17
14195,1,2,3,4,5,6,7,8,9,10,11,12,13,14,15,16,17
14196,1,2,3,4,5,6,7,8,9,10,11,12,13,14,15,16,17
14197,1,2,3,4,5,6,7,8,9,10,11,12,13,14,15,16,17
14198,1,2,3,4,5,6,7,8,9,10,11,12,13,14,15,16,17
14199,1,2,3,4,5,6,7,8,9,10,11,12,13,14,15,16,17
14200,1,2,3,4,5,6,7,8,9,10,11,12,13,14,15,16,17
14201,1,2,3,4,5,6,7,8,9,10,11,12,13,14,15,16,17
14202,1,2,3,4,5,6,7,8,9,10,11,12,13,14,15,16,17
14203,1,2,3,4,5,6,7,8,9,10,11,12,13,14,15,16,17
14204,1,2,3,4,5,6,7,8,9,10,11,12,13,14,15,16,17
14205,1,2,3,4,5,6,7,8,9,10,11,12,13,14,15,16,17
14206,1,2,3,4,5,6,7,8,9,10,11,12,13,14,15,16,17
14207,1,2,3,4,5,6,7,8,9,10,11,12,13,14,15,16,17
14208,1,2,3,4,5,6,7,8,9,10,11,12,13,14,15,16,17
14209,1,2,3,4,5,6,7,8,9,10,11,12,13,14,15,16,17
14210,1,2,3,4,5,6,7,8,9,10,11,12,13,14,15,16,17
14211,1,2,3,4,5,6,7,8,9,10,11,12,13,14,15,16,17
14212,1,2,3,4,5,6,7,8,9,10,11,12,13,14,15,16,17
14213,1,2,3,4,5,6,7,8,9,10,11,12,13,14,15,16,17
14214,1,2,3,4,5,6,7,8,9,10,11,12,13,14,15,16,17
14215,1,2,3,4,5,6,7,8,9,10,11,12,13,14,15,16,17
14216,1,2,3,4,5,6,7,8,9,10,11,12,13,14,15,16,17
14217,1,2,3,4,5,6,7,8,9,10,11,12,13,14,15,16,17
14218,1,2,3,4,5,6,7,8,9,10,11,12,13,14,15,16,17
14219,1,2,3,4,5,6,7,8,9,10,11,12,13,14,15,16,17
14220,1,2,3,4,5,6,7,8,9,10,11,12,13,14,15,16,17
14221,2,2,3,4,5,2,7,8,9,3,11,12,13,3,15,16,17
14222,1,2,2,4,5,6,7,8,9,10,11,12,13,14,15,16,2
14223,2,2,3,4,2,6,7,8,2,10,11,2,13,14,2,16,17
14224,1,2,3,4,5,6,7,8,2,10,2,4,13,4,15,6,6
14225,1,2,3,2,5,6,7,2,9,10,11,2,13,14,15,2,17
14226,1,2,3,4,5,6,7,8,9,10,11,12,13,14,15,16,17
14227,1,2,3,4,5,6,7,8,9,10,11,12,13,14,15,16,17
14228,1,2,3,4,5,6,7,8,9,10,11,12,13,14,15,16,17
14229,1,2,3,4,5,6,7,8,9,10,11,12,13,14,15,16,17
14230,1,2,3,4,5,6,7,8,9,10,11,12,13,14,15,16,17
14231,1,2,3,4,5,6,7,8,9,10,11,12,13,14,15,16,17
14232,1,2,3,4,5,6,7,8,9,10,11,12,13,14,15,16,17
14233,1,2,3,4,5,6,7,8,9,10,11,12,13,14,15,16,17
14234,1,2,3,4,5,6,7,8,9,10,11,12,13,14,15,16,17
14235,1,2,3,4,5,6,7,8,9,10,11,12,13,14,15,16,17
14236,1,2,3,4,5,6,7,8,9,10,11,12,13,14,15,16,17
14237,1,2,3,4,5,6,7,8,9,10,11,12,13,14,15,16,17
14238,1,2,3,4,5,6,7,8,9,10,11,12,13,14,15,16,17
14239,1,2,3,4,5,6,7,8,9,10,11,12,13,14,15,16,17
14240,1,2,3,4,5,6,7,8,9,10,11,12,13,14,15,16,17
14241,1,2,3,4,5,6,7,8,9,10,11,12,13,14,15,16,17
14242,1,2,3,4,5,6,7,8,9,10,11,12,13,14,15,16,17
14243,1,2,3,4,5,6,7,8,9,10,11,12,13,14,15,16,17
14244,1,2,3,4,5,6,7,8,9,10,11,12,13,14,15,16,17
14245,1,2,3,4,5,6,7,8,9,10,11,12,13,14,15,16,17
14246,1,2,3,4,5,6,7,8,9,10,11,12,13,14,15,16,17
14247,1,2,3,4,5,6,7,8,9,10,11,12,13,14,15,16,17
14248,1,2,3,4,5,6,7,8,9,10,11,12,13,14,15,16,17
14249,1,2,3,4,5,6,7,8,9,10,11,12,13,14,15,16,17
14250,1,2,3,4,5,6,7,8,9,10,11,12,13,14,15,16,17
14251,1,2,3,4,5,6,7,8,9,10,11,12,13,14,15,16,17
14252,1,2,3,4,5,6,7,8,9,10,11,12,13,14,15,16,17
14253,1,2,3,4,5,6,7,8,9,10,11,12,13,14,15,16,17
14254,1,2,3,4,5,6,7,8,9,10,11,12,13,14,15,16,17
14255,1,2,3,4,5,6,7,8,9,10,11,12,13,14,15,16,17
14256,1,2,3,4,5,6,7,8,9,10,11,12,13,14,15,16,17
14257,1,2,3,4,5,6,7,8,9,10,11,12,13,14,15,16,17
14258,1,2,3,4,5,6,7,8,9,10,11,12,13,14,15,16,17
14259,1,2,3,4,5,6,7,8,9,10,11,12,13,14,15,16,17
14260,1,2,3,4,5,6,7,8,9,10,11,12,13,14,15,16,17
14261,1,2,3,4,5,6,7,8,9,10,11,12,13,14,15,16,17
14262,1,2,3,4,5,6,7,8,9,10,11,12,13,14,15,16,17
14263,1,2,3,4,5,6,7,8,9,10,11,12,13,14,15,16,17
14264,1,2,3,4,5,6,7,8,9,10,11,12,13,14,15,16,17
14265,1,2,3,4,5,6,7,8,9,10,11,12,13,14,15,16,17
14266,1,2,3,4,5,6,7,8,9,10,11,12,13,14,15,16,17
14267,1,2,3,4,5,6,7,8,9,10,11,12,13,14,15,16,17
14268,1,2,3,4,5,6,7,8,9,10,11,12,13,14,15,16,17
14269,1,2,3,4,5,6,7,8,9,10,11,12,13,14,15,16,17
14270,1,2,3,4,5,6,7,8,9,10,11,12,13,14,15,16,17
14271,1,2,3,4,5,6,7,8,9,10,11,12,13,14,15,16,17
14272,1,2,3,4,5,6,7,8,9,10,11,12,13,14,15,16,17
14273,1,2,3,4,5,6,7,8,9,10,11,12,13,14,15,16,17
14274,1,2,3,4,5,6,7,8,9,10,11,12,13,14,15,16,17
14275,1,2,3,4,5,6,7,8,9,10,11,12,13,14,15,16,17
14276,1,2,3,4,5,6,7,8,9,10,11,12,13,14,15,16,17
14277,1,2,3,4,5,6,7,8,9,10,11,12,13,14,15,16,17
14278,1,2,3,4,5,6,7,8,9,10,11,12,13,14,15,16,17
14279,1,2,3,4,5,6,7,8,9,10,11,12,13,14,15,16,17
14280,1,2,3,4,5,6,7,8,9,10,11,12,13,14,15,16,17
14281,1,2,3,4,5,6,7,8,9,10,11,12,13,14,15,16,17
14282,1,2,3,4,5,6,7,8,9,10,11,12,13,14,15,16,17
14283,1,2,3,4,5,6,7,8,9,10,11,12,13,14,15,16,17
14284,1,2,3,4,5,6,7,8,9,10,11,12,13,14,15,16,17
14285,1,2,3,4,5,6,7,8,9,10,11,12,13,14,15,16,17
14286,1,2,3,4,2,6,7,8,9,10,8,12,8,14,15,8,17
14287,1,2,3,4,5,6,7,8,9,10,11,12,13,14,15,16,17
14288,1,2,3,4,5,6,7,8,9,10,11,12,13,14,15,16,17
14289,1,2,3,4,5,6,7,8,9,10,11,12,13,14,15,16,17
14290,1,2,3,4,2,3,7,8,7,7,11,12,8,8,11,11,12
14291,2,2,3,4,8,9,7,8,9,10,11,12,13,11,15,12,15
14292,2,2,3,4,6,6,7,8,9,10,11,12,13,14,15,10,13
14293,7,2,3,11,5,6,7,8,9,10,11,12,13,14,15,16,16
14294,1,2,3,2,5,6,7,8,9,10,11,12,13,14,15,11,17
14295,6,2,3,4,5,6,7,8,9,10,11,12,13,14,15,16,14
14296,1,2,3,4,5,6,7,8,9,10,11,12,13,14,15,16,17
14297,1,2,3,4,5,6,7,8,9,10,11,12,13,14,15,16,17
14298,1,2,3,4,5,6,7,8,9,10,11,12,13,14,15,16,17
14299,1,2,3,4,5,6,7,8,9,10,11,12,13,14,15,16,17
14300,1,2,3,4,5,6,7,8,9,10,11,12,13,14,15,16,17
14301,1,2,3,4,5,6,7,8,9,10,11,12,13,14,15,16,17
14302,1,2,3,4,5,6,7,8,9,10,11,12,13,14,15,16,17
14303,1,2,3,4,5,6,7,8,9,10,11,12,13,14,15,16,17
14304,1,2,3,4,5,6,7,8,9,10,11,12,13,14,15,16,17
14305,1,2,3,4,5,6,7,8,9,10,11,12,13,14,15,16,17
14306,1,2,3,4,5,6,7,8,9,10,11,12,13,14,15,16,17
14307,1,2,3,4,5,6,7,8,9,10,11,12,13,14,15,16,17
14308,1,2,3,4,5,6,7,8,9,10,11,12,13,14,15,16,17
14309,1,2,3,4,5,6,7,8,9,10,11,12,13,14,15,16,17
14310,1,2,3,4,5,6,7,8,9,10,11,12,13,14,15,16,17
14311,1,2,3,4,5,6,7,8,9,10,11,12,13,14,15,16,17
14312,1,2,3,4,5,6,7,8,9,10,11,12,13,14,15,16,17
14313,1,2,3,4,5,6,7,8,9,10,11,12,13,14,15,16,17
14314,1,2,3,4,5,6,7,8,9,10,11,12,13,14,15,16,17
14315,1,2,3,4,5,6,7,8,9,10,11,12,13,14,15,16,17
14316,1,2,3,4,5,6,7,8,9,10,11,12,13,14,15,16,17
14317,1,2,3,4,5,6,7,8,9,10,11,12,13,14,15,16,17
14318,1,2,3,4,5,6,7,8,9,10,11,12,13,14,15,16,17
14319,1,2,3,4,5,6,7,8,9,10,11,12,13,14,15,16,17
14320,1,2,3,4,5,6,7,8,9,10,11,12,13,14,15,16,17
14321,1,2,3,4,5,6,7,8,9,10,11,12,13,14,15,16,17
14322,1,2,3,4,5,6,7,8,9,10,11,12,13,14,15,16,17
14323,1,2,3,4,5,6,7,8,9,10,11,12,13,14,15,16,17
14324,1,2,3,4,5,6,7,8,9,10,11,12,13,14,15,16,17
14325,1,2,3,4,5,6,7,8,9,10,11,12,13,14,15,16,17
14326,1,2,3,4,5,6,7,8,9,10,11,12,13,14,15,16,17
14327,1,2,3,4,5,6,7,8,9,10,11,12,13,14,15,16,17
14328,1,2,3,4,5,6,7,8,9,10,11,12,13,14,15,16,17
14329,1,2,3,4,5,6,7,8,9,10,11,12,13,14,15,16,17
14330,1,2,3,4,5,6,7,8,9,10,11,12,13,14,15,16,17
14331,1,2,3,4,5,6,7,8,9,10,11,12,13,14,15,16,17
14332,1,2,3,4,5,6,7,8,9,10,11,12,13,14,15,16,17
14333,1,2,3,4,5,6,7,8,9,10,11,12,13,14,15,16,17
14334,1,2,3,4,5,6,7,8,9,10,11,12,13,14,15,16,17
14335,1,2,3,4,5,6,7,8,9,10,11,12,13,14,15,16,17
14336,1,2,3,4,5,6,7,8,9,10,11,12,13,14,15,16,17
14337,1,2,3,4,5,6,7,8,9,10,11,12,13,14,15,16,17
14338,1,2,3,4,5,6,7,8,9,10,11,12,13,14,15,16,17
14339,1,2,3,4,5,6,7,8,9,10,11,12,13,14,15,16,17
14340,1,2,3,4,5,6,7,8,9,10,11,12,13,14,15,16,17
14341,1,2,3,4,5,6,7,8,9,10,11,12,13,14,15,16,17
14342,1,2,3,4,5,6,7,8,9,10,11,12,13,14,15,16,17
14343,1,2,3,4,5,6,7,8,9,10,11,12,13,14,15,16,17
14344,1,2,3,4,5,6,7,8,9,10,11,12,13,14,15,16,17
14345,1,2,3,4,5,6,7,8,9,10,11,12,13,14,15,16,17
14346,1,2,3,4,5,6,7,8,9,10,11,12,13,14,15,16,17
14347,1,2,3,4,5,6,7,8,9,10,11,12,13,14,15,16,17
14348,1,2,3,4,5,6,7,8,9,10,11,12,13,14,15,16,17
14349,1,2,3,4,5,6,7,8,9,10,11,12,13,14,15,16,17
14350,1,2,3,4,5,6,7,8,9,10,11,12,13,14,15,16,17
14351,1,2,3,4,5,6,7,8,9,10,11,12,13,14,15,16,17
14352,1,2,3,4,5,6,7,8,9,10,11,12,13,14,15,16,17
14353,1,2,3,4,5,6,7,8,9,10,11,12,13,14,15,16,17
14354,1,2,3,4,5,6,7,8,9,10,11,12,13,14,15,16,17
14355,1,2,3,4,5,6,7,8,9,10,11,12,13,14,15,16,17
14356,1,2,3,4,5,6,7,8,9,10,11,12,13,14,15,16,17
14357,1,2,3,4,5,6,7,8,9,10,11,12,13,14,15,16,17
14358,1,2,3,4,5,6,7,8,9,10,11,12,13,14,15,16,17
14359,1,2,3,4,5,6,7,8,9,10,11,12,13,14,15,16,17
14360,1,2,3,4,5,6,7,8,9,10,11,12,13,14,15,16,17
14361,1,2,3,4,5,6,7,8,9,10,11,12,13,14,15,16,17
14362,1,2,3,4,5,6,7,8,9,10,11,12,13,14,15,16,17
14363,1,2,3,4,5,6,7,8,9,10,11,12,13,14,15,16,17
14364,1,2,3,4,5,6,7,8,9,10,11,12,13,14,15,16,17
14365,1,2,3,4,5,6,7,8,9,10,11,12,13,14,15,16,17
14366,1,2,3,4,5,6,7,8,9,10,11,12,13,14,15,16,17
14367,1,2,3,4,5,6,7,8,9,10,11,12,13,14,15,16,17
14368,1,2,3,4,5,6,7,8,9,10,11,12,13,14,15,16,17
14369,1,2,3,4,5,6,7,8,9,10,11,12,13,14,15,16,17
14370,1,2,3,4,5,6,7,8,9,10,11,12,13,14,15,16,17
14371,1,2,3,4,5,6,7,8,9,10,11,12,13,14,15,16,17
14372,1,2,3,4,5,6,7,8,9,10,11,12,13,14,15,16,17
14373,1,2,3,4,5,6,7,8,9,10,11,12,13,14,15,16,17
14374,1,2,3,4,5,6,7,8,9,10,11,12,13,14,15,16,17
14375,1,2,3,4,5,6,7,8,9,10,11,12,13,14,15,16,17
14376,1,2,3,4,5,6,7,8,9,10,11,12,13,14,15,16,17
14377,1,2,3,4,5,6,7,8,9,10,11,12,13,14,15,16,17
14378,1,2,3,4,5,6,7,8,9,10,11,12,13,14,15,16,17
14379,1,2,3,4,5,6,7,8,9,10,11,12,13,14,15,16,17
14380,1,2,3,4,5,6,7,8,9,10,11,12,13,14,15,16,17
14381,1,2,3,4,5,6,7,8,9,10,11,12,13,14,15,16,17
14382,1,2,3,4,5,6,7,8,9,10,11,12,13,14,15,16,17
14383,1,2,3,4,5,6,7,8,9,10,11,12,13,14,15,16,17
14384,1,2,3,4,5,6,7,8,9,10,11,12,13,14,15,16,17
14385,1,2,3,4,5,6,7,8,9,10,11,12,13,14,15,16,17
14386,1,2,3,4,5,6,7,8,9,10,11,12,13,14,15,16,17
14387,1,2,3,4,5,6,7,8,9,10,11,12,13,14,15,16,17
14388,1,2,3,4,5,6,7,8,9,10,11,12,13,14,15,16,17
14389,1,2,3,4,5,6,7,8,9,10,11,12,13,14,15,16,17
14390,1,2,3,4,5,6,7,8,9,10,11,12,13,14,15,16,17
14391,1,2,3,4,5,6,7,8,9,10,11,12,13,14,15,16,17
14392,1,2,3,4,5,6,7,8,9,10,11,12,13,14,15,16,17
14393,1,2,3,4,5,6,7,8,9,10,11,12,13,14,15,16,17
14394,1,2,3,4,5,6,7,8,9,10,11,12,13,14,15,16,17
14395,1,2,3,4,5,6,7,8,9,10,11,12,13,14,15,16,17
14396,1,2,3,4,5,6,7,8,9,10,11,12,13,14,15,16,17
14397,1,2,3,4,5,6,7,8,9,10,11,12,13,14,15,16,17
14398,1,2,3,4,5,6,7,8,9,10,11,12,13,14,15,16,17
14399,1,2,3,4,5,6,7,8,9,10,11,12,13,14,15,16,17
14400,1,2,3,4,5,6,7,8,9,10,11,12,13,14,15,16,17
14401,1,2,3,4,5,6,7,8,9,10,11,12,13,14,15,16,17
14402,1,2,3,4,5,6,7,8,9,10,11,12,13,14,15,16,17
14403,1,2,3,4,5,6,7,8,9,10,11,12,13,14,15,16,17
14404,1,2,3,4,5,6,7,8,9,10,11,12,13,14,15,16,17
14405,1,2,3,4,5,6,7,8,9,10,11,12,13,14,15,16,17
14406,1,2,3,4,5,6,7,8,9,10,11,12,13,14,15,16,17
14407,1,2,3,4,5,6,7,8,9,10,11,12,13,14,15,16,17
14408,1,2,3,4,5,6,7,8,9,10,11,12,13,14,15,16,17
14409,1,2,3,4,5,6,7,8,9,10,11,12,13,14,15,16,17
14410,1,2,3,4,5,6,7,8,9,10,11,12,13,14,15,16,17
14411,1,2,3,4,5,6,7,8,9,10,11,12,13,14,15,16,17
14412,1,2,3,4,5,6,7,8,9,10,11,12,13,14,15,16,17
14413,1,2,3,4,5,6,7,8,9,10,11,12,13,14,15,16,17
14414,1,2,3,4,5,6,7,8,9,10,11,12,13,14,15,16,17
14415,1,2,3,4,5,6,7,8,9,10,11,12,13,14,15,16,17
14416,1,2,3,4,5,6,7,8,9,10,11,12,13,14,15,16,17
14417,1,2,3,4,5,6,7,8,9,10,11,12,13,14,15,16,17
14418,1,2,3,4,5,6,7,8,9,10,11,12,13,14,15,16,17
14419,1,2,3,4,5,6,7,8,9,10,11,12,13,14,15,16,17
14420,1,2,3,4,5,6,7,8,9,10,11,12,13,14,15,16,17
14421,1,2,3,4,5,6,7,8,9,10,11,12,13,14,15,16,17
14422,1,2,3,4,5,6,7,8,9,10,11,12,13,14,15,16,17
14423,1,2,3,4,5,6,7,8,9,10,11,12,13,14,15,16,17
14424,1,2,3,4,5,6,7,8,9,10,11,12,13,14,15,16,17
14425,1,2,3,4,5,6,7,8,9,10,11,12,13,14,15,16,17
14426,1,2,3,4,5,6,7,8,9,10,11,12,13,14,15,16,17
14427,1,2,3,4,5,6,7,8,9,10,11,12,13,14,15,16,17
14428,1,2,3,4,5,6,7,8,9,10,11,12,13,14,15,16,17
14429,1,2,3,4,5,6,7,8,9,10,11,12,13,14,15,16,17
14430,1,2,3,4,5,6,7,8,9,10,11,12,13,14,15,16,17
14431,1,2,3,4,5,6,7,8,9,10,11,12,13,14,15,16,17
14432,1,2,3,4,5,6,7,8,9,10,11,12,13,14,15,16,17
14433,3,2,3,4,6,6,7,8,9,8,11,12,13,14,11,13,14
14434,2,2,3,6,8,6,7,8,9,10,11,12,9,14,15,11,14
14435,2,2,3,5,5,8,7,8,9,10,11,12,13,14,15,11,13
14436,10,2,3,4,5,6,7,8,9,10,11,12,13,14,15,16,16
14437,8,2,3,11,5,6,7,8,9,10,11,12,13,14,15,16,15
14438,9,2,3,4,5,6,7,8,9,10,11,12,13,14,15,16,14
14439,3,7,3,11,5,6,7,8,9,10,11,12,13,14,15,16,15
14440,1,2,3,4,5,6,7,8,9,10,11,12,13,14,15,16,17
14441,1,2,3,4,5,6,7,8,9,10,11,12,13,14,15,16,17
14442,1,2,3,4,5,6,7,8,9,10,11,12,13,14,15,16,17
